date,nikkei,dow,usdjpy
1970-01-01,,,
1970-01-02,,809.2,
1970-01-03,,809.2,
1970-01-04,,809.2,
1970-01-05,2402.85,811.31,
1970-01-06,2406.22,803.66,
1970-01-07,2394.96,801.81,
1970-01-08,2283.68,802.07,
1970-01-09,2283.68,798.11,
1970-01-10,2283.68,798.11,
1970-01-11,2283.68,798.11,
1970-01-12,2324.24,790.52,
1970-01-13,2297.69,788.01,
1970-01-14,2288.14,787.16,
1970-01-15,2288.14,785.04,
1970-01-16,2286.45,782.6,
1970-01-17,2286.45,782.6,
1970-01-18,2286.45,782.6,
1970-01-19,2309.38,776.07,
1970-01-20,2309.94,777.85,
1970-01-21,2325.36,782.27,
1970-01-22,2322.58,786.1,
1970-01-23,2312,775.54,
1970-01-24,2312,775.54,
1970-01-25,2312,775.54,
1970-01-26,2316.71,768.88,
1970-01-27,2316.71,763.99,
1970-01-28,2324.77,758.84,
1970-01-29,2328.6,748.35,
1970-01-30,2296.43,744.06,
1970-01-31,2296.43,744.06,
1970-02-01,2296.43,744.06,
1970-02-02,2310.45,746.44,
1970-02-03,2296.68,757.46,
1970-02-04,2313.31,754.49,
1970-02-05,2306.78,750.26,
1970-02-06,2302.93,752.77,
1970-02-07,2302.93,752.77,
1970-02-08,2302.93,752.77,
1970-02-09,2306.4,755.68,
1970-02-10,2306.25,746.63,
1970-02-11,2306.25,757.33,
1970-02-12,2306.25,755.61,
1970-02-13,2298.65,753.3,
1970-02-14,2298.65,753.3,
1970-02-15,2298.65,753.3,
1970-02-16,2293.93,753.7,
1970-02-17,2294.71,747.43,
1970-02-18,2313.23,756.8,
1970-02-19,2324.4,757.92,
1970-02-20,2322.98,757.46,
1970-02-21,2322.98,757.46,
1970-02-22,2322.98,757.46,
1970-02-23,2361.47,757.46,
1970-02-24,2375.46,754.42,
1970-02-25,2383.18,768.28,
1970-02-26,2385.07,764.45,
1970-02-27,2385.07,777.59,
1970-02-28,2385.07,777.59,
1970-03-01,2385.07,777.59,
1970-03-02,2399.76,780.23,
1970-03-03,2396.64,787.42,
1970-03-04,2422.73,788.15,
1970-03-05,2423.37,787.55,
1970-03-06,2452.26,784.12,
1970-03-07,2452.26,784.12,
1970-03-08,2452.26,784.12,
1970-03-09,2455.17,778.31,
1970-03-10,2470.22,779.7,
1970-03-11,2458.13,778.12,
1970-03-12,2433.12,776.47,
1970-03-13,2446.36,772.11,
1970-03-14,2446.36,772.11,
1970-03-15,2446.36,772.11,
1970-03-16,2446.36,765.05,
1970-03-17,2468.84,767.42,
1970-03-18,2484.62,767.95,
1970-03-19,2490.47,764.98,
1970-03-20,2491.18,763.66,
1970-03-21,2491.18,763.66,
1970-03-22,2491.18,763.66,
1970-03-23,2495.18,763.6,
1970-03-24,2484.15,773.76,
1970-03-25,2481.01,790.13,
1970-03-26,2504.84,791.05,
1970-03-27,2485.36,791.05,
1970-03-28,2485.36,791.05,
1970-03-29,2485.36,791.05,
1970-03-30,2510.24,784.65,
1970-03-31,2510.24,785.57,
1970-04-01,2521.42,792.04,
1970-04-02,2522.84,792.37,
1970-04-03,2500.09,791.84,
1970-04-04,2500.09,791.84,
1970-04-05,2500.09,791.84,
1970-04-06,2534.45,791.18,
1970-04-07,2524.13,791.64,
1970-04-08,2529.65,791.64,
1970-04-09,2515.05,792.5,
1970-04-10,2513.94,790.46,
1970-04-11,2513.94,790.46,
1970-04-12,2513.94,790.46,
1970-04-13,2508.16,785.9,
1970-04-14,2502.03,780.56,
1970-04-15,2502.03,782.6,
1970-04-16,2502.65,775.87,
1970-04-17,2471.21,775.94,
1970-04-18,2471.21,775.94,
1970-04-19,2471.21,775.94,
1970-04-20,2470.67,775.87,
1970-04-21,2469.64,772.51,
1970-04-22,2436.4,762.61,
1970-04-23,2415.67,750.59,
1970-04-24,2422.86,747.29,
1970-04-25,2422.86,747.29,
1970-04-26,2422.86,747.29,
1970-04-27,2386.06,735.15,
1970-04-28,2315.43,724.33,
1970-04-29,2315.43,737.39,
1970-04-30,2114.32,736.07,
1970-05-01,2114.32,733.63,
1970-05-02,2114.32,733.63,
1970-05-03,2114.32,733.63,
1970-05-04,2114.32,714.56,
1970-05-05,2114.32,709.74,
1970-05-06,2191.39,718.39,
1970-05-07,2209.61,723.07,
1970-05-08,2190.54,717.73,
1970-05-09,2190.54,717.73,
1970-05-10,2190.54,717.73,
1970-05-11,2139.07,710.07,
1970-05-12,2149.43,704.59,
1970-05-13,2096.75,693.84,
1970-05-14,2048.72,684.79,
1970-05-15,2018.71,702.22,
1970-05-16,2018.71,702.22,
1970-05-17,2018.71,702.22,
1970-05-18,2047.9,702.81,
1970-05-19,2047.9,691.4,
1970-05-20,1983.78,676.55,
1970-05-21,1982.33,665.25,
1970-05-22,1989.34,662.17,
1970-05-23,1989.34,662.17,
1970-05-24,1989.34,662.17,
1970-05-25,1933.33,641.36,
1970-05-26,1946.48,631.16,
1970-05-27,1929.64,663.2,
1970-05-28,2009.1,684.15,
1970-05-29,2026.1,700.44,
1970-05-30,2026.1,700.44,
1970-05-31,2026.1,700.44,
1970-06-01,2082.37,710.36,
1970-06-02,2082.37,709.61,
1970-06-03,2109.23,713.86,
1970-06-04,2133.85,706.53,
1970-06-05,2123.82,695.03,
1970-06-06,2123.82,695.03,
1970-06-07,2123.82,695.03,
1970-06-08,2109.58,700.23,
1970-06-09,2091.83,700.16,
1970-06-10,2109.47,694.35,
1970-06-11,2029.41,684.42,
1970-06-12,2048.94,684.21,
1970-06-13,2048.94,684.21,
1970-06-14,2048.94,684.21,
1970-06-15,2072.8,687.36,
1970-06-16,2054.37,706.26,
1970-06-17,2054.37,704.68,
1970-06-18,2082.02,712.69,
1970-06-19,2113.22,720.43,
1970-06-20,2113.22,720.43,
1970-06-21,2113.22,720.43,
1970-06-22,2149.28,716.11,
1970-06-23,2131.89,698.11,
1970-06-24,2140.47,692.29,
1970-06-25,2143.45,693.59,
1970-06-26,2135.88,687.84,
1970-06-27,2135.88,687.84,
1970-06-28,2135.88,687.84,
1970-06-29,2131.81,682.91,
1970-06-30,2138.11,683.53,
1970-07-01,2148.79,687.64,
1970-07-02,2148.79,689.14,
1970-07-03,2135.25,689.14,
1970-07-04,2135.25,689.14,
1970-07-05,2135.25,689.14,
1970-07-06,2117.65,675.66,
1970-07-07,2116.86,669.36,
1970-07-08,2121.51,682.09,
1970-07-09,2111.1,692.77,
1970-07-10,2102.22,700.1,
1970-07-11,2102.22,700.1,
1970-07-12,2102.22,700.1,
1970-07-13,2110.01,702.22,
1970-07-14,2110.87,703.04,
1970-07-15,2087.99,711.66,
1970-07-16,2067.76,723.44,
1970-07-17,2067.76,735.08,
1970-07-18,2067.76,735.08,
1970-07-19,2067.76,735.08,
1970-07-20,2067.76,733.91,
1970-07-21,2148.94,722.07,
1970-07-22,2132.19,724.67,
1970-07-23,2125.62,732.68,
1970-07-24,2128.35,730.22,
1970-07-25,2128.35,730.22,
1970-07-26,2128.35,730.22,
1970-07-27,2130.05,730.08,
1970-07-28,2138.56,731.45,
1970-07-29,2132.43,735.56,
1970-07-30,2140.5,734.73,
1970-07-31,2159.16,734.12,
1970-08-01,2159.16,734.12,
1970-08-02,2159.16,734.12,
1970-08-03,2159.16,722.96,
1970-08-04,2164.21,725.9,
1970-08-05,2169.78,724.81,
1970-08-06,2147.73,722.82,
1970-08-07,2143.09,725.7,
1970-08-08,2143.09,725.7,
1970-08-09,2143.09,725.7,
1970-08-10,2141.38,713.92,
1970-08-11,2123.52,712.55,
1970-08-12,2122.83,710.64,
1970-08-13,2142.85,707.35,
1970-08-14,2136.15,710.84,
1970-08-15,2136.15,710.84,
1970-08-16,2136.15,710.84,
1970-08-17,2140.64,709.06,
1970-08-18,2140.64,716.66,
1970-08-19,2155.99,723.99,
1970-08-20,2161.43,729.6,
1970-08-21,2164.28,745.41,
1970-08-22,2164.28,745.41,
1970-08-23,2164.28,745.41,
1970-08-24,2168.15,759.58,
1970-08-25,2153.18,758.97,
1970-08-26,2153.36,760.47,
1970-08-27,2163.5,759.79,
1970-08-28,2157.84,765.81,
1970-08-29,2157.84,765.81,
1970-08-30,2157.84,765.81,
1970-08-31,2132.21,764.58,
1970-09-01,2130.54,758.15,
1970-09-02,2130.54,756.64,
1970-09-03,2139.05,765.27,
1970-09-04,2144.96,771.15,
1970-09-05,2144.96,771.15,
1970-09-06,2144.96,771.15,
1970-09-07,2150.54,771.15,
1970-09-08,2165.18,773.14,
1970-09-09,2176.99,766.43,
1970-09-10,2165.47,760.75,
1970-09-11,2157.26,761.84,
1970-09-12,2157.26,761.84,
1970-09-13,2157.26,761.84,
1970-09-14,2168.4,757.12,
1970-09-15,2168.4,750.55,
1970-09-16,2139.9,754.31,
1970-09-17,2136.8,757.67,
1970-09-18,2136.8,758.49,
1970-09-19,2136.8,758.49,
1970-09-20,2136.8,758.49,
1970-09-21,2076.99,751.92,
1970-09-22,2089.36,747.47,
1970-09-23,2089.36,754.38,
1970-09-24,2094,759.31,
1970-09-25,2065.02,761.77,
1970-09-26,2065.02,761.77,
1970-09-27,2065.02,761.77,
1970-09-28,2020.88,758.97,
1970-09-29,2065.44,760.88,
1970-09-30,2065.44,760.68,
1970-10-01,2061.65,760.68,
1970-10-02,2065.59,766.16,
1970-10-03,2065.59,766.16,
1970-10-04,2065.59,766.16,
1970-10-05,2065.59,776.7,
1970-10-06,2094.36,782.45,
1970-10-07,2083.16,783.68,
1970-10-08,2079.93,777.04,
1970-10-09,2081.32,768.69,
1970-10-10,2081.32,768.69,
1970-10-11,2081.32,768.69,
1970-10-12,2092.46,764.24,
1970-10-13,2094.48,760.06,
1970-10-14,2096.12,762.73,
1970-10-15,2118.4,767.87,
1970-10-16,2114.21,763.35,
1970-10-17,2114.21,763.35,
1970-10-18,2114.21,763.35,
1970-10-19,2133.03,756.5,
1970-10-20,2133.03,758.83,
1970-10-21,2106.84,759.65,
1970-10-22,2107.16,757.87,
1970-10-23,2101.68,759.38,
1970-10-24,2101.68,759.38,
1970-10-25,2101.68,759.38,
1970-10-26,2094.9,756.43,
1970-10-27,2095.19,754.45,
1970-10-28,2104.47,755.96,
1970-10-29,2117.26,753.56,
1970-10-30,2114.2,755.61,
1970-10-31,2114.2,755.61,
1970-11-01,2114.2,755.61,
1970-11-02,2139.32,758.01,
1970-11-03,2139.32,768.07,
1970-11-04,2143.72,770.81,
1970-11-05,2143.72,771.56,
1970-11-06,2136.59,771.97,
1970-11-07,2136.59,771.97,
1970-11-08,2136.59,771.97,
1970-11-09,2147.98,777.66,
1970-11-10,2142.73,777.38,
1970-11-11,2122.55,779.5,
1970-11-12,2109.99,768,
1970-11-13,2111.09,759.79,
1970-11-14,2111.09,759.79,
1970-11-15,2111.09,759.79,
1970-11-16,2098.45,760.13,
1970-11-17,2075.66,760.47,
1970-11-18,2087.88,754.24,
1970-11-19,2075.16,755.82,
1970-11-20,2075.16,761.57,
1970-11-21,2075.16,761.57,
1970-11-22,2075.16,761.57,
1970-11-23,2075.16,767.52,
1970-11-24,2060.03,772.73,
1970-11-25,2056.93,774.71,
1970-11-26,2041.15,774.71,
1970-11-27,2012.13,781.35,
1970-11-28,2012.13,781.35,
1970-11-29,2012.13,781.35,
1970-11-30,1990.47,794.09,
1970-12-01,2027.37,794.29,
1970-12-02,2017.12,802.64,
1970-12-03,1992.72,808.53,
1970-12-04,1989.69,816.06,
1970-12-05,1989.69,816.06,
1970-12-06,1989.69,816.06,
1970-12-07,1969.57,818.66,
1970-12-08,1963.4,815.1,
1970-12-09,1965.78,815.24,
1970-12-10,1973.16,821.06,
1970-12-11,2018.17,825.92,
1970-12-12,2018.17,825.92,
1970-12-13,2018.17,825.92,
1970-12-14,2015.91,823.18,
1970-12-15,1997.11,819.62,
1970-12-16,1973.41,819.07,
1970-12-17,1972.78,822.15,
1970-12-18,1977.56,822.77,
1970-12-19,1977.56,822.77,
1970-12-20,1977.56,822.77,
1970-12-21,1988.96,821.54,
1970-12-22,1979.71,822.77,
1970-12-23,1979.71,823.11,
1970-12-24,1987.96,828.38,
1970-12-25,1982.61,828.38,
1970-12-26,1982.61,828.38,
1970-12-27,1982.61,828.38,
1970-12-28,1987.14,830.91,
1970-12-29,1987.14,842,
1970-12-30,1987.14,841.32,
1970-12-31,1987.14,838.92,
1971-01-01,1987.14,838.92,
1971-01-02,1987.14,838.92,
1971-01-03,1987.14,838.92,
1971-01-04,1987.14,830.57,357.73
1971-01-05,1989.44,835.77,357.81
1971-01-06,1981.74,837.97,357.86
1971-01-07,2000.96,837.83,357.87
1971-01-08,2040.93,837.01,357.82
1971-01-09,2040.93,837.01,357.82
1971-01-10,2040.93,837.01,357.82
1971-01-11,2040.93,837.21,357.95
1971-01-12,2092.33,844.19,358.06
1971-01-13,2089.22,841.11,358.44
1971-01-14,2093.9,843.31,358.4
1971-01-15,2093.9,845.7,358.4
1971-01-16,2093.9,845.7,358.4
1971-01-17,2093.9,845.7,358.4
1971-01-18,2097.4,847.82,358.29
1971-01-19,2115.25,849.47,358.35
1971-01-20,2102.37,849.95,358.4
1971-01-21,2112.5,854.74,358.27
1971-01-22,2113.73,861.31,357.9
1971-01-23,2113.73,861.31,357.9
1971-01-24,2113.73,861.31,357.9
1971-01-25,2105.01,865.62,357.73
1971-01-26,2109.2,866.79,357.78
1971-01-27,2099.08,860.82,357.79
1971-01-28,2102.36,865.14,357.83
1971-01-29,2100.9,868.5,357.72
1971-01-30,2100.9,868.5,357.72
1971-01-31,2100.9,868.5,357.72
1971-02-01,2104.88,877.81,357.67
1971-02-02,2113.55,874.59,357.55
1971-02-03,2129.73,876.23,357.54
1971-02-04,2133.34,874.79,357.51
1971-02-05,2125.16,876.57,357.53
1971-02-06,2125.16,876.57,357.53
1971-02-07,2125.16,876.57,357.53
1971-02-08,2128.25,882.12,357.49
1971-02-09,2122.66,879.79,357.5
1971-02-10,2139.29,881.09,357.5
1971-02-11,2139.29,885.34,357.5
1971-02-12,2149.88,888.83,357.5
1971-02-13,2149.88,888.83,357.5
1971-02-14,2149.88,888.83,357.5
1971-02-15,2166.64,888.83,357.5
1971-02-16,2173.28,890.06,357.53
1971-02-17,2166.69,887.87,357.53
1971-02-18,2202.89,885.06,357.53
1971-02-19,2213.39,878.56,357.56
1971-02-20,2213.39,878.56,357.56
1971-02-21,2213.39,878.56,357.56
1971-02-22,2230.09,868.98,357.6
1971-02-23,2204.33,870,357.55
1971-02-24,2184.5,875.62,357.6
1971-02-25,2216.65,881.98,357.56
1971-02-26,2232.42,878.83,357.56
1971-02-27,2232.42,878.83,357.56
1971-02-28,2232.42,878.83,357.56
1971-03-01,2256.05,882.53,357.63
1971-03-02,2246.61,883.01,357.56
1971-03-03,2268.59,882.39,357.49
1971-03-04,2275.28,891.36,357.45
1971-03-05,2256.43,898,357.59
1971-03-06,2256.43,898,357.59
1971-03-07,2256.43,898,357.59
1971-03-08,2273.38,898.62,357.55
1971-03-09,2271.16,899.1,357.46
1971-03-10,2305.59,895.88,357.59
1971-03-11,2309.1,899.44,357.56
1971-03-12,2316.21,898.34,357.58
1971-03-13,2316.21,898.34,357.58
1971-03-14,2316.21,898.34,357.58
1971-03-15,2301.4,908.2,357.54
1971-03-16,2320.01,914.64,357.49
1971-03-17,2317.36,914.02,357.53
1971-03-18,2319.54,916.83,357.56
1971-03-19,2341.9,912.92,357.56
1971-03-20,2341.9,912.92,357.56
1971-03-21,2341.9,912.92,357.56
1971-03-22,2341.9,910.6,357.44
1971-03-23,2345.27,908.89,357.53
1971-03-24,2364.06,899.37,357.53
1971-03-25,2372.24,900.81,357.47
1971-03-26,2390.02,903.48,357.47
1971-03-27,2390.02,903.48,357.47
1971-03-28,2390.02,903.48,357.47
1971-03-29,2404.65,903.48,357.44
1971-03-30,2401.33,903.39,357.49
1971-03-31,2403.3,904.37,357.42
1971-04-01,2414.04,903.88,357.49
1971-04-02,2415.73,903.04,357.53
1971-04-03,2415.73,903.04,357.53
1971-04-04,2415.73,903.04,357.53
1971-04-05,2373.42,905.07,357.5
1971-04-06,2404.66,912.73,357.46
1971-04-07,2416.92,918.49,357.55
1971-04-08,2413.93,920.39,357.55
1971-04-09,2401.44,920.39,357.5
1971-04-10,2401.44,920.39,357.5
1971-04-11,2401.44,920.39,357.5
1971-04-12,2435.32,926.64,357.5
1971-04-13,2428.48,927.28,357.62
1971-04-14,2437.53,932.55,357.58
1971-04-15,2457.36,938.17,357.5
1971-04-16,2464.1,940.21,357.54
1971-04-17,2464.1,940.21,357.54
1971-04-18,2464.1,940.21,357.54
1971-04-19,2439.95,948.85,357.49
1971-04-20,2374.67,944.42,357.49
1971-04-21,2431.73,941.33,357.49
1971-04-22,2416.99,940.63,357.49
1971-04-23,2433.33,947.79,357.49
1971-04-24,2433.33,947.79,357.49
1971-04-25,2433.33,947.79,357.49
1971-04-26,2436.93,944,357.5
1971-04-27,2445.93,947.09,357.49
1971-04-28,2450.74,950.82,357.5
1971-04-29,2450.74,948.15,357.41
1971-04-30,2468.18,941.75,357.4
1971-05-01,2468.18,941.75,357.4
1971-05-02,2468.18,941.75,357.4
1971-05-03,2468.18,932.41,357.41
1971-05-04,2468.18,938.45,357.4
1971-05-05,2468.18,939.92,357.4
1971-05-06,2481.67,937.39,357.41
1971-05-07,2444.81,936.97,357.41
1971-05-08,2444.81,936.97,357.41
1971-05-09,2444.81,936.97,357.41
1971-05-10,2390.22,932.55,357.14
1971-05-11,2402.37,937.25,357.44
1971-05-12,2431.28,937.46,357.53
1971-05-13,2428.01,936.34,357.49
1971-05-14,2415.2,936.06,357.49
1971-05-15,2415.2,936.06,357.49
1971-05-16,2415.2,936.06,357.49
1971-05-17,2417.62,921.3,357.4
1971-05-18,2391.22,918.56,357.44
1971-05-19,2365.92,920.04,357.4
1971-05-20,2388.51,923.41,357.46
1971-05-21,2385.21,921.87,357.4
1971-05-22,2385.21,921.87,357.4
1971-05-23,2385.21,921.87,357.4
1971-05-24,2398.48,913.15,357.4
1971-05-25,2404.77,906.69,357.4
1971-05-26,2408.8,906.41,357.44
1971-05-27,2420.18,905.78,357.4
1971-05-28,2432.72,907.81,357.4
1971-05-29,2432.72,907.81,357.4
1971-05-30,2432.72,907.81,357.4
1971-05-31,2456.33,907.81,357.4
1971-06-01,2455.95,913.65,357.46
1971-06-02,2475.93,919.62,357.4
1971-06-03,2473.91,921.3,357.46
1971-06-04,2490.39,922.15,357.4
1971-06-05,2490.39,922.15,357.4
1971-06-06,2490.39,922.15,357.4
1971-06-07,2506.06,923.06,357.4
1971-06-08,2504.31,915.01,357.4
1971-06-09,2508.94,912.46,357.4
1971-06-10,2523.84,915.96,357.4
1971-06-11,2528.79,916.47,357.4
1971-06-12,2528.79,916.47,357.4
1971-06-13,2528.79,916.47,357.4
1971-06-14,2531.49,907.71,357.4
1971-06-15,2542.13,907.2,357.46
1971-06-16,2555.05,908.59,357.46
1971-06-17,2581.03,906.25,357.46
1971-06-18,2584.49,889.16,357.4
1971-06-19,2584.49,889.16,357.4
1971-06-20,2584.49,889.16,357.4
1971-06-21,2587.58,876.53,357.4
1971-06-22,2586.58,874.42,357.4
1971-06-23,2600.49,879.45,357.4
1971-06-24,2584.51,877.26,357.4
1971-06-25,2600.32,876.68,357.4
1971-06-26,2600.32,876.68,357.4
1971-06-27,2600.32,876.68,357.4
1971-06-28,2628.46,873.1,357.37
1971-06-29,2625.14,882.3,357.39
1971-06-30,2637.35,891.14,357.4
1971-07-01,2651.06,893.03,357.4
1971-07-02,2647.2,890.19,357.4
1971-07-03,2647.2,890.19,357.4
1971-07-04,2647.2,890.19,357.4
1971-07-05,2630.44,890.19,357.4
1971-07-06,2571.37,892.3,357.45
1971-07-07,2637.15,895.88,357.46
1971-07-08,2638.74,900.99,357.46
1971-07-09,2659.57,901.8,357.4
1971-07-10,2659.57,901.8,357.4
1971-07-11,2659.57,901.8,357.4
1971-07-12,2686.42,903.4,357.41
1971-07-13,2675.85,892.38,357.44
1971-07-14,2685.35,891.21,357.4
1971-07-15,2664.2,888.87,357.4
1971-07-16,2670.88,888.51,357.4
1971-07-17,2670.88,888.51,357.4
1971-07-18,2670.88,888.51,357.4
1971-07-19,2692.63,886.39,357.39
1971-07-20,2692.63,892.3,357.39
1971-07-21,2643.14,890.84,357.4
1971-07-22,2669.03,886.68,357.37
1971-07-23,2671.37,887.78,357.36
1971-07-24,2671.37,887.78,357.36
1971-07-25,2671.37,887.78,357.36
1971-07-26,2673.84,888.87,357.4
1971-07-27,2678,880.7,357.37
1971-07-28,2681.25,872.01,357.4
1971-07-29,2683.24,861.42,357.4
1971-07-30,2661.59,858.43,357.39
1971-07-31,2661.59,858.43,357.39
1971-08-01,2661.59,858.43,357.39
1971-08-02,2640.68,864.92,357.41
1971-08-03,2640.45,850.03,357.37
1971-08-04,2630.09,844.92,357.37
1971-08-05,2634.18,849.45,357.37
1971-08-06,2648.53,850.61,357.37
1971-08-07,2648.53,850.61,357.37
1971-08-08,2648.53,850.61,357.37
1971-08-09,2698.27,842.65,357.35
1971-08-10,2690.14,839.59,357.39
1971-08-11,2699.42,846.38,357.35
1971-08-12,2704.9,859.01,357.4
1971-08-13,2727.8,856.02,357.35
1971-08-14,2727.8,856.02,357.35
1971-08-15,2727.8,856.02,357.35
1971-08-16,2530.48,888.95,357.35
1971-08-17,2440.82,899.9,357.35
1971-08-18,2328.28,886.17,357.35
1971-08-19,2190.16,880.77,357.35
1971-08-20,2283.88,880.91,357.35
1971-08-21,2283.88,880.91,357.35
1971-08-22,2283.88,880.91,357.35
1971-08-23,2163.79,892.38,357.35
1971-08-24,2162.82,904.13,357.35
1971-08-25,2233.9,908.37,357.35
1971-08-26,2282.34,906.1,357.35
1971-08-27,2267.19,908.15,357.35
1971-08-28,2267.19,908.15,357.35
1971-08-29,2267.19,908.15,357.35
1971-08-30,2303.91,901.43,357.35
1971-08-31,2297.06,898.07,339.85
1971-09-01,2348.01,899.02,341.01
1971-09-02,2352.27,900.63,338.98
1971-09-03,2346.77,912.75,340.14
1971-09-04,2346.77,912.75,340.14
1971-09-05,2346.77,912.75,340.14
1971-09-06,2365.58,912.75,340.14
1971-09-07,2341.73,916.47,339.79
1971-09-08,2325.52,920.93,339.39
1971-09-09,2341.19,915.89,339.07
1971-09-10,2321.79,911,338.81
1971-09-11,2321.79,911,338.81
1971-09-12,2321.79,911,338.81
1971-09-13,2351.15,909.39,338.98
1971-09-14,2364.65,901.65,338.24
1971-09-15,2364.65,904.86,338.41
1971-09-16,2347.35,903.11,337.84
1971-09-17,2352.31,908.22,337.95
1971-09-18,2352.31,908.22,337.95
1971-09-19,2352.31,908.22,337.95
1971-09-20,2377.05,905.15,337.27
1971-09-21,2372.99,903.4,337.34
1971-09-22,2360.86,893.55,337.44
1971-09-23,2360.86,891.28,337.27
1971-09-24,2363.97,889.31,336.98
1971-09-25,2363.97,889.31,336.98
1971-09-26,2363.97,889.31,336.98
1971-09-27,2351.96,883.47,336.25
1971-09-28,2393.56,884.42,336.36
1971-09-29,2420.36,883.83,335.57
1971-09-30,2428.25,887.19,335.35
1971-10-01,2429.31,893.98,333.39
1971-10-02,2429.31,893.98,333.39
1971-10-03,2429.31,893.98,333.39
1971-10-04,2412.65,895.66,333.17
1971-10-05,2407.84,891.14,333.14
1971-10-06,2401.97,900.55,332.65
1971-10-07,2401.68,901.8,332.61
1971-10-08,2372.48,893.91,332.37
1971-10-09,2372.48,893.91,332.37
1971-10-10,2372.48,893.91,332.37
1971-10-11,2372.48,891.94,332.37
1971-10-12,2352.6,893.55,330.52
1971-10-13,2312.69,888.8,331.4
1971-10-14,2305.86,878.36,330.85
1971-10-15,2254.94,874.58,330.58
1971-10-16,2254.94,874.58,330.58
1971-10-17,2254.94,874.58,330.58
1971-10-18,2255.18,872.44,329.6
1971-10-19,2228.33,868.43,330.85
1971-10-20,2227.25,855.65,331.07
1971-10-21,2240.45,854.85,330.79
1971-10-22,2259.52,852.37,330.36
1971-10-23,2259.52,852.37,330.36
1971-10-24,2259.52,852.37,330.36
1971-10-25,2253.69,848.5,330.36
1971-10-26,2236.89,845.36,329
1971-10-27,2229.35,836.38,329.54
1971-10-28,2253.28,837.62,329.71
1971-10-29,2278.46,839,329.5
1971-10-30,2278.46,839,329.5
1971-10-31,2278.46,839,329.5
1971-11-01,2279.04,825.86,329.45
1971-11-02,2254.93,827.98,329.45
1971-11-03,2254.93,842.58,329.5
1971-11-04,2228.78,843.17,330.87
1971-11-05,2234.11,840.39,329.16
1971-11-06,2234.11,840.39,329.16
1971-11-07,2234.11,840.39,329.16
1971-11-08,2236.24,837.54,329.22
1971-11-09,2252.18,837.91,329.16
1971-11-10,2282.2,826.15,329.11
1971-11-11,2298.26,814.91,329.11
1971-11-12,2307.82,812.94,329.49
1971-11-13,2307.82,812.94,329.49
1971-11-14,2307.82,812.94,329.49
1971-11-15,2329.14,810.53,328.73
1971-11-16,2326.54,818.71,328.62
1971-11-17,2371.74,822.14,328.8
1971-11-18,2391.9,815.35,328.68
1971-11-19,2378.79,810.67,328.4
1971-11-20,2378.79,810.67,328.4
1971-11-21,2378.79,810.67,328.4
1971-11-22,2408.11,803.15,328.41
1971-11-23,2408.11,797.97,328.19
1971-11-24,2404.68,798.63,328.04
1971-11-25,2418.68,798.63,328.04
1971-11-26,2413.75,816.59,327.6
1971-11-27,2413.75,816.59,327.6
1971-11-28,2413.75,816.59,327.6
1971-11-29,2450.74,829.73,327.06
1971-11-30,2442.71,831.34,327.44
1971-12-01,2455.79,846.01,327.6
1971-12-02,2480.56,848.79,326
1971-12-03,2441.58,859.59,325.1
1971-12-04,2441.58,859.59,325.1
1971-12-05,2441.58,859.59,325.1
1971-12-06,2475.71,855.72,326.53
1971-12-07,2481.69,857.4,323.62
1971-12-08,2453.69,854.85,323.5
1971-12-09,2477.93,852.16,323.52
1971-12-10,2482.47,856.75,323.1
1971-12-11,2482.47,856.75,323.1
1971-12-12,2482.47,856.75,323.1
1971-12-13,2496.72,858.79,322.79
1971-12-14,2490.79,855.14,322.58
1971-12-15,2491,863.76,321.54
1971-12-16,2468.11,871.39,320
1971-12-17,2480.25,873.8,320.36
1971-12-18,2480.25,873.8,320.36
1971-12-19,2480.25,873.8,320.36
1971-12-20,2487.59,885.01,320.36
1971-12-21,2554.02,888.32,314.98
1971-12-22,2586.33,884.86,314.96
1971-12-23,2586.33,881.17,315.01
1971-12-24,2658.71,881.17,315.21
1971-12-25,2658.71,881.17,315.21
1971-12-26,2658.71,881.17,315.21
1971-12-27,2693.49,881.47,314.96
1971-12-28,2713.74,889.98,315.01
1971-12-29,2713.74,893.66,315.21
1971-12-30,2713.74,889.07,315.01
1971-12-31,2713.74,890.2,315.01
1972-01-01,2713.74,890.2,315.01
1972-01-02,2713.74,890.2,315.01
1972-01-03,2713.74,889.3,314.86
1972-01-04,2712.31,892.23,314.96
1972-01-05,2727.87,904.43,314.86
1972-01-06,2754.89,908.49,312.01
1972-01-07,2762.49,910.37,312.5
1972-01-08,2762.49,910.37,312.5
1972-01-09,2762.49,910.37,312.5
1972-01-10,2762.49,907.96,312.99
1972-01-11,2769.62,912.1,314.47
1972-01-12,2799.48,910.82,313.48
1972-01-13,2812.86,905.18,313.97
1972-01-14,2823.53,906.68,312.99
1972-01-15,2823.53,906.68,312.99
1972-01-16,2823.53,906.68,312.99
1972-01-17,2799.74,911.12,313.38
1972-01-18,2805.43,917.22,312.89
1972-01-19,2820.98,914.96,312.79
1972-01-20,2840.86,910.3,312.01
1972-01-21,2822.54,907.44,312.3
1972-01-22,2822.54,907.44,312.3
1972-01-23,2822.54,907.44,312.3
1972-01-24,2800.06,896.82,312.21
1972-01-25,2814.38,894.72,311.82
1972-01-26,2832.89,889.15,311.53
1972-01-27,2839.04,899.83,310.08
1972-01-28,2862.4,906.38,310.46
1972-01-29,2862.4,906.38,310.46
1972-01-30,2862.4,906.38,310.46
1972-01-31,2856.5,902.17,310.56
1972-02-01,2852.32,901.79,310.37
1972-02-02,2863.57,905.85,308.55
1972-02-03,2879.67,903.15,309.12
1972-02-04,2857.29,906.68,308.64
1972-02-05,2857.29,906.68,308.64
1972-02-06,2857.29,906.68,308.64
1972-02-07,2883.47,903.97,308.17
1972-02-08,2889.84,907.13,307.69
1972-02-09,2870.77,918.72,304.79
1972-02-10,2871.78,921.28,304.69
1972-02-11,2871.78,917.59,304.69
1972-02-12,2871.78,917.59,304.69
1972-02-13,2871.78,917.59,304.69
1972-02-14,2890.66,910.9,304.23
1972-02-15,2876.42,914.51,304.14
1972-02-16,2888.66,922.94,303.95
1972-02-17,2931.81,922.03,303.95
1972-02-18,2932.22,917.52,303.49
1972-02-19,2932.22,917.52,303.49
1972-02-20,2932.22,917.52,303.49
1972-02-21,2959.29,917.52,303.49
1972-02-22,2966.65,913.46,302.85
1972-02-23,2960.92,911.88,302.48
1972-02-24,2975.16,912.7,302.11
1972-02-25,2995.55,922.79,302.48
1972-02-26,2995.55,922.79,302.48
1972-02-27,2995.55,922.79,302.48
1972-02-28,3027.49,924.29,303.95
1972-02-29,3021.98,928.13,303.4
1972-03-01,3011.3,935.43,303.21
1972-03-02,3023.65,933.77,303.03
1972-03-03,3015.14,942.43,302.66
1972-03-04,3015.14,942.43,302.66
1972-03-05,3015.14,942.43,302.66
1972-03-06,3028.99,950.18,302.75
1972-03-07,3038.62,946.87,302.3
1972-03-08,3040.22,945.59,302.02
1972-03-09,3030.02,942.81,301.66
1972-03-10,3027.42,939.87,301.93
1972-03-11,3027.42,939.87,301.93
1972-03-12,3027.42,939.87,301.93
1972-03-13,2976.15,928.66,302.3
1972-03-14,2996.37,934,302.21
1972-03-15,2981.18,937.31,302.11
1972-03-16,3012.6,936.71,302.02
1972-03-17,3022.93,942.88,302.11
1972-03-18,3022.93,942.88,302.11
1972-03-19,3022.93,942.88,302.11
1972-03-20,3022.93,941.15,302.3
1972-03-21,3022.93,934,302.11
1972-03-22,3050.84,933.93,302.11
1972-03-23,3067.3,944.69,301.93
1972-03-24,3073.23,942.28,302.3
1972-03-25,3073.23,942.28,302.3
1972-03-26,3073.23,942.28,302.3
1972-03-27,3102.48,939.72,302.57
1972-03-28,3107.41,937.01,302.85
1972-03-29,3144.26,933.02,303.77
1972-03-30,3146.18,940.7,303.77
1972-03-31,3187.62,940.7,304.32
1972-04-01,3187.62,940.7,304.32
1972-04-02,3187.62,940.7,304.32
1972-04-03,3187.62,940.92,304.14
1972-04-04,3187.62,943.41,304.97
1972-04-05,3187.62,954.55,305.16
1972-04-06,3187.62,959.44,304.88
1972-04-07,3187.62,962.6,303.21
1972-04-08,3187.62,962.6,303.21
1972-04-09,3187.62,962.6,303.21
1972-04-10,3187.62,958.08,302.11
1972-04-11,3187.62,962.6,302.3
1972-04-12,3187.62,966.96,302.43
1972-04-13,3187.62,965.53,302.57
1972-04-14,3187.62,967.72,302.94
1972-04-15,3187.62,967.72,302.94
1972-04-16,3187.62,967.72,302.94
1972-04-17,3187.62,966.59,302.57
1972-04-18,3187.62,968.92,302.39
1972-04-19,3187.62,964.78,302.94
1972-04-20,3187.62,966.29,303.03
1972-04-21,3187.62,963.8,303.21
1972-04-22,3187.62,963.8,303.21
1972-04-23,3187.62,963.8,303.21
1972-04-24,3187.62,957.48,305.16
1972-04-25,3187.62,946.49,304.32
1972-04-26,3187.62,946.94,303.77
1972-04-27,3187.62,945.97,304.23
1972-04-28,3187.62,954.17,304.88
1972-04-29,3187.62,954.17,304.88
1972-04-30,3187.62,954.17,304.88
1972-05-01,3353.38,942.28,304.41
1972-05-02,3359.41,935.2,304.23
1972-05-03,3359.41,933.47,304.32
1972-05-04,3359.41,937.31,304.23
1972-05-05,3359.41,941.23,304.32
1972-05-06,3359.41,941.23,304.32
1972-05-07,3359.41,941.23,304.32
1972-05-08,3362.8,937.84,305.06
1972-05-09,3342.92,925.12,304.97
1972-05-10,3358.42,931.07,303.77
1972-05-11,3398.51,934.83,303.58
1972-05-12,3408.09,941.83,303.86
1972-05-13,3408.09,941.83,303.86
1972-05-14,3408.09,941.83,303.86
1972-05-15,3424.94,942.2,304.32
1972-05-16,3416.43,939.27,304.41
1972-05-17,3436.74,941.15,304.51
1972-05-18,3438.19,951.23,304.6
1972-05-19,3420.56,961.54,304.04
1972-05-20,3420.56,961.54,304.04
1972-05-21,3420.56,961.54,304.04
1972-05-22,3446.66,965.31,304.41
1972-05-23,3468.11,962.3,304.23
1972-05-24,3477.12,965.46,304.32
1972-05-25,3506.48,969.07,304.32
1972-05-26,3535.88,971.25,304.41
1972-05-27,3535.88,971.25,304.41
1972-05-28,3535.88,971.25,304.41
1972-05-29,3572.62,971.25,304.41
1972-05-30,3594.95,971.18,305.34
1972-05-31,3636.79,960.72,304.69
1972-06-01,3626.92,960.72,304.41
1972-06-02,3667.17,961.39,304.23
1972-06-03,3667.17,961.39,304.23
1972-06-04,3667.17,961.39,304.23
1972-06-05,3678.91,954.39,304.69
1972-06-06,3650.03,951.46,304.51
1972-06-07,3656.83,944.08,304.41
1972-06-08,3667.25,941.3,304.32
1972-06-09,3615.8,934.45,304.23
1972-06-10,3615.8,934.45,304.23
1972-06-11,3615.8,934.45,304.23
1972-06-12,3651.35,936.71,304.51
1972-06-13,3647.77,938.29,304.04
1972-06-14,3640.37,946.79,303.95
1972-06-15,3669.59,945.97,304.04
1972-06-16,3680.78,945.06,303.95
1972-06-17,3680.78,945.06,303.95
1972-06-18,3680.78,945.06,303.95
1972-06-19,3722.63,941.83,303.86
1972-06-20,3718.46,948.22,303.4
1972-06-21,3716.41,951.61,302.94
1972-06-22,3687.31,950.71,302.07
1972-06-23,3663.16,944.69,294.12
1972-06-24,3663.16,944.69,294.12
1972-06-25,3663.16,944.69,294.12
1972-06-26,3369.64,936.41,298.51
1972-06-27,3548.95,935.28,298.51
1972-06-28,3611.31,930.84,296.74
1972-06-29,3670.81,926.25,300.75
1972-06-30,3710.7,929.03,300.93
1972-07-01,3710.7,929.03,300.93
1972-07-02,3710.7,929.03,300.93
1972-07-03,3751.32,928.66,300.84
1972-07-04,3722.77,928.66,300.84
1972-07-05,3645.38,933.47,300.03
1972-07-06,3682.72,942.13,300.57
1972-07-07,3695.31,938.06,300.93
1972-07-08,3695.31,938.06,300.93
1972-07-09,3695.31,938.06,300.93
1972-07-10,3710.53,932.27,301.3
1972-07-11,3719.09,925.87,301.57
1972-07-12,3707.37,923.69,301.2
1972-07-13,3712.32,916.99,301.02
1972-07-14,3727.5,922.26,301.2
1972-07-15,3727.5,922.26,301.2
1972-07-16,3727.5,922.26,301.2
1972-07-17,3693.84,914.96,301.02
1972-07-18,3722.06,911.72,300.75
1972-07-19,3760.73,916.69,301.2
1972-07-20,3760.73,910.45,300.93
1972-07-21,3807.15,920.45,301.11
1972-07-22,3807.15,920.45,301.11
1972-07-23,3807.15,920.45,301.11
1972-07-24,3815.31,935.36,301.2
1972-07-25,3837.43,934.45,300.75
1972-07-26,3850.25,932.57,301.2
1972-07-27,3867.85,926.85,301.2
1972-07-28,3913.81,926.7,301.2
1972-07-29,3913.81,926.7,301.2
1972-07-30,3913.81,926.7,301.2
1972-07-31,3913.81,924.74,301.39
1972-08-01,3951.65,930.46,301.2
1972-08-02,3870.3,941.15,301.2
1972-08-03,3954.12,947.7,301.2
1972-08-04,3954.39,951.76,300.93
1972-08-05,3954.39,951.76,300.93
1972-08-06,3954.39,951.76,300.93
1972-08-07,3946.33,953.12,301.11
1972-08-08,3940.81,952.44,301.2
1972-08-09,3922.28,951.16,301.2
1972-08-10,3908.01,952.89,301.11
1972-08-11,3929.8,964.18,301.11
1972-08-12,3929.8,964.18,301.11
1972-08-13,3929.8,964.18,301.11
1972-08-14,3957.69,973.51,301.11
1972-08-15,3974.71,969.97,301.2
1972-08-16,4007.66,964.25,301.2
1972-08-17,4006.41,961.39,301.2
1972-08-18,4014.35,965.83,301.2
1972-08-19,4014.35,965.83,301.2
1972-08-20,4014.35,965.83,301.2
1972-08-21,4013.96,967.19,301.11
1972-08-22,4010.61,973.51,301.2
1972-08-23,4029.06,970.35,301.2
1972-08-24,4041.78,958.38,301.2
1972-08-25,4010.46,959.36,301.2
1972-08-26,4010.46,959.36,301.2
1972-08-27,4010.46,959.36,301.2
1972-08-28,3996.9,956.95,301.2
1972-08-29,4016.28,954.7,301.2
1972-08-30,4026.25,957.86,301.11
1972-08-31,4066.78,963.73,301.11
1972-09-01,4090.39,970.05,301.11
1972-09-02,4090.39,970.05,301.11
1972-09-03,4090.39,970.05,301.11
1972-09-04,4137.76,970.05,301.11
1972-09-05,4137.48,969.37,301.2
1972-09-06,4143.02,963.43,301.2
1972-09-07,4168.64,962.45,301.11
1972-09-08,4181.89,961.24,301.11
1972-09-09,4181.89,961.24,301.11
1972-09-10,4181.89,961.24,301.11
1972-09-11,4203.22,955,301.2
1972-09-12,4160.31,946.04,301.11
1972-09-13,4190.97,949.88,301.11
1972-09-14,4174.8,947.55,301.11
1972-09-15,4174.8,947.32,301.11
1972-09-16,4174.8,947.32,301.11
1972-09-17,4174.8,947.32,301.11
1972-09-18,4178.84,945.36,301.11
1972-09-19,4157.5,943.18,301.11
1972-09-20,4178.28,940.25,301.11
1972-09-21,4204.22,939.49,301.11
1972-09-22,4231.21,943.03,301.11
1972-09-23,4231.21,943.03,301.11
1972-09-24,4231.21,943.03,301.11
1972-09-25,4254.61,935.73,301.11
1972-09-26,4273.2,936.56,301.11
1972-09-27,4251.29,947.25,301.02
1972-09-28,4291.81,955.15,301.11
1972-09-29,4320.63,953.27,301.11
1972-09-30,4320.63,953.27,301.11
1972-10-01,4320.63,953.27,301.11
1972-10-02,4393.67,953.27,301.11
1972-10-03,4363.38,954.47,301.11
1972-10-04,4424.3,951.31,301.11
1972-10-05,4425.49,941.3,301.11
1972-10-06,4355.28,945.36,300.93
1972-10-07,4355.28,945.36,300.93
1972-10-08,4355.28,945.36,300.93
1972-10-09,4422.08,948.75,300.93
1972-10-10,4422.08,951.84,300.93
1972-10-11,4443.09,946.42,301.02
1972-10-12,4480.06,937.46,301.02
1972-10-13,4472.73,930.46,301.11
1972-10-14,4472.73,930.46,301.11
1972-10-15,4472.73,930.46,301.11
1972-10-16,4433.63,921.66,301.11
1972-10-17,4401.08,926.48,301.11
1972-10-18,4444.32,932.34,301.11
1972-10-19,4452.17,932.12,301.02
1972-10-20,4324.8,942.81,300.75
1972-10-21,4324.8,942.81,300.75
1972-10-22,4324.8,942.81,300.75
1972-10-23,4415.06,951.31,300.75
1972-10-24,4424.34,952.51,301.02
1972-10-25,4442.42,951.38,301.2
1972-10-26,4439.2,950.56,300.84
1972-10-27,4455.06,946.42,300.48
1972-10-28,4455.06,946.42,300.48
1972-10-29,4455.06,946.42,300.48
1972-10-30,4522.18,946.42,301.02
1972-10-31,4537.99,955.52,301.11
1972-11-01,4541.77,968.54,301.02
1972-11-02,4547.92,973.06,300.66
1972-11-03,4547.92,984.12,299.94
1972-11-04,4547.92,984.12,299.94
1972-11-05,4547.92,984.12,299.94
1972-11-06,4543.88,984.8,301.02
1972-11-07,4538.83,984.8,301.02
1972-11-08,4555.95,983.74,301.02
1972-11-09,4564.46,988.26,301.02
1972-11-10,4540.1,995.26,300.93
1972-11-11,4540.1,995.26,300.93
1972-11-12,4540.1,995.26,300.93
1972-11-13,4553.77,997.07,301.02
1972-11-14,4555.01,1003.16,301.02
1972-11-15,4602.78,998.42,301.11
1972-11-16,4589.25,1003.69,301.11
1972-11-17,4585.91,1005.57,301.02
1972-11-18,4585.91,1005.57,301.02
1972-11-19,4585.91,1005.57,301.02
1972-11-20,4591.07,1005.04,301.11
1972-11-21,4618.27,1013.25,301.11
1972-11-22,4667.71,1020.54,301.11
1972-11-23,4667.71,1020.54,301.11
1972-11-24,4731.4,1025.21,301.02
1972-11-25,4731.4,1025.21,301.02
1972-11-26,4731.4,1025.21,301.02
1972-11-27,4742.16,1017.76,301.11
1972-11-28,4816.72,1019.34,301.2
1972-11-29,4879.18,1018.81,301.11
1972-11-30,4868.96,1018.21,301.11
1972-12-01,4781.48,1023.93,301.11
1972-12-02,4781.48,1023.93,301.11
1972-12-03,4781.48,1023.93,301.11
1972-12-04,4872.46,1027.02,301.11
1972-12-05,4881.37,1022.95,301.11
1972-12-06,4902.82,1027.54,301.11
1972-12-07,4838.76,1033.26,301.11
1972-12-08,4862.4,1033.19,301.11
1972-12-09,4862.4,1033.19,301.11
1972-12-10,4862.4,1033.19,301.11
1972-12-11,4859.4,1036.27,301.07
1972-12-12,4866.7,1033.19,301.11
1972-12-13,4869.77,1030.48,301.11
1972-12-14,4892.02,1025.06,301.11
1972-12-15,4909.24,1027.24,301.11
1972-12-16,4909.24,1027.24,301.11
1972-12-17,4909.24,1027.24,301.11
1972-12-18,4923.39,1013.25,301.11
1972-12-19,4920.84,1009.18,301.11
1972-12-20,4959.21,1004.82,301.11
1972-12-21,4965.05,1000,301.11
1972-12-22,5025.54,1004.21,301.11
1972-12-23,5025.54,1004.21,301.11
1972-12-24,5025.54,1004.21,301.11
1972-12-25,5031.23,1004.21,301.11
1972-12-26,5106.71,1006.7,301.39
1972-12-27,5194.42,1007.68,302.02
1972-12-28,5207.94,1007.68,302.02
1972-12-29,5207.94,1020.02,301.66
1972-12-30,5207.94,1020.02,301.66
1972-12-31,5207.94,1020.02,301.66
1973-01-01,5207.94,1020.02,301.66
1973-01-02,5207.94,1031.68,301.39
1973-01-03,5207.94,1043.8,301.43
1973-01-04,5232.86,1039.81,301.2
1973-01-05,5253.18,1047.49,301.3
1973-01-06,5253.18,1047.49,301.3
1973-01-07,5253.18,1047.49,301.3
1973-01-08,5307.19,1047.86,302.21
1973-01-09,5278.1,1047.11,302.07
1973-01-10,5278.1,1046.06,301.84
1973-01-11,5244.29,1051.7,301.48
1973-01-12,5251.67,1039.36,301.66
1973-01-13,5251.67,1039.36,301.66
1973-01-14,5251.67,1039.36,301.66
1973-01-15,5251.67,1025.59,301.66
1973-01-16,5188.4,1024.31,301.93
1973-01-17,5215.42,1029.12,302.11
1973-01-18,5188.91,1029.12,302.21
1973-01-19,5230.87,1026.19,302.57
1973-01-20,5230.87,1026.19,302.57
1973-01-21,5230.87,1026.19,302.57
1973-01-22,5270.54,1018.81,302.48
1973-01-23,5267.68,1018.66,301.66
1973-01-24,5359.74,1004.59,302.11
1973-01-25,5329.23,1004.59,301.84
1973-01-26,5256.82,1003.54,301.75
1973-01-27,5256.82,1003.54,301.75
1973-01-28,5256.82,1003.54,301.75
1973-01-29,5349.51,996.46,301.66
1973-01-30,5232,992.92,301.39
1973-01-31,5165.24,999.02,301.39
1973-02-01,5066.17,985.78,300.93
1973-02-02,4820.52,980.81,299.58
1973-02-03,4820.52,980.81,299.58
1973-02-04,4820.52,980.81,299.58
1973-02-05,4949.76,978.4,300.75
1973-02-06,4891.34,979.91,299.85
1973-02-07,4832.47,968.32,299.85
1973-02-08,4903.14,967.19,299.4
1973-02-09,4843.54,979.46,293.26
1973-02-10,4843.54,979.46,293.26
1973-02-11,4843.54,979.46,293.26
1973-02-12,4843.54,991.57,293.26
1973-02-13,4993.73,996.76,266.67
1973-02-14,4984.88,979.91,265.96
1973-02-15,5113.53,973.13,263.02
1973-02-16,5187.3,979.23,263.85
1973-02-17,5187.3,979.23,263.85
1973-02-18,5187.3,979.23,263.85
1973-02-19,5277.74,979.23,263.85
1973-02-20,5334.69,983.59,265.96
1973-02-21,5298.98,974.34,264.9
1973-02-22,5278.25,971.78,265.46
1973-02-23,5215.03,959.89,264.9
1973-02-24,5215.03,959.89,264.9
1973-02-25,5215.03,959.89,264.9
1973-02-26,5129.31,953.79,265.6
1973-02-27,5194.88,947.92,265.96
1973-02-28,5121.32,955.07,265.67
1973-03-01,5139.95,949.65,265.6
1973-03-02,5024.1,961.32,262.12
1973-03-03,5024.1,961.32,262.12
1973-03-04,5024.1,961.32,262.12
1973-03-05,4771.63,966.89,259.07
1973-03-06,4888.88,979,261.78
1973-03-07,4950.76,979.98,261.92
1973-03-08,4964.51,976.44,261.44
1973-03-09,4987.43,972.23,260.42
1973-03-10,4987.43,972.23,260.42
1973-03-11,4987.43,972.23,260.42
1973-03-12,5003.55,969.75,257.07
1973-03-13,5050.64,976.07,254.97
1973-03-14,5096.26,978.85,254.45
1973-03-15,5133.45,969.82,255.75
1973-03-16,5095.3,963.05,260.08
1973-03-17,5095.3,963.05,260.08
1973-03-18,5095.3,963.05,260.08
1973-03-19,5123.54,952.06,263.16
1973-03-20,5131.01,949.43,263.16
1973-03-21,5131.01,938.37,263.16
1973-03-22,5101.36,925.2,263.5
1973-03-23,5060.18,922.71,266.03
1973-03-24,5060.18,922.71,266.03
1973-03-25,5060.18,922.71,266.03
1973-03-26,5066.02,927.9,265.53
1973-03-27,5081.99,944.91,265.39
1973-03-28,5116.79,948,265.6
1973-03-29,5177.5,959.14,265.67
1973-03-30,5233.79,951.01,265.96
1973-03-31,5233.79,951.01,265.96
1973-04-01,5233.79,951.01,265.96
1973-04-02,5181.68,936.18,266.03
1973-04-03,5162.69,927.75,265.46
1973-04-04,5090.17,925.05,264.97
1973-04-05,5013.01,923.46,264.55
1973-04-06,5023.1,931.07,264.76
1973-04-07,5023.1,931.07,264.76
1973-04-08,5023.1,931.07,264.76
1973-04-09,4988.63,947.55,265.53
1973-04-10,4915.96,960.49,265.53
1973-04-11,4906.54,967.41,265.67
1973-04-12,4793.64,964.03,266.03
1973-04-13,4735.59,959.36,265.89
1973-04-14,4735.59,959.36,265.89
1973-04-15,4735.59,959.36,265.89
1973-04-16,4539.4,956.73,265.6
1973-04-17,4599.91,953.42,265.46
1973-04-18,4735.55,958.31,265.46
1973-04-19,4727.51,963.2,265.53
1973-04-20,4654.85,963.2,265.6
1973-04-21,4654.85,963.2,265.6
1973-04-22,4654.85,963.2,265.6
1973-04-23,4495.18,955.37,265.6
1973-04-24,4435.83,940.77,265.46
1973-04-25,4374.77,930.54,265.46
1973-04-26,4499.39,937.76,265.6
1973-04-27,4570.33,922.19,265.6
1973-04-28,4570.33,922.19,265.6
1973-04-29,4570.33,922.19,265.6
1973-04-30,4570.33,921.43,265.53
1973-05-01,4594.65,921.21,265.53
1973-05-02,4601.89,932.34,265.53
1973-05-03,4601.89,945.67,265.53
1973-05-04,4601.89,953.87,265.53
1973-05-05,4601.89,953.87,265.53
1973-05-06,4601.89,953.87,265.53
1973-05-07,4671.07,950.71,265.53
1973-05-08,4669.57,956.58,265.67
1973-05-09,4637.06,949.05,265.04
1973-05-10,4663.33,939.34,265.04
1973-05-11,4694.19,927.98,265.46
1973-05-12,4694.19,927.98,265.46
1973-05-13,4694.19,927.98,265.46
1973-05-14,4767.85,909.69,264.76
1973-05-15,4701.14,917.44,262.47
1973-05-16,4772.97,917.14,262.95
1973-05-17,4740.17,911.72,264.48
1973-05-18,4774.95,895.17,264.27
1973-05-19,4774.95,895.17,264.27
1973-05-20,4774.95,895.17,264.27
1973-05-21,4667.54,886.51,262.95
1973-05-22,4675.27,892.46,263.57
1973-05-23,4646.39,895.02,264.2
1973-05-24,4593.57,924.44,264.55
1973-05-25,4627.41,930.84,264.83
1973-05-26,4627.41,930.84,264.83
1973-05-27,4627.41,930.84,264.83
1973-05-28,4627.58,930.84,264.83
1973-05-29,4626.22,925.57,264.9
1973-05-30,4613.44,908.87,264.83
1973-05-31,4557.36,901.41,264.69
1973-06-01,4546.74,893.96,264.06
1973-06-02,4546.74,893.96,264.06
1973-06-03,4546.74,893.96,264.06
1973-06-04,4500.55,885.91,262.88
1973-06-05,4542.58,900.81,262.88
1973-06-06,4599.87,898.18,264.13
1973-06-07,4623.72,909.62,264.27
1973-06-08,4625.79,920,264.41
1973-06-09,4625.79,920,264.41
1973-06-10,4625.79,920,264.41
1973-06-11,4606.1,915.11,264.69
1973-06-12,4571.45,927,264.69
1973-06-13,4611.16,915.49,264.62
1973-06-14,4587.87,902.92,264.69
1973-06-15,4581.95,888.55,264.69
1973-06-16,4581.95,888.55,264.69
1973-06-17,4581.95,888.55,264.69
1973-06-18,4542.99,875.08,264.69
1973-06-19,4553.71,881.55,264.83
1973-06-20,4582.85,884.71,264.97
1973-06-21,4597.03,873.65,265.04
1973-06-22,4668.86,879.82,265.04
1973-06-23,4668.86,879.82,265.04
1973-06-24,4668.86,879.82,265.04
1973-06-25,4687.24,869.13,265.18
1973-06-26,4637.77,879.44,265.18
1973-06-27,4677.01,884.63,265.18
1973-06-28,4681.37,894.64,265.18
1973-06-29,4675.12,891.71,263.16
1973-06-30,4675.12,891.71,263.16
1973-07-01,4675.12,891.71,263.16
1973-07-02,4688.77,880.57,265.25
1973-07-03,4722.96,874.17,265.04
1973-07-04,4774.58,874.17,265.04
1973-07-05,4748.45,874.32,265.11
1973-07-06,4754.2,870.11,262.12
1973-07-07,4754.2,870.11,262.12
1973-07-08,4754.2,870.11,262.12
1973-07-09,4778.02,877.26,259.4
1973-07-10,4792.47,888.32,263.16
1973-07-11,4863.36,908.19,264.83
1973-07-12,4912.33,901.94,264.76
1973-07-13,4943.5,885.99,265.04
1973-07-14,4943.5,885.99,265.04
1973-07-15,4943.5,885.99,265.04
1973-07-16,4965.34,897.58,265.11
1973-07-17,4972.96,898.03,265.25
1973-07-18,4962.56,905.4,265.11
1973-07-19,4989.79,906.68,265.18
1973-07-20,4989.79,910.9,265.6
1973-07-21,4989.79,910.9,265.6
1973-07-22,4989.79,910.9,265.6
1973-07-23,5000.2,913.15,266.17
1973-07-24,5007.14,918.72,265.6
1973-07-25,5035.91,933.02,265.53
1973-07-26,5089.62,934.53,265.6
1973-07-27,5123.25,936.71,264.76
1973-07-28,5123.25,936.71,264.76
1973-07-29,5123.25,936.71,264.76
1973-07-30,5108.46,933.77,263.57
1973-07-31,5041.18,926.4,263.44
1973-08-01,4972.81,912.18,263.44
1973-08-02,5021.06,910.14,264.76
1973-08-03,4983.96,908.87,265.39
1973-08-04,4983.96,908.87,265.39
1973-08-05,4983.96,908.87,265.39
1973-08-06,4946.07,912.78,265.11
1973-08-07,4956.44,911.95,265.25
1973-08-08,4972.14,902.02,265.18
1973-08-09,4972.95,901.49,265.11
1973-08-10,4926.08,892.38,265.25
1973-08-11,4926.08,892.38,265.25
1973-08-12,4926.08,892.38,265.25
1973-08-13,4908.28,883.2,265.46
1973-08-14,4915.41,870.71,265.46
1973-08-15,4912.24,874.17,265.46
1973-08-16,4857.03,872.74,265.39
1973-08-17,4834.45,871.84,265.53
1973-08-18,4834.45,871.84,265.53
1973-08-19,4834.45,871.84,265.53
1973-08-20,4828.73,867.4,265.6
1973-08-21,4874.32,857.84,265.18
1973-08-22,4893.91,851.9,265.25
1973-08-23,4865.3,864.46,265.25
1973-08-24,4828.07,863.49,265.25
1973-08-25,4828.07,863.49,265.25
1973-08-26,4828.07,863.49,265.25
1973-08-27,4829.71,870.71,265.32
1973-08-28,4832.41,872.07,265.32
1973-08-29,4870.9,883.43,265.32
1973-08-30,4889.19,882.53,265.39
1973-08-31,4882.09,887.57,265.39
1973-09-01,4882.09,887.57,265.39
1973-09-02,4882.09,887.57,265.39
1973-09-03,4838.25,887.57,265.39
1973-09-04,4785.85,895.39,265.46
1973-09-05,4678.66,899.08,265.39
1973-09-06,4657.71,901.04,265.39
1973-09-07,4671.64,898.63,265.39
1973-09-08,4671.64,898.63,265.39
1973-09-09,4671.64,898.63,265.39
1973-09-10,4696.49,891.33,265.39
1973-09-11,4587.4,885.76,265.46
1973-09-12,4646.37,881.32,265.6
1973-09-13,4620.91,880.57,265.6
1973-09-14,4644.12,886.36,265.6
1973-09-15,4644.12,886.36,265.6
1973-09-16,4644.12,886.36,265.6
1973-09-17,4623.79,892.99,265.53
1973-09-18,4557.92,891.26,265.53
1973-09-19,4516.18,910.37,265.46
1973-09-20,4444.78,920.53,265.39
1973-09-21,4393.42,927.9,265.25
1973-09-22,4393.42,927.9,265.25
1973-09-23,4393.42,927.9,265.25
1973-09-24,4393.42,936.71,265.39
1973-09-25,4472.78,940.55,265.46
1973-09-26,4515.38,949.5,265.53
1973-09-27,4622.56,953.27,265.6
1973-09-28,4617.33,947.1,265.6
1973-09-29,4617.33,947.1,265.6
1973-09-30,4617.33,947.1,265.6
1973-10-01,4617.33,948.83,265.6
1973-10-02,4606.53,956.8,265.75
1973-10-03,4643.69,964.55,265.89
1973-10-04,4619.02,955.9,265.96
1973-10-05,4562.13,971.25,266.17
1973-10-06,4562.13,971.25,266.17
1973-10-07,4562.13,971.25,266.17
1973-10-08,4509.29,977.65,266.17
1973-10-09,4493.03,974.19,266.31
1973-10-10,4493.03,960.57,266.31
1973-10-11,4487.93,976.07,266.24
1973-10-12,4452.6,978.63,266.24
1973-10-13,4452.6,978.63,266.24
1973-10-14,4452.6,978.63,266.24
1973-10-15,4468.41,967.04,266.45
1973-10-16,4477.58,967.41,266.45
1973-10-17,4482.83,962.52,266.38
1973-10-18,4516.02,959.74,266.31
1973-10-19,4552.22,963.73,266.38
1973-10-20,4552.22,963.73,266.38
1973-10-21,4552.22,963.73,266.38
1973-10-22,4549.5,960.57,266.38
1973-10-23,4595.54,966.51,266.45
1973-10-24,4661.59,971.85,266.38
1973-10-25,4667.11,974.49,266.45
1973-10-26,4628.58,987.06,266.67
1973-10-27,4628.58,987.06,266.67
1973-10-28,4628.58,987.06,266.67
1973-10-29,4630.38,984.8,266.74
1973-10-30,4702.92,968.54,266.95
1973-10-31,4699.73,956.58,266.95
1973-11-01,4634.83,948.83,270.27
1973-11-02,4665.98,935.28,276.01
1973-11-03,4665.98,935.28,276.01
1973-11-04,4665.98,935.28,276.01
1973-11-05,4676.96,919.4,275.18
1973-11-06,4616.62,913.08,275.18
1973-11-07,4632.43,920.08,275.18
1973-11-08,4660.66,932.65,275.25
1973-11-09,4649,908.41,275.33
1973-11-10,4649,908.41,275.33
1973-11-11,4649,908.41,275.33
1973-11-12,4510.32,897.65,275.25
1973-11-13,4428.39,891.03,280.19
1973-11-14,4473.75,869.88,280.66
1973-11-15,4444.87,874.55,280.27
1973-11-16,4388.1,891.33,280.11
1973-11-17,4388.1,891.33,280.11
1973-11-18,4388.1,891.33,280.11
1973-11-19,4450.89,862.66,280.11
1973-11-20,4441.89,844.9,280.43
1973-11-21,4371.55,854.98,280.11
1973-11-22,4293.5,854.98,280.11
1973-11-23,4293.5,854,280.66
1973-11-24,4293.5,854,280.66
1973-11-25,4293.5,854,280.66
1973-11-26,4371.71,824.95,280.11
1973-11-27,4288.75,817.73,280.11
1973-11-28,4352.68,839.78,279.8
1973-11-29,4411.44,835.11,280.11
1973-11-30,4641.84,822.25,280.11
1973-12-01,4641.84,822.25,280.11
1973-12-02,4641.84,822.25,280.11
1973-12-03,4510.52,806.52,280.11
1973-12-04,4447.9,803.21,280.11
1973-12-05,4434.15,788.31,280.11
1973-12-06,4335.29,814.12,280.11
1973-12-07,4283.56,838.05,280.11
1973-12-08,4283.56,838.05,280.11
1973-12-09,4283.56,838.05,280.11
1973-12-10,4165.13,851.14,280.11
1973-12-11,4135.95,834.18,280.11
1973-12-12,4097.1,810.73,280.03
1973-12-13,4033.09,800.43,280.11
1973-12-14,4037.92,815.65,280.11
1973-12-15,4037.92,815.65,280.11
1973-12-16,4037.92,815.65,280.11
1973-12-17,4041.47,811.12,280.11
1973-12-18,3958.57,829.49,280.11
1973-12-19,3988.94,829.57,280.11
1973-12-20,4165.23,828.11,280.11
1973-12-21,4157.08,818.73,280.11
1973-12-22,4157.08,818.73,280.11
1973-12-23,4157.08,818.73,280.11
1973-12-24,4157.08,814.81,280.35
1973-12-25,4038.21,814.81,280.35
1973-12-26,4194.79,837.56,280.27
1973-12-27,4289.41,851.01,280.66
1973-12-28,4306.8,848.02,280.43
1973-12-29,4306.8,848.02,280.43
1973-12-30,4306.8,848.02,280.43
1973-12-31,4306.8,850.86,280.27
1974-01-01,4306.8,850.86,280.27
1974-01-02,4306.8,855.32,280.82
1974-01-03,4306.8,880.69,283.69
1974-01-04,4259.2,880.23,282.09
1974-01-05,4259.2,880.23,282.09
1974-01-06,4259.2,880.23,282.09
1974-01-07,4180.7,876.85,300.3
1974-01-08,4194.18,861.78,299.94
1974-01-09,4195.22,834.79,299.94
1974-01-10,4195.22,823.11,299.94
1974-01-11,4171.11,841.48,300.03
1974-01-12,4171.11,841.48,300.03
1974-01-13,4171.11,841.48,300.03
1974-01-14,4274.75,840.18,300.12
1974-01-15,4274.75,846.4,300.12
1974-01-16,4314.13,856.09,300.12
1974-01-17,4311.86,872.16,300.12
1974-01-18,4369.67,855.47,300.12
1974-01-19,4369.67,855.47,300.12
1974-01-20,4369.67,855.47,300.12
1974-01-21,4352.65,854.63,305.34
1974-01-22,4371.16,863.47,304.88
1974-01-23,4453.98,871,303.58
1974-01-24,4487.97,863.08,300.12
1974-01-25,4473.99,859.39,299.8
1974-01-26,4473.99,859.39,299.8
1974-01-27,4473.99,859.39,299.8
1974-01-28,4536.85,853.01,299.85
1974-01-29,4516.17,852.32,300.03
1974-01-30,4510.62,862.32,299.22
1974-01-31,4449.9,855.55,298.77
1974-02-01,4489.94,843.94,298.86
1974-02-02,4489.94,843.94,298.86
1974-02-03,4489.94,843.94,298.86
1974-02-04,4551.88,821.5,297
1974-02-05,4555.05,820.64,293.69
1974-02-06,4586.72,824.62,297.62
1974-02-07,4651.55,828.46,296.82
1974-02-08,4576.6,820.4,296.3
1974-02-09,4576.6,820.4,296.3
1974-02-10,4576.6,820.4,296.3
1974-02-11,4576.6,803.9,295.51
1974-02-12,4601.2,806.63,295.51
1974-02-13,4556.56,806.87,291.89
1974-02-14,4525.28,809.92,291.55
1974-02-15,4552.22,820.32,293.17
1974-02-16,4552.22,820.32,293.17
1974-02-17,4552.22,820.32,293.17
1974-02-18,4546.87,820.32,293.17
1974-02-19,4523.36,819.54,290.11
1974-02-20,4520.25,831.04,289.02
1974-02-21,4481.9,846.84,282.09
1974-02-22,4460.47,855.99,280.58
1974-02-23,4460.47,855.99,280.58
1974-02-24,4460.47,855.99,280.58
1974-02-25,4453.07,851.38,283.37
1974-02-26,4474.23,859.51,286.53
1974-02-27,4468.46,863.42,287.03
1974-02-28,4486.58,860.53,288.43
1974-03-01,4538.69,851.92,292.06
1974-03-02,4538.69,851.92,292.06
1974-03-03,4538.69,851.92,292.06
1974-03-04,4610.69,853.18,292.74
1974-03-05,4597.16,872.42,289.44
1974-03-06,4580.59,879.85,287.03
1974-03-07,4550.87,869.06,286.86
1974-03-08,4527.04,878.05,287.19
1974-03-09,4527.04,878.05,287.19
1974-03-10,4527.04,878.05,287.19
1974-03-11,4514.69,888.45,285.71
1974-03-12,4484.05,887.12,281.69
1974-03-13,4456.94,891.66,282.33
1974-03-14,4465.39,889.78,282.89
1974-03-15,4465.59,887.83,282.49
1974-03-16,4465.59,887.83,282.49
1974-03-17,4465.59,887.83,282.49
1974-03-18,4446.11,874.22,281.93
1974-03-19,4420.07,867.57,280.98
1974-03-20,4405.74,872.34,280.19
1974-03-21,4405.74,875.47,279.1
1974-03-22,4403.15,878.13,276.78
1974-03-23,4403.15,878.13,276.78
1974-03-24,4403.15,878.13,276.78
1974-03-25,4389.89,881.02,275.18
1974-03-26,4427.97,883.68,274.88
1974-03-27,4460.15,871.17,275.48
1974-03-28,4470.34,854.35,274.42
1974-03-29,4466.14,846.68,276.09
1974-03-30,4466.14,846.68,276.09
1974-03-31,4466.14,846.68,276.09
1974-04-01,4466.32,843.48,280.11
1974-04-02,4454.47,846.61,275.48
1974-04-03,4443.96,858.03,275.86
1974-04-04,4403.65,858.89,278.32
1974-04-05,4424.14,847.54,279.33
1974-04-06,4424.14,847.54,279.33
1974-04-07,4424.14,847.54,279.33
1974-04-08,4448.46,839.96,278.01
1974-04-09,4427.9,846.84,279.25
1974-04-10,4444.86,843.71,278.01
1974-04-11,4461.88,844.81,276.78
1974-04-12,4539.19,844.81,278.55
1974-04-13,4539.19,844.81,278.55
1974-04-14,4539.19,844.81,278.55
1974-04-15,4573.57,843.79,278.55
1974-04-16,4533.72,861.23,276.93
1974-04-17,4583,867.41,276.4
1974-04-18,4600.41,869.92,276.4
1974-04-19,4613.59,859.9,276.93
1974-04-20,4613.59,859.9,276.93
1974-04-21,4613.59,859.9,276.93
1974-04-22,4608.32,858.57,277.39
1974-04-23,4585.22,845.98,275.56
1974-04-24,4571.26,832.37,276.24
1974-04-25,4554.3,827.68,278.16
1974-04-26,4576.44,834.64,279.8
1974-04-27,4576.44,834.64,279.8
1974-04-28,4576.44,834.64,279.8
1974-04-29,4576.44,835.42,279.33
1974-04-30,4622.35,836.75,279.64
1974-05-01,4644.26,853.88,279.41
1974-05-02,4684.68,851.06,279.96
1974-05-03,4684.68,845.9,279.8
1974-05-04,4684.68,845.9,279.8
1974-05-05,4684.68,845.9,279.8
1974-05-06,4684.68,844.88,279.41
1974-05-07,4690.78,847.15,279.56
1974-05-08,4706.47,850.99,277.62
1974-05-09,4694.31,865.77,277.62
1974-05-10,4693.54,850.44,277.62
1974-05-11,4693.54,850.44,277.62
1974-05-12,4693.54,850.44,277.62
1974-05-13,4704.42,845.59,277.62
1974-05-14,4684.91,847.86,277.78
1974-05-15,4666.06,846.06,277.39
1974-05-16,4677.32,835.34,277.62
1974-05-17,4703.91,818.84,277.7
1974-05-18,4703.91,818.84,277.7
1974-05-19,4703.91,818.84,277.7
1974-05-20,4680.58,812.42,278.24
1974-05-21,4717.86,809.53,279.1
1974-05-22,4752.29,802.57,279.88
1974-05-23,4754.19,805.23,279.56
1974-05-24,4709.61,816.65,279.49
1974-05-25,4709.61,816.65,279.49
1974-05-26,4709.61,816.65,279.49
1974-05-27,4743.33,816.65,279.49
1974-05-28,4748.98,814.3,279.33
1974-05-29,4778.36,795.37,279.72
1974-05-30,4778.36,803.58,280.9
1974-05-31,4750.44,802.17,281.93
1974-06-01,4750.44,802.17,281.93
1974-06-02,4750.44,802.17,281.93
1974-06-03,4771.86,821.26,283.69
1974-06-04,4747.01,828.69,282.89
1974-06-05,4781.49,830.18,281.85
1974-06-06,4782.27,845.35,281.93
1974-06-07,4729.16,853.72,282.65
1974-06-08,4729.16,853.72,282.65
1974-06-09,4729.16,853.72,282.65
1974-06-10,4640.45,859.67,282.17
1974-06-11,4698.49,852.08,282.25
1974-06-12,4720.6,848.56,282.97
1974-06-13,4692.47,852.08,282.49
1974-06-14,4685.12,843.09,282.57
1974-06-15,4685.12,843.09,282.57
1974-06-16,4685.12,843.09,282.57
1974-06-17,4686.04,833.23,282.73
1974-06-18,4688.53,830.26,282.73
1974-06-19,4709.48,826.11,282.65
1974-06-20,4705.24,820.79,282.89
1974-06-21,4666.74,815.39,283.21
1974-06-22,4666.74,815.39,283.21
1974-06-23,4666.74,815.39,283.21
1974-06-24,4659.9,816.33,283.61
1974-06-25,4650.46,828.85,283.85
1974-06-26,4671.82,816.96,284.09
1974-06-27,4643.2,803.66,283.93
1974-06-28,4602.87,802.41,284.25
1974-06-29,4602.87,802.41,284.25
1974-06-30,4602.87,802.41,284.25
1974-07-01,4622.15,806.24,285.31
1974-07-02,4599.51,790.68,286.61
1974-07-03,4573.77,792.87,285.88
1974-07-04,4573.62,792.87,285.88
1974-07-05,4626.7,791.77,287.36
1974-07-06,4626.7,791.77,287.36
1974-07-07,4626.7,791.77,287.36
1974-07-08,4562.46,770.57,287.94
1974-07-09,4506.98,772.29,288.43
1974-07-10,4580.52,762.12,290.7
1974-07-11,4576.41,759.62,291.97
1974-07-12,4527.63,787.23,289.18
1974-07-13,4527.63,787.23,289.18
1974-07-14,4527.63,787.23,289.18
1974-07-15,4479.88,786.61,288.85
1974-07-16,4524.98,775.97,288.1
1974-07-17,4522.09,784.97,289.94
1974-07-18,4492.86,789.19,290.36
1974-07-19,4516.79,787.94,290.7
1974-07-20,4516.79,787.94,290.7
1974-07-21,4516.79,787.94,290.7
1974-07-22,4529.16,790.36,291.29
1974-07-23,4518.23,797.72,292.74
1974-07-24,4536.54,805.77,292.83
1974-07-25,4552.43,795.68,293.94
1974-07-26,4545.03,784.57,295.42
1974-07-27,4545.03,784.57,295.42
1974-07-28,4545.03,784.57,295.42
1974-07-29,4498.22,770.89,298.24
1974-07-30,4465.06,765.57,297.53
1974-07-31,4492.42,757.43,298.24
1974-08-01,4491.52,751.1,299.58
1974-08-02,4396.1,752.58,300.12
1974-08-03,4396.1,752.58,300.12
1974-08-04,4396.1,752.58,300.12
1974-08-05,4262.92,760.4,300.21
1974-08-06,4196.07,773.78,300.75
1974-08-07,4288.96,797.56,302.11
1974-08-08,4297.4,784.89,302.75
1974-08-09,4285.13,777.3,302.57
1974-08-10,4285.13,777.3,302.57
1974-08-11,4285.13,777.3,302.57
1974-08-12,4290.53,767.29,302.11
1974-08-13,4228.53,756.44,301.84
1974-08-14,4179.82,740.54,302.48
1974-08-15,4189.46,737.88,302.75
1974-08-16,4250.52,731.54,302.94
1974-08-17,4250.52,731.54,302.94
1974-08-18,4250.52,731.54,302.94
1974-08-19,4237.62,721.84,303.12
1974-08-20,4211.25,726.85,303.12
1974-08-21,4116.24,711.59,303.49
1974-08-22,4041.28,704.63,303.86
1974-08-23,4100.63,686.8,303.12
1974-08-24,4100.63,686.8,303.12
1974-08-25,4100.63,686.8,303.12
1974-08-26,3994.99,688.13,302.85
1974-08-27,4017.11,671.54,302.11
1974-08-28,3973.14,666.61,302.48
1974-08-29,3987.62,656.84,302.94
1974-08-30,4069.68,678.58,302.94
1974-08-31,4069.68,678.58,302.94
1974-09-01,4069.68,678.58,302.94
1974-09-02,4134.35,678.58,302.94
1974-09-03,4094.27,663.33,302.66
1974-09-04,4052.68,648,302.75
1974-09-05,4134.03,670.76,302.57
1974-09-06,4080.81,677.88,302.66
1974-09-07,4080.81,677.88,302.66
1974-09-08,4080.81,677.88,302.66
1974-09-09,4091.82,662.94,302.48
1974-09-10,4070.61,658.17,302.75
1974-09-11,4088.46,654.72,302.11
1974-09-12,4080,641.74,301.2
1974-09-13,4035.5,627.19,299.58
1974-09-14,4035.5,627.19,299.58
1974-09-15,4035.5,627.19,299.58
1974-09-16,4035.5,639.79,299.4
1974-09-17,3965.62,648.78,296.12
1974-09-18,3991.98,651.91,296.03
1974-09-19,4017.3,674.05,296.82
1974-09-20,4048.47,670.76,295.86
1974-09-21,4048.47,670.76,295.86
1974-09-22,4048.47,670.76,295.86
1974-09-23,4048.47,663.72,295.86
1974-09-24,4036.62,654.1,294.81
1974-09-25,4037.64,649.95,296.21
1974-09-26,4018.42,637.98,296.74
1974-09-27,3961.4,621.95,296.74
1974-09-28,3961.4,621.95,296.74
1974-09-29,3961.4,621.95,296.74
1974-09-30,3950,607.87,298.33
1974-10-01,3854.11,604.82,298.15
1974-10-02,3803.94,601.53,297.97
1974-10-03,3755.13,587.61,299.04
1974-10-04,3668.19,584.56,299.04
1974-10-05,3668.19,584.56,299.04
1974-10-06,3668.19,584.56,299.04
1974-10-07,3605.87,607.56,300.03
1974-10-08,3546.91,602.63,299.76
1974-10-09,3355.13,631.02,298.69
1974-10-10,3355.13,648.08,298.77
1974-10-11,3513.23,658.17,299.13
1974-10-12,3513.23,658.17,299.13
1974-10-13,3513.23,658.17,299.13
1974-10-14,3601.89,673.5,299.13
1974-10-15,3670.66,658.4,299.13
1974-10-16,3715.25,642.29,299.04
1974-10-17,3699.52,651.44,298.95
1974-10-18,3748.72,654.88,299.31
1974-10-19,3748.72,654.88,299.31
1974-10-20,3748.72,654.88,299.31
1974-10-21,3696.57,669.82,299.67
1974-10-22,3657.13,662.86,299.94
1974-10-23,3678.53,645.03,299.67
1974-10-24,3627.49,636.26,299.94
1974-10-25,3580.33,636.19,299.85
1974-10-26,3580.33,636.19,299.85
1974-10-27,3580.33,636.19,299.85
1974-10-28,3403.61,633.84,300.12
1974-10-29,3513.69,659.34,299.94
1974-10-30,3478.43,673.03,299.94
1974-10-31,3594.55,665.52,299.94
1974-11-01,3547.58,665.28,300.48
1974-11-02,3547.58,665.28,300.48
1974-11-03,3547.58,665.28,300.48
1974-11-04,3547.58,657.23,300.48
1974-11-05,3558.31,674.75,300.48
1974-11-06,3578.08,669.12,300.48
1974-11-07,3612.52,671.93,299.76
1974-11-08,3648.82,667.16,299.67
1974-11-09,3648.82,667.16,299.67
1974-11-10,3648.82,667.16,299.67
1974-11-11,3732.23,672.64,299.67
1974-11-12,3773.1,659.18,300.3
1974-11-13,3775.91,659.18,300.12
1974-11-14,3795.13,658.4,300.3
1974-11-15,3765.78,647.61,299.94
1974-11-16,3765.78,647.61,299.94
1974-11-17,3765.78,647.61,299.94
1974-11-18,3738.56,624.92,299.67
1974-11-19,3707.23,614.05,299.94
1974-11-20,3694.99,609.59,299.94
1974-11-21,3665.1,608.57,299.94
1974-11-22,3759.86,615.3,299.85
1974-11-23,3759.86,615.3,299.85
1974-11-24,3759.86,615.3,299.85
1974-11-25,3823.07,611.94,300.21
1974-11-26,3860.58,617.26,300.12
1974-11-27,3929.37,619.29,299.85
1974-11-28,3918.55,619.29,299.85
1974-11-29,3927.49,618.66,300.3
1974-11-30,3927.49,618.66,300.3
1974-12-01,3927.49,618.66,300.3
1974-12-02,3974.72,603.02,300.39
1974-12-03,3953.71,596.61,300.03
1974-12-04,3908.25,598.64,299.76
1974-12-05,3904.94,587.06,300.03
1974-12-06,3850.17,577.6,299.94
1974-12-07,3850.17,577.6,299.94
1974-12-08,3850.17,577.6,299.94
1974-12-09,3970.66,579.94,299.85
1974-12-10,3943.43,593.87,299.76
1974-12-11,3931.38,595.35,299.76
1974-12-12,3920.35,596.37,300.03
1974-12-13,3886.18,592.77,300.03
1974-12-14,3886.18,592.77,300.03
1974-12-15,3886.18,592.77,300.03
1974-12-16,3902.2,586.83,300.3
1974-12-17,3903.08,597.54,300.48
1974-12-18,3916.62,603.49,300.66
1974-12-19,3903.59,604.43,300.84
1974-12-20,3886.54,598.48,301.11
1974-12-21,3886.54,598.48,301.11
1974-12-22,3886.54,598.48,301.11
1974-12-23,3886.54,589.64,301.02
1974-12-24,3834.21,598.4,301.2
1974-12-25,3896.01,598.4,301.2
1974-12-26,3889.89,604.74,301.11
1974-12-27,3836.93,602.16,300.75
1974-12-28,3836.93,602.16,300.75
1974-12-29,3836.93,602.16,300.75
1974-12-30,3836.93,603.25,300.57
1974-12-31,3836.93,616.24,301.02
1975-01-01,3836.93,616.24,301.02
1975-01-02,3836.93,632.04,300.66
1975-01-03,3836.93,634.54,300.84
1975-01-04,3836.93,634.54,300.84
1975-01-05,3836.93,634.54,300.84
1975-01-06,3717.58,637.2,301.02
1975-01-07,3742.58,641.19,300.93
1975-01-08,3676.02,635.4,300.75
1975-01-09,3652.53,645.26,300.84
1975-01-10,3652.53,658.79,300.84
1975-01-11,3652.53,658.79,300.84
1975-01-12,3652.53,658.79,300.84
1975-01-13,3657.82,654.18,300.93
1975-01-14,3721.75,648.7,300.93
1975-01-15,3721.75,653.39,301.02
1975-01-16,3741.2,655.74,300.75
1975-01-17,3829.37,644.63,300.84
1975-01-18,3829.37,644.63,300.84
1975-01-19,3829.37,644.63,300.84
1975-01-20,3823.32,647.45,301.02
1975-01-21,3791.62,641.9,300.84
1975-01-22,3765.96,652.61,300.3
1975-01-23,3752.16,656.76,299.67
1975-01-24,3747.01,666.61,295.33
1975-01-25,3747.01,666.61,295.33
1975-01-26,3747.01,666.61,295.33
1975-01-27,3781.09,692.66,294.99
1975-01-28,3841.98,694.77,297.44
1975-01-29,3886.09,705.96,297.35
1975-01-30,3949.11,696.42,297.8
1975-01-31,3957.53,703.69,297.97
1975-02-01,3957.53,703.69,297.97
1975-02-02,3957.53,703.69,297.97
1975-02-03,3998.59,711.44,297.44
1975-02-04,4003.75,708.07,297.09
1975-02-05,4037.78,717.85,297.27
1975-02-06,4038.35,714.17,297
1975-02-07,4036.41,711.91,295.6
1975-02-08,4036.41,711.91,295.6
1975-02-09,4036.41,711.91,295.6
1975-02-10,4092.3,708.39,292.4
1975-02-11,4092.3,707.6,291.63
1975-02-12,4094.31,715.03,291.63
1975-02-13,4120.89,726.92,292.83
1975-02-14,4107.63,734.2,293.26
1975-02-15,4107.63,734.2,293.26
1975-02-16,4107.63,734.2,293.26
1975-02-17,4139.51,734.2,293.26
1975-02-18,4084.93,731.3,293.34
1975-02-19,4053.53,736.39,291.55
1975-02-20,4095.39,745.38,291.12
1975-02-21,4105.05,749.77,289.52
1975-02-22,4105.05,749.77,289.52
1975-02-23,4105.05,749.77,289.52
1975-02-24,4182.86,736.94,285.88
1975-02-25,4185.5,719.18,285.96
1975-02-26,4206.32,728.1,285.63
1975-02-27,4246.59,731.15,285.88
1975-02-28,4273.39,739.05,286.45
1975-03-01,4273.39,739.05,286.45
1975-03-02,4273.39,739.05,286.45
1975-03-03,4302.04,753.13,285.39
1975-03-04,4265.79,757.74,284.66
1975-03-05,4257.42,752.82,285.23
1975-03-06,4260.3,761.81,285.71
1975-03-07,4281.04,770.1,285.96
1975-03-08,4281.04,770.1,285.96
1975-03-09,4281.04,770.1,285.96
1975-03-10,4330.14,776.13,286.21
1975-03-11,4320.95,770.89,286.12
1975-03-12,4348.07,763.69,287.27
1975-03-13,4301.32,762.98,288.85
1975-03-14,4260.56,773.47,288.1
1975-03-15,4260.56,773.47,288.1
1975-03-16,4260.56,773.47,288.1
1975-03-17,4273.3,786.53,286.53
1975-03-18,4293.46,779.41,287.19
1975-03-19,4274.38,769.48,288.18
1975-03-20,4246.98,764,287.19
1975-03-21,4246.98,763.06,287.44
1975-03-22,4246.98,763.06,287.44
1975-03-23,4246.98,763.06,287.44
1975-03-24,4226.87,743.43,287.77
1975-03-25,4247.49,747.89,290.02
1975-03-26,4260.52,766.19,290.53
1975-03-27,4320.57,770.26,292.06
1975-03-28,4392.62,770.26,292.48
1975-03-29,4392.62,770.26,292.48
1975-03-30,4392.62,770.26,292.48
1975-03-31,4484.97,768.15,294.03
1975-04-01,4478.97,761.58,290.87
1975-04-02,4492.29,760.56,291.55
1975-04-03,4494.03,752.19,292.31
1975-04-04,4442.91,747.26,292.23
1975-04-05,4442.91,747.26,292.23
1975-04-06,4442.91,747.26,292.23
1975-04-07,4394.68,742.88,291.97
1975-04-08,4405.12,749.22,291.89
1975-04-09,4450.96,767.99,291.89
1975-04-10,4461.86,781.29,291.8
1975-04-11,4461.16,789.5,291.12
1975-04-12,4461.16,789.5,291.12
1975-04-13,4461.16,789.5,291.12
1975-04-14,4473.18,806.95,291.29
1975-04-15,4443.57,815.08,290.95
1975-04-16,4421.65,815.71,291.38
1975-04-17,4422.71,819.46,291.72
1975-04-18,4421.44,808.43,291.8
1975-04-19,4421.44,808.43,291.8
1975-04-20,4421.44,808.43,291.8
1975-04-21,4398.62,815.86,292.83
1975-04-22,4355.11,814.14,292.83
1975-04-23,4371.97,802.49,292.74
1975-04-24,4365.34,803.66,292.83
1975-04-25,4391.99,811.8,293.69
1975-04-26,4391.99,811.8,293.69
1975-04-27,4391.99,811.8,293.69
1975-04-28,4474.5,810,294.55
1975-04-29,4474.5,803.04,293.86
1975-04-30,4484.84,821.34,292.23
1975-05-01,4504.31,830.96,292.14
1975-05-02,4548.04,848.48,290.36
1975-05-03,4548.04,848.48,290.36
1975-05-04,4548.04,848.48,290.36
1975-05-05,4548.04,855.6,290.44
1975-05-06,4548.4,834.72,291.38
1975-05-07,4546.46,836.44,291.21
1975-05-08,4552.61,840.5,291.38
1975-05-09,4534.87,850.13,291.46
1975-05-10,4534.87,850.13,291.46
1975-05-11,4534.87,850.13,291.46
1975-05-12,4564.52,847.47,291.29
1975-05-13,4515.16,850.13,291.46
1975-05-14,4522.63,858.73,291.8
1975-05-15,4551.6,848.8,291.63
1975-05-16,4544.98,837.61,291.55
1975-05-17,4544.98,837.61,291.55
1975-05-18,4544.98,837.61,291.55
1975-05-19,4511.36,837.69,291.8
1975-05-20,4518.77,830.49,292.23
1975-05-21,4504.68,818.68,292.06
1975-05-22,4521.48,818.91,291.89
1975-05-23,4473.65,831.9,291.04
1975-05-24,4473.65,831.9,291.04
1975-05-25,4473.65,831.9,291.04
1975-05-26,4457.38,831.9,291.04
1975-05-27,4469.59,826.11,291.29
1975-05-28,4459.16,817.04,290.7
1975-05-29,4423.4,815,291.38
1975-05-30,4407.73,832.29,291.55
1975-05-31,4407.73,832.29,291.55
1975-06-01,4407.73,832.29,291.55
1975-06-02,4378.51,846.61,291.46
1975-06-03,4399.94,846.14,291.04
1975-06-04,4466.64,839.96,291.29
1975-06-05,4486.78,842.15,292.23
1975-06-06,4534.66,839.64,291.8
1975-06-07,4534.66,839.64,291.8
1975-06-08,4534.66,839.64,291.8
1975-06-09,4489.02,830.1,291.8
1975-06-10,4476,822.12,291.89
1975-06-11,4490.46,824.55,291.89
1975-06-12,4473.92,819.31,292.48
1975-06-13,4468.82,824.47,292.65
1975-06-14,4468.82,824.47,292.65
1975-06-15,4468.82,824.47,292.65
1975-06-16,4506.2,834.56,294.12
1975-06-17,4510.23,828.61,293.43
1975-06-18,4498.19,827.83,294.12
1975-06-19,4496.99,845.35,294.12
1975-06-20,4488.55,855.44,293.94
1975-06-21,4488.55,855.44,293.94
1975-06-22,4488.55,855.44,293.94
1975-06-23,4500.25,864.83,294.72
1975-06-24,4523.69,869.06,295.33
1975-06-25,4515.61,872.73,297
1975-06-26,4485,874.14,295.77
1975-06-27,4498.11,873.12,296.03
1975-06-28,4498.11,873.12,296.03
1975-06-29,4498.11,873.12,296.03
1975-06-30,4532.54,878.99,295.68
1975-07-01,4541.25,877.42,295.68
1975-07-02,4531.44,870.38,295.51
1975-07-03,4491.47,871.79,295.42
1975-07-04,4445.72,871.79,295.42
1975-07-05,4445.72,871.79,295.42
1975-07-06,4445.72,871.79,295.42
1975-07-07,4410.6,861.08,295.51
1975-07-08,4389.93,857.79,295.68
1975-07-09,4413.17,871.87,295.95
1975-07-10,4408.37,871.87,296.12
1975-07-11,4427.32,871.09,296.12
1975-07-12,4427.32,871.09,296.12
1975-07-13,4427.32,871.09,296.12
1975-07-14,4427.54,875.86,295.86
1975-07-15,4432.02,881.81,295.86
1975-07-16,4435.25,872.11,296.03
1975-07-17,4395.73,864.28,296.3
1975-07-18,4377.37,862.41,296.21
1975-07-19,4377.37,862.41,296.21
1975-07-20,4377.37,862.41,296.21
1975-07-21,4377.37,854.74,296.12
1975-07-22,4302.29,846.76,296.47
1975-07-23,4321.48,836.67,296.82
1975-07-24,4306.8,840.27,297.62
1975-07-25,4322.94,834.09,296.65
1975-07-26,4322.94,834.09,296.65
1975-07-27,4322.94,834.09,296.65
1975-07-28,4290.96,827.83,297.8
1975-07-29,4329.95,824.86,297.35
1975-07-30,4311.31,831.66,297.44
1975-07-31,4333.04,831.51,297.71
1975-08-01,4292.55,826.5,297.89
1975-08-02,4292.55,826.5,297.89
1975-08-03,4292.55,826.5,297.89
1975-08-04,4305.01,818.05,297.97
1975-08-05,4259.23,810.15,297.97
1975-08-06,4238.96,813.67,298.06
1975-08-07,4215.88,815.79,297.97
1975-08-08,4244.81,817.74,297.62
1975-08-09,4244.81,817.74,297.62
1975-08-10,4244.81,817.74,297.62
1975-08-11,4240.62,823.76,297.8
1975-08-12,4217.49,828.54,298.06
1975-08-13,4194.49,820.56,297.97
1975-08-14,4205.73,817.04,297.97
1975-08-15,4229.67,825.64,297.97
1975-08-16,4229.67,825.64,297.97
1975-08-17,4229.67,825.64,297.97
1975-08-18,4238.6,822.75,298.15
1975-08-19,4224.86,808.51,298.06
1975-08-20,4183.97,793.26,297.97
1975-08-21,4159.79,791.69,297.89
1975-08-22,4134.99,804.76,297.97
1975-08-23,4134.99,804.76,297.97
1975-08-24,4134.99,804.76,297.97
1975-08-25,4098.59,812.34,298.06
1975-08-26,4051.04,803.11,298.15
1975-08-27,4036.34,807.2,297.97
1975-08-28,4007.14,829.47,298.06
1975-08-29,4060.57,835.34,297.97
1975-08-30,4060.57,835.34,297.97
1975-08-31,4060.57,835.34,297.97
1975-09-01,4045.98,835.34,297.97
1975-09-02,4047.82,823.69,297.97
1975-09-03,4011.35,832.29,297.8
1975-09-04,3949.53,838.31,297.89
1975-09-05,3887.89,835.97,297.97
1975-09-06,3887.89,835.97,297.97
1975-09-07,3887.89,835.97,297.97
1975-09-08,3972.8,840.11,297.97
1975-09-09,3947.12,827.75,298.06
1975-09-10,3963.02,817.66,297.97
1975-09-11,4002.89,812.66,298.06
1975-09-12,4027.83,809.23,298.06
1975-09-13,4027.83,809.23,298.06
1975-09-14,4027.83,809.23,298.06
1975-09-15,4027.83,803.19,298.06
1975-09-16,4031.75,795.13,298.06
1975-09-17,4024.94,799.05,298.33
1975-09-18,3992.91,814.61,300.48
1975-09-19,3973.71,829.79,301.57
1975-09-20,3973.71,829.79,301.57
1975-09-21,3973.71,829.79,301.57
1975-09-22,3934.18,820.4,302.94
1975-09-23,3934.18,819.85,303.31
1975-09-24,3942.3,826.19,303.12
1975-09-25,3933.32,820.24,302.66
1975-09-26,3895.05,818.6,301.75
1975-09-27,3895.05,818.6,301.75
1975-09-28,3895.05,818.6,301.75
1975-09-29,3814.02,805.23,303.21
1975-09-30,3886.39,793.88,302.85
1975-10-01,3870.11,784.16,302.57
1975-10-02,3891.09,794.55,302.66
1975-10-03,3981.53,813.21,303.03
1975-10-04,3981.53,813.21,303.03
1975-10-05,3981.53,813.21,303.03
1975-10-06,4101.68,819.66,303.12
1975-10-07,4100.82,816.51,302.94
1975-10-08,4149.5,823.91,303.12
1975-10-09,4201.62,824.54,303.03
1975-10-10,4201.62,823.91,302.94
1975-10-11,4201.62,823.91,302.94
1975-10-12,4201.62,823.91,302.94
1975-10-13,4180.64,837.77,302.94
1975-10-14,4213.81,835.25,302.66
1975-10-15,4234.97,837.22,302.94
1975-10-16,4233.15,837.85,302.94
1975-10-17,4257.86,832.18,302.76
1975-10-18,4257.86,832.18,302.76
1975-10-19,4257.86,832.18,302.76
1975-10-20,4289.2,842.25,302.48
1975-10-21,4260.59,846.82,301.11
1975-10-22,4294.15,849.57,301.57
1975-10-23,4296.66,855.16,301.84
1975-10-24,4311.12,840.52,301.66
1975-10-25,4311.12,840.52,301.66
1975-10-26,4311.12,840.52,301.66
1975-10-27,4332.79,838.48,301.57
1975-10-28,4320.1,851.46,301.48
1975-10-29,4360.42,838.63,301.57
1975-10-30,4322.33,839.42,301.66
1975-10-31,4352.05,836.04,301.75
1975-11-01,4352.05,836.04,301.75
1975-11-02,4352.05,836.04,301.75
1975-11-03,4352.05,825.72,301.75
1975-11-04,4339.48,830.13,301.75
1975-11-05,4306.9,836.27,301.84
1975-11-06,4282.26,840.92,301.75
1975-11-07,4322.85,835.8,301.75
1975-11-08,4322.85,835.8,301.75
1975-11-09,4322.85,835.8,301.75
1975-11-10,4354.96,835.48,302.3
1975-11-11,4335.39,838.55,302.3
1975-11-12,4337.65,852.25,301.93
1975-11-13,4309.88,851.23,302.21
1975-11-14,4313.77,853.67,302.57
1975-11-15,4313.77,853.67,302.57
1975-11-16,4313.77,853.67,302.57
1975-11-17,4312.07,856.66,302.66
1975-11-18,4318.36,855.24,302.94
1975-11-19,4282.39,848.24,303.12
1975-11-20,4307.77,843.51,302.94
1975-11-21,4287.93,840.76,303.12
1975-11-22,4287.93,840.76,303.12
1975-11-23,4287.93,840.76,303.12
1975-11-24,4287.93,845.64,302.94
1975-11-25,4245.39,855.4,303.12
1975-11-26,4301.72,858.55,303.21
1975-11-27,4323.22,858.55,303.21
1975-11-28,4329.77,860.67,303.12
1975-11-29,4329.77,860.67,303.12
1975-11-30,4329.77,860.67,303.12
1975-12-01,4306.75,856.34,304.41
1975-12-02,4305.2,843.2,304.41
1975-12-03,4331.88,825.49,305.06
1975-12-04,4307.17,829.11,304.97
1975-12-05,4310,818.8,306.75
1975-12-06,4310,818.8,306.75
1975-12-07,4310,818.8,306.75
1975-12-08,4267.49,821.63,306.84
1975-12-09,4233.02,824.15,306.19
1975-12-10,4249.12,833.99,306.09
1975-12-11,4249.55,832.73,305.9
1975-12-12,4230.21,832.81,305.9
1975-12-13,4230.21,832.81,305.9
1975-12-14,4230.21,832.81,305.9
1975-12-15,4225.05,836.59,306
1975-12-16,4212.16,844.3,305.53
1975-12-17,4177.12,846.27,305.62
1975-12-18,4181.54,852.09,305.62
1975-12-19,4220.25,844.38,306.09
1975-12-20,4220.25,844.38,306.09
1975-12-21,4220.25,844.38,306.09
1975-12-22,4235.01,838.63,306.09
1975-12-23,4235.01,843.75,306
1975-12-24,4258.3,851.94,305.9
1975-12-25,4310.25,851.94,305.9
1975-12-26,4342.06,859.81,305.9
1975-12-27,4342.06,859.81,305.9
1975-12-28,4342.06,859.81,305.9
1975-12-29,4342.06,856.66,305.25
1975-12-30,4342.06,852.41,305.06
1975-12-31,4342.06,852.41,305.16
1976-01-01,4342.06,852.41,305.16
1976-01-02,4342.06,858.71,305.06
1976-01-03,4342.06,858.71,305.06
1976-01-04,4342.06,858.71,305.06
1976-01-05,4403.06,877.83,305.16
1976-01-06,4449.7,890.82,305.06
1976-01-07,4469.1,898.69,305.25
1976-01-08,4485.77,907.98,305.62
1976-01-09,4484.05,911.13,306
1976-01-10,4484.05,911.13,306
1976-01-11,4484.05,911.13,306
1976-01-12,4580.77,922.39,305.16
1976-01-13,4588.46,912.94,305.25
1976-01-14,4605.19,929.63,305.34
1976-01-15,4605.19,924.51,305.25
1976-01-16,4629.56,929.63,305.25
1976-01-17,4629.56,929.63,305.25
1976-01-18,4629.56,929.63,305.25
1976-01-19,4609.26,943.72,304.14
1976-01-20,4627.02,949.86,303.86
1976-01-21,4617.4,946.24,304.41
1976-01-22,4568.16,943.48,304.14
1976-01-23,4582.59,953.95,304.04
1976-01-24,4582.59,953.95,304.04
1976-01-25,4582.59,953.95,304.04
1976-01-26,4639.62,961.51,303.77
1976-01-27,4660.46,957.81,303.67
1976-01-28,4637.41,951.35,303.58
1976-01-29,4626.85,968.75,303.67
1976-01-30,4656.86,975.28,303.67
1976-01-31,4656.86,975.28,303.67
1976-02-01,4656.86,975.28,303.67
1976-02-02,4670.29,971.35,303.21
1976-02-03,4631.42,972.61,302.76
1976-02-04,4649.69,976.62,300.57
1976-02-05,4633.95,964.81,300.57
1976-02-06,4587.77,954.9,301.39
1976-02-07,4587.77,954.9,301.39
1976-02-08,4587.77,954.9,301.39
1976-02-09,4519.02,957.18,300.75
1976-02-10,4520.5,968.75,300.66
1976-02-11,4520.5,971.9,300.12
1976-02-12,4537.79,966.78,300.12
1976-02-13,4568.13,958.36,300.75
1976-02-14,4568.13,958.36,300.75
1976-02-15,4568.13,958.36,300.75
1976-02-16,4539.5,958.36,300.75
1976-02-17,4540.55,950.57,301.57
1976-02-18,4506.66,960.09,301.66
1976-02-19,4461.63,975.76,301.75
1976-02-20,4489.23,987.8,302.11
1976-02-21,4489.23,987.8,302.11
1976-02-22,4489.23,987.8,302.11
1976-02-23,4496.37,985.28,302.57
1976-02-24,4500.53,993.55,302.02
1976-02-25,4554.33,994.57,302.02
1976-02-26,4599.4,978.83,302.11
1976-02-27,4628.76,972.61,302.11
1976-02-28,4628.76,972.61,302.11
1976-02-29,4628.76,972.61,302.11
1976-03-01,4630.53,975.36,301.66
1976-03-02,4622.71,985.12,301.66
1976-03-03,4618.48,978.83,301.57
1976-03-04,4610.28,970.64,301.66
1976-03-05,4612.59,972.92,301.57
1976-03-06,4612.59,972.92,301.57
1976-03-07,4612.59,972.92,301.57
1976-03-08,4592.5,988.74,300.75
1976-03-09,4587.44,993.7,301.11
1976-03-10,4607.5,995.28,301.3
1976-03-11,4611.22,1003.31,301.3
1976-03-12,4598.79,987.64,300.84
1976-03-13,4598.79,987.64,300.84
1976-03-14,4598.79,987.64,300.84
1976-03-15,4607.3,974.5,300.66
1976-03-16,4590.91,983.47,300.57
1976-03-17,4582.94,985.99,299.94
1976-03-18,4601.87,979.85,299.94
1976-03-19,4610.69,979.85,299.67
1976-03-20,4610.69,979.85,299.67
1976-03-21,4610.69,979.85,299.67
1976-03-22,4610.69,982.29,299.85
1976-03-23,4626.47,995.43,299.76
1976-03-24,4635.45,1009.21,299.76
1976-03-25,4622.7,1002.13,299.67
1976-03-26,4670.78,1003.46,299.58
1976-03-27,4670.78,1003.46,299.58
1976-03-28,4670.78,1003.46,299.58
1976-03-29,4566.7,997.4,299.67
1976-03-30,4552.53,992.13,299.85
1976-03-31,4596.48,999.45,299.58
1976-04-01,4581.82,994.1,299.49
1976-04-02,4574.36,991.58,299.31
1976-04-03,4574.36,991.58,299.31
1976-04-04,4574.36,991.58,299.31
1976-04-05,4511.88,1004.09,299.31
1976-04-06,4479.97,1001.65,299.04
1976-04-07,4522.53,986.22,298.86
1976-04-08,4500.51,977.09,297.44
1976-04-09,4464.25,968.28,297.89
1976-04-10,4464.25,968.28,297.89
1976-04-11,4464.25,968.28,297.89
1976-04-12,4423.1,971.27,298.42
1976-04-13,4408.21,984.26,298.6
1976-04-14,4413.19,974.65,298.06
1976-04-15,4457.73,980.48,299.4
1976-04-16,4475.1,980.48,299.31
1976-04-17,4475.1,980.48,299.31
1976-04-18,4475.1,980.48,299.31
1976-04-19,4477.42,988.11,300.03
1976-04-20,4508.8,1003.46,299.49
1976-04-21,4535.82,1011.02,299.58
1976-04-22,4553.08,1007.71,299.67
1976-04-23,4573.31,1000.71,299.76
1976-04-24,4573.31,1000.71,299.76
1976-04-25,4573.31,1000.71,299.76
1976-04-26,4566.07,1002.76,299.85
1976-04-27,4614.94,995.51,299.31
1976-04-28,4641.76,1000.7,299.22
1976-04-29,4641.76,1002.13,299.31
1976-04-30,4656.96,996.85,299.04
1976-05-01,4656.96,996.85,299.04
1976-05-02,4656.96,996.85,299.04
1976-05-03,4656.96,990.32,298.95
1976-05-04,4656.96,993.7,297.89
1976-05-05,4656.96,986.46,297.97
1976-05-06,4581.71,989.53,298.24
1976-05-07,4614.83,996.22,298.51
1976-05-08,4614.83,996.22,298.51
1976-05-09,4614.83,996.22,298.51
1976-05-10,4631.18,1007.48,298.42
1976-05-11,4625.98,1006.61,298.42
1976-05-12,4615.11,1005.67,298.69
1976-05-13,4648.06,1001.1,298.95
1976-05-14,4633.19,992.64,298.78
1976-05-15,4633.19,992.64,298.78
1976-05-16,4633.19,992.64,298.78
1976-05-17,4630.63,987.64,299.31
1976-05-18,4573.29,989.45,299.13
1976-05-19,4587.8,988.9,299.22
1976-05-20,4602.62,997.27,299.4
1976-05-21,4581.7,990.75,299.58
1976-05-22,4581.7,990.75,299.58
1976-05-23,4581.7,990.75,299.58
1976-05-24,4589.9,971.53,299.58
1976-05-25,4569.08,971.69,299.58
1976-05-26,4588.15,968.63,299.76
1976-05-27,4570.72,965.57,299.67
1976-05-28,4608.95,975.23,300.03
1976-05-29,4608.95,975.23,300.03
1976-05-30,4608.95,975.23,300.03
1976-05-31,4659.46,975.23,300.03
1976-06-01,4686,973.13,300.39
1976-06-02,4706.5,975.93,300.3
1976-06-03,4727.71,973.8,300.48
1976-06-04,4717.34,963.9,300.39
1976-06-05,4717.34,963.9,300.39
1976-06-06,4717.34,963.9,300.39
1976-06-07,4733.95,958.09,300.3
1976-06-08,4699.96,959.97,300.12
1976-06-09,4705.88,958.09,299.94
1976-06-10,4689.35,964.39,299.94
1976-06-11,4688.52,978.8,300.03
1976-06-12,4688.52,978.8,300.03
1976-06-13,4688.52,978.8,300.03
1976-06-14,4707.05,991.24,299.94
1976-06-15,4737.7,985.92,299.76
1976-06-16,4753.44,988.62,299.85
1976-06-17,4737.33,1003.19,300.03
1976-06-18,4696.3,1001.88,299.31
1976-06-19,4696.3,1001.88,299.31
1976-06-20,4696.3,1001.88,299.31
1976-06-21,4739.26,1007.45,299.31
1976-06-22,4700.85,997.63,299.22
1976-06-23,4703.17,996.56,296.82
1976-06-24,4708.53,1003.77,297.27
1976-06-25,4725.45,999.84,297.8
1976-06-26,4725.45,999.84,297.8
1976-06-27,4725.45,999.84,297.8
1976-06-28,4794.68,997.38,296.03
1976-06-29,4823.92,1000.68,297
1976-06-30,4852.13,1002.78,297.97
1976-07-01,4865.55,994.84,296.91
1976-07-02,4853.68,999.84,297.18
1976-07-03,4853.68,999.84,297.18
1976-07-04,4853.68,999.84,297.18
1976-07-05,4846.5,999.84,297.18
1976-07-06,4843.28,991.81,296.38
1976-07-07,4854.54,991.16,296.65
1976-07-08,4814.17,991.98,296.47
1976-07-09,4839,1003.11,296.74
1976-07-10,4839,1003.11,296.74
1976-07-11,4839,1003.11,296.74
1976-07-12,4808.03,1011.21,296.38
1976-07-13,4775.4,1006.06,294.9
1976-07-14,4746.39,1005.16,292.65
1976-07-15,4695.68,997.46,293.17
1976-07-16,4708.48,993.21,294.03
1976-07-17,4708.48,993.21,294.03
1976-07-18,4708.48,993.21,294.03
1976-07-19,4688.49,990.83,293.69
1976-07-20,4688.49,988.29,293.34
1976-07-21,4697.09,989.44,293.6
1976-07-22,4705.24,991.08,293.69
1976-07-23,4721.48,990.91,293.94
1976-07-24,4721.48,990.91,293.94
1976-07-25,4721.48,990.91,293.94
1976-07-26,4667.1,991.51,293.51
1976-07-27,4679.51,984.13,293.86
1976-07-28,4678.22,981.33,293.51
1976-07-29,4646.6,979.29,293.6
1976-07-30,4641.83,984.64,293.26
1976-07-31,4641.83,984.64,293.26
1976-08-01,4641.83,984.64,293.26
1976-08-02,4640.89,982.26,292.91
1976-08-03,4651.58,990.33,292.91
1976-08-04,4693.97,992.28,292.83
1976-08-05,4707.9,986.68,293
1976-08-06,4717.87,986,293
1976-08-07,4717.87,986,293
1976-08-08,4717.87,986,293
1976-08-09,4711.89,983.46,292.65
1976-08-10,4725.98,993.43,292.83
1976-08-11,4743.93,986.79,292.57
1976-08-12,4730.78,987.12,292.65
1976-08-13,4736.93,990.19,291.12
1976-08-14,4736.93,990.19,291.12
1976-08-15,4736.93,990.19,291.12
1976-08-16,4722.83,992.77,290.36
1976-08-17,4729.9,999.34,287.85
1976-08-18,4732.63,995.01,288.27
1976-08-19,4734.06,983.88,288.77
1976-08-20,4716.87,974.07,289.35
1976-08-21,4716.87,974.07,289.35
1976-08-22,4716.87,974.07,289.35
1976-08-23,4696.64,971.49,289.77
1976-08-24,4697.31,962.93,288.43
1976-08-25,4695.03,970.83,288.85
1976-08-26,4682.3,960.44,288.93
1976-08-27,4689.61,963.93,288.6
1976-08-28,4689.61,963.93,288.6
1976-08-29,4689.61,963.93,288.6
1976-08-30,4696.84,968.92,288.77
1976-08-31,4738.14,973.74,289.35
1976-09-01,4786.15,985.95,288.93
1976-09-02,4781.81,984.79,288.68
1976-09-03,4764.84,989.11,287.77
1976-09-04,4764.84,989.11,287.77
1976-09-05,4764.84,989.11,287.77
1976-09-06,4739.34,989.11,287.77
1976-09-07,4700.81,996.59,287.77
1976-09-08,4699.45,992.94,287.6
1976-09-09,4676.57,986.87,286.04
1976-09-10,4707.7,988.36,286.94
1976-09-11,4707.7,988.36,286.94
1976-09-12,4707.7,988.36,286.94
1976-09-13,4729.7,983.29,286.62
1976-09-14,4702.84,978.64,286.53
1976-09-15,4702.84,979.31,286.12
1976-09-16,4710.97,987.95,286.7
1976-09-17,4722.89,995.1,287.27
1976-09-18,4722.89,995.1,287.27
1976-09-19,4722.89,995.1,287.27
1976-09-20,4726.55,994.51,287.11
1976-09-21,4738.6,1014.79,288.02
1976-09-22,4744.5,1014.05,287.11
1976-09-23,4744.5,1010.8,287.77
1976-09-24,4730.66,1009.31,287.85
1976-09-25,4730.66,1009.31,287.85
1976-09-26,4730.66,1009.31,287.85
1976-09-27,4722.06,1013.13,287.6
1976-09-28,4781.79,994.93,287.52
1976-09-29,4834.09,991.19,287.77
1976-09-30,4830.4,990.19,286.86
1976-10-01,4815.54,979.89,287.11
1976-10-02,4815.54,979.89,287.11
1976-10-03,4815.54,979.89,287.11
1976-10-04,4835.27,977.98,287.27
1976-10-05,4829.94,966.76,287.44
1976-10-06,4825.31,959.69,288.02
1976-10-07,4804.61,965.09,288.1
1976-10-08,4778.78,952.38,288.77
1976-10-09,4778.78,952.38,288.77
1976-10-10,4778.78,952.38,288.77
1976-10-11,4778.78,940.82,288.77
1976-10-12,4693.24,932.35,289.86
1976-10-13,4704.5,948.3,290.36
1976-10-14,4703.37,935.92,292.31
1976-10-15,4703.37,937,293
1976-10-16,4703.37,937,293
1976-10-17,4703.37,937,293
1976-10-18,4684.37,946.56,292.48
1976-10-19,4645.32,949.97,292.23
1976-10-20,4626.99,954.87,292.14
1976-10-21,4637.91,944.9,292.74
1976-10-22,4618.81,938.75,293.69
1976-10-23,4618.81,938.75,293.69
1976-10-24,4618.81,938.75,293.69
1976-10-25,4615.5,938,293.34
1976-10-26,4618.53,948.14,293.77
1976-10-27,4633.2,956.12,293.17
1976-10-28,4641.03,952.63,293.6
1976-10-29,4646.27,964.93,294.38
1976-10-30,4646.27,964.93,294.38
1976-10-31,4646.27,964.93,294.38
1976-11-01,4645.54,966.09,295.86
1976-11-02,4619.04,966.09,295.86
1976-11-03,4619.04,956.53,295.16
1976-11-04,4575.74,960.44,295.33
1976-11-05,4522.15,943.07,294.99
1976-11-06,4522.15,943.07,294.99
1976-11-07,4522.15,943.07,294.99
1976-11-08,4528.61,933.68,293.77
1976-11-09,4558.9,930.77,294.29
1976-11-10,4598.94,924.04,294.38
1976-11-11,4586.92,931.43,294.38
1976-11-12,4565.39,927.69,294.64
1976-11-13,4565.39,927.69,294.64
1976-11-14,4565.39,927.69,294.64
1976-11-15,4553.16,935.42,294.72
1976-11-16,4518.71,935.34,295.16
1976-11-17,4514.19,938.08,295.07
1976-11-18,4459.91,950.13,295.16
1976-11-19,4451.62,948.8,295.42
1976-11-20,4451.62,948.8,295.42
1976-11-21,4451.62,948.8,295.42
1976-11-22,4478.14,955.87,295.07
1976-11-23,4478.14,949.3,295.42
1976-11-24,4534.17,950.96,295.42
1976-11-25,4561.67,950.96,295.42
1976-11-26,4571.28,956.62,295.51
1976-11-27,4571.28,956.62,295.51
1976-11-28,4571.28,956.62,295.51
1976-11-29,4541.61,950.05,295.68
1976-11-30,4506.6,947.22,297.09
1976-12-01,4504.78,949.38,296.91
1976-12-02,4496.5,946.64,296.82
1976-12-03,4542.92,950.55,297.89
1976-12-04,4542.92,950.55,297.89
1976-12-05,4542.92,950.55,297.89
1976-12-06,4585.94,961.77,296.56
1976-12-07,4650.62,960.69,296.38
1976-12-08,4717.58,963.26,296.3
1976-12-09,4765.62,970.74,295.77
1976-12-10,4765.3,973.15,294.81
1976-12-11,4765.3,973.15,294.81
1976-12-12,4765.3,973.15,294.81
1976-12-13,4751.49,974.24,294.72
1976-12-14,4731.05,980.63,295.33
1976-12-15,4764.03,983.79,294.72
1976-12-16,4765.07,981.3,295.51
1976-12-17,4793.85,979.06,294.64
1976-12-18,4793.85,979.06,294.64
1976-12-19,4793.85,979.06,294.64
1976-12-20,4820.11,972.41,293.6
1976-12-21,4863.53,978.39,293.94
1976-12-22,4911.83,984.54,293.86
1976-12-23,4911.83,985.62,293.43
1976-12-24,4900.19,985.62,293.51
1976-12-25,4900.19,985.62,293.51
1976-12-26,4900.19,985.62,293.51
1976-12-27,4973.69,996.09,292.31
1976-12-28,4990.85,1000.08,292.14
1976-12-29,4990.85,994.93,292.91
1976-12-30,4990.85,999.09,293
1976-12-31,4990.85,1004.65,293.08
1977-01-01,4990.85,1004.65,293.08
1977-01-02,4990.85,1004.65,293.08
1977-01-03,4990.85,999.75,292.48
1977-01-04,4998.85,987.87,291.72
1977-01-05,4983.57,978.06,292.31
1977-01-06,4950.77,979.89,292.91
1977-01-07,4960.22,983.13,292.83
1977-01-08,4960.22,983.13,292.83
1977-01-09,4960.22,983.13,292.83
1977-01-10,4960.22,986.87,292.48
1977-01-11,4937.07,976.65,292.48
1977-01-12,4928.02,968.25,292.4
1977-01-13,4958.01,976.15,292.57
1977-01-14,4994.82,972.16,292.06
1977-01-15,4994.82,972.16,292.06
1977-01-16,4994.82,972.16,292.06
1977-01-17,4983.01,967.25,291.72
1977-01-18,4942.81,962.43,291.21
1977-01-19,4989.51,968.67,289.6
1977-01-20,4992.26,959.03,290.28
1977-01-21,5011.93,962.43,290.44
1977-01-22,5011.93,962.43,290.44
1977-01-23,5011.93,962.43,290.44
1977-01-24,5054.11,963.6,290.11
1977-01-25,5044.55,965.92,289.27
1977-01-26,5073,958.53,288.18
1977-01-27,5046,954.54,289.1
1977-01-28,5041.01,957.53,289.52
1977-01-29,5041.01,957.53,289.52
1977-01-30,5041.01,957.53,289.52
1977-01-31,4962.47,954.37,288.43
1977-02-01,5008.32,958.36,288.02
1977-02-02,5071.97,952.79,288.27
1977-02-03,5046.6,947.14,288.35
1977-02-04,5065.28,947.89,288.1
1977-02-05,5065.28,947.89,288.1
1977-02-06,5065.28,947.89,288.1
1977-02-07,5078.75,946.31,287.94
1977-02-08,5086.7,942.24,287.11
1977-02-09,5068.11,933.84,285.96
1977-02-10,5053.92,937.92,285.63
1977-02-11,5053.92,931.52,285.06
1977-02-12,5053.92,931.52,285.06
1977-02-13,5053.92,931.52,285.06
1977-02-14,4979.03,938.33,281.69
1977-02-15,4987.8,944.32,283.93
1977-02-16,5014.17,948.3,283.77
1977-02-17,5056.5,943.73,282.97
1977-02-18,5037.93,940.24,283.45
1977-02-19,5037.93,940.24,283.45
1977-02-20,5037.93,940.24,283.45
1977-02-21,5037.93,940.24,283.45
1977-02-22,5023.52,939.91,283.37
1977-02-23,5024.58,938.25,283.45
1977-02-24,5037.91,932.6,283.53
1977-02-25,5041.71,933.43,282.01
1977-02-26,5041.71,933.43,282.01
1977-02-27,5041.71,933.43,282.01
1977-02-28,5041.71,936.42,282.81
1977-03-01,5044.16,944.73,282.49
1977-03-02,5073.65,942.07,281.53
1977-03-03,5057.65,948.64,281.29
1977-03-04,5056.89,953.46,282.09
1977-03-05,5056.89,953.46,282.09
1977-03-06,5056.89,953.46,282.09
1977-03-07,5056.89,955.12,281.93
1977-03-08,5034.52,952.04,282.09
1977-03-09,5009.54,942.9,282.33
1977-03-10,5011.14,946.73,282.01
1977-03-11,5111.52,947.72,282.01
1977-03-12,5111.52,947.72,282.01
1977-03-13,5111.52,947.72,282.01
1977-03-14,5111.52,958.36,281.21
1977-03-15,4962.6,965.01,281.53
1977-03-16,4997.06,968,281.85
1977-03-17,4998.61,964.84,281.69
1977-03-18,4988.85,961.02,280.82
1977-03-19,4988.85,961.02,280.82
1977-03-20,4988.85,961.02,280.82
1977-03-21,4988.85,953.54,279.1
1977-03-22,4988.85,950.96,278.94
1977-03-23,4989.09,942.32,277.24
1977-03-24,4978.34,935.67,278.47
1977-03-25,4961.8,928.86,278.32
1977-03-26,4961.8,928.86,278.32
1977-03-27,4961.8,928.86,278.32
1977-03-28,4961.8,926.11,276.85
1977-03-29,4978.25,932.01,276.63
1977-03-30,4987.99,921.21,277.24
1977-03-31,5011.75,919.13,277.55
1977-04-01,5008.38,927.36,276.17
1977-04-02,5008.38,927.36,276.17
1977-04-03,5008.38,927.36,276.17
1977-04-04,5008.38,915.56,274.65
1977-04-05,4970.68,916.14,273
1977-04-06,4879.53,914.73,273.22
1977-04-07,4893.32,918.88,273.6
1977-04-08,4870.24,918.88,273.22
1977-04-09,4870.24,918.88,273.22
1977-04-10,4870.24,918.88,273.22
1977-04-11,4870.24,924.1,271.3
1977-04-12,4926.56,937.16,270.71
1977-04-13,4969,938.18,272.55
1977-04-14,5011.6,947,273.37
1977-04-15,5021.13,947.76,273.82
1977-04-16,5021.13,947.76,273.82
1977-04-17,5021.13,947.76,273.82
1977-04-18,5021.13,942.76,275.33
1977-04-19,5034.77,938.77,275.79
1977-04-20,5075.43,942.59,278.78
1977-04-21,5118.44,935.8,276.85
1977-04-22,5157.07,927.07,277.78
1977-04-23,5157.07,927.07,277.78
1977-04-24,5157.07,927.07,277.78
1977-04-25,5157.07,914.6,278.01
1977-04-26,5102.9,915.62,278.32
1977-04-27,5092.9,923.76,278.01
1977-04-28,5091.96,927.32,277.09
1977-04-29,5091.96,926.9,277.78
1977-04-30,5091.96,926.9,277.78
1977-05-01,5091.96,926.9,277.78
1977-05-02,5099.05,931.22,278.01
1977-05-03,5099.05,934.19,278.16
1977-05-04,5099.05,940.72,276.7
1977-05-05,5099.05,943.44,275.94
1977-05-06,5141.86,936.74,276.85
1977-05-07,5141.86,936.74,276.85
1977-05-08,5141.86,936.74,276.85
1977-05-09,5141.86,933.09,278.01
1977-05-10,5124.21,936.14,277.47
1977-05-11,5088.57,926.9,277.93
1977-05-12,5079.61,925.54,278.01
1977-05-13,5048.99,928.34,277.62
1977-05-14,5048.99,928.34,277.62
1977-05-15,5048.99,928.34,277.62
1977-05-16,5048.99,932.5,277.7
1977-05-17,5044.51,936.48,277.55
1977-05-18,5036.08,941.91,277.39
1977-05-19,5032.86,936.48,276.97
1977-05-20,5024.38,930.46,277.24
1977-05-21,5024.38,930.46,277.24
1977-05-22,5024.38,930.46,277.24
1977-05-23,5024.38,917.06,277.55
1977-05-24,5027.61,912.4,277.78
1977-05-25,5023.88,903.24,277.39
1977-05-26,5022.04,908.07,277.12
1977-05-27,4989.27,898.83,277.28
1977-05-28,4989.27,898.83,277.28
1977-05-29,4989.27,898.83,277.28
1977-05-30,4989.27,898.83,277.28
1977-05-31,4986.3,898.66,277.28
1977-06-01,5053.4,906.55,277.32
1977-06-02,5014.5,903.15,276.55
1977-06-03,4992.16,912.23,276.28
1977-06-04,4992.16,912.23,276.28
1977-06-05,4992.16,912.23,276.28
1977-06-06,4992.16,903.04,275.18
1977-06-07,5012.06,908.67,275.56
1977-06-08,4965.43,912.99,274.42
1977-06-09,4954.83,909.85,273.75
1977-06-10,4955.3,910.79,273.67
1977-06-11,4955.3,910.79,273.67
1977-06-12,4955.3,910.79,273.67
1977-06-13,4955.3,912.4,271.81
1977-06-14,4926.49,922.57,272.33
1977-06-15,4913.68,917.57,272.78
1977-06-16,4918.57,920.45,272.44
1977-06-17,4970.19,920.45,272.7
1977-06-18,4970.19,920.45,272.7
1977-06-19,4970.19,920.45,272.7
1977-06-20,4970.19,924.27,272.78
1977-06-21,4973.92,928.6,272.44
1977-06-22,4956.64,926.31,271.74
1977-06-23,4935.25,925.37,271.81
1977-06-24,4950.55,929.7,272
1977-06-25,4950.55,929.7,272
1977-06-26,4950.55,929.7,272
1977-06-27,4950.55,924.1,271.48
1977-06-28,4999.53,915.62,270.86
1977-06-29,5006.79,913.33,267.45
1977-06-30,4989.09,916.3,267.59
1977-07-01,4969.15,912.65,267.13
1977-07-02,4969.15,912.65,267.13
1977-07-03,4969.15,912.65,267.13
1977-07-04,4969.15,912.65,267.13
1977-07-05,4977.98,913.59,264.9
1977-07-06,4942.51,907.73,265.39
1977-07-07,4972.49,909.51,264.69
1977-07-08,4985.46,907.99,264.76
1977-07-09,4985.46,907.99,264.76
1977-07-10,4985.46,907.99,264.76
1977-07-11,4985.46,905.53,263.09
1977-07-12,5079.27,903.41,264.48
1977-07-13,5057.95,902.99,264.27
1977-07-14,5054.54,902.99,264.27
1977-07-15,5028.78,905.95,265.32
1977-07-16,5028.78,905.95,265.32
1977-07-17,5028.78,905.95,265.32
1977-07-18,5028.78,910.6,263.99
1977-07-19,5001.02,919.27,264.27
1977-07-20,5001.02,920.48,264.83
1977-07-21,4963.45,921.78,264.76
1977-07-22,4970.58,923.42,264.24
1977-07-23,4970.58,923.42,264.24
1977-07-24,4970.58,923.42,264.24
1977-07-25,4970.58,914.24,264.34
1977-07-26,4936.39,908.18,264.41
1977-07-27,4916.57,888.43,264.76
1977-07-28,4903.94,889.99,265.96
1977-07-29,4849.35,890.07,266.81
1977-07-30,4849.35,890.07,266.81
1977-07-31,4849.35,890.07,266.81
1977-08-01,4975.5,891.81,267.13
1977-08-02,4970.71,887.39,266.52
1977-08-03,5011.74,886,265.57
1977-08-04,5059.13,888.17,265.53
1977-08-05,5061.34,888.69,265.85
1977-08-06,5061.34,888.69,265.85
1977-08-07,5061.34,888.69,265.85
1977-08-08,5061.34,879.42,266.24
1977-08-09,5076.09,879.42,265.96
1977-08-10,5066.64,887.04,266.06
1977-08-11,5092.79,877.43,265.96
1977-08-12,5133.99,871.1,266.38
1977-08-13,5133.99,871.1,266.38
1977-08-14,5133.99,871.1,266.38
1977-08-15,5133.99,874.13,267.92
1977-08-16,5202.01,869.28,267.67
1977-08-17,5231.58,864.69,266.74
1977-08-18,5216.02,864.26,266.74
1977-08-19,5220.26,863.48,267.27
1977-08-20,5220.26,863.48,267.27
1977-08-21,5220.26,863.48,267.27
1977-08-22,5220.26,867.29,266.7
1977-08-23,5165.04,865.56,266.77
1977-08-24,5183.6,862.87,266.21
1977-08-25,5150.24,854.12,267.31
1977-08-26,5180.36,855.42,267.09
1977-08-27,5180.36,855.42,267.09
1977-08-28,5180.36,855.42,267.09
1977-08-29,5180.36,864.09,267.06
1977-08-30,5234.18,858.89,267.4
1977-08-31,5242.93,861.49,267.5
1977-09-01,5148.68,864.86,268.17
1977-09-02,5238.6,872.31,267.97
1977-09-03,5238.6,872.31,267.97
1977-09-04,5238.6,872.31,267.97
1977-09-05,5238.6,872.31,267.97
1977-09-06,5287.65,873.27,267.59
1977-09-07,5270.77,876.39,266.81
1977-09-08,5280.31,869.16,266.88
1977-09-09,5251.33,857.04,266.84
1977-09-10,5251.33,857.04,266.84
1977-09-11,5251.33,857.04,266.84
1977-09-12,5251.33,854.38,266.67
1977-09-13,5203.16,854.56,266.84
1977-09-14,5201.93,858.71,267.13
1977-09-15,5201.93,860.79,267.06
1977-09-16,5206.17,856.81,267.09
1977-09-17,5206.17,856.81,267.09
1977-09-18,5206.17,856.81,267.09
1977-09-19,5206.17,851.52,266.92
1977-09-20,5177.71,851.78,266.88
1977-09-21,5196.09,840.96,266.88
1977-09-22,5188.49,839.41,266.81
1977-09-23,5188.49,839.14,266.81
1977-09-24,5188.49,839.14,266.81
1977-09-25,5188.49,839.14,266.81
1977-09-26,5157.3,841.65,266.7
1977-09-27,5159.77,835.85,266.63
1977-09-28,5185,834.72,266.67
1977-09-29,5222.45,840.09,265.11
1977-09-30,5264.74,847.11,263.71
1977-10-01,5264.74,847.11,263.71
1977-10-02,5264.74,847.11,263.71
1977-10-03,5264.74,851.96,260.72
1977-10-04,5262.26,842,260.82
1977-10-05,5223.09,837.32,261.1
1977-10-06,5246.49,842.08,258.55
1977-10-07,5237.43,840.35,257.6
1977-10-08,5237.43,840.35,257.6
1977-10-09,5237.43,840.35,257.6
1977-10-10,5237.43,840.26,257.6
1977-10-11,5237.43,832.29,257.8
1977-10-12,5138.06,823.98,256.81
1977-10-13,5188.39,818.17,254.97
1977-10-14,5152.86,821.64,253
1977-10-15,5152.86,821.64,253
1977-10-16,5152.86,821.64,253
1977-10-17,5152.86,820.34,252.53
1977-10-18,5108.28,820.51,252.21
1977-10-19,5110.8,812.2,254.45
1977-10-20,5142.58,814.8,254.19
1977-10-21,5150.05,808.3,254.32
1977-10-22,5150.05,808.3,254.32
1977-10-23,5150.05,808.3,254.32
1977-10-24,5150.05,802.32,251.95
1977-10-25,5134.15,801.54,252.33
1977-10-26,5127.56,813.41,251.6
1977-10-27,5121.54,818.61,250.31
1977-10-28,5120.52,822.68,250.5
1977-10-29,5120.52,822.68,250.5
1977-10-30,5120.52,822.68,250.5
1977-10-31,5120.52,818.35,249.13
1977-11-01,5155.33,806.91,246.73
1977-11-02,5021.08,800.85,248.32
1977-11-03,5021.08,802.67,247.74
1977-11-04,5024.82,809.94,249
1977-11-05,5024.82,809.94,249
1977-11-06,5024.82,809.94,249
1977-11-07,5024.82,816.44,248.69
1977-11-08,5024.28,816.27,248.69
1977-11-09,4976.43,818.43,247.1
1977-11-10,4974.65,832.55,246.18
1977-11-11,4941.21,845.89,246.18
1977-11-12,4941.21,845.89,246.18
1977-11-13,4941.21,845.89,246.18
1977-11-14,4941.21,838.36,245.1
1977-11-15,4996.35,842.78,245.28
1977-11-16,4951.79,837.06,245.25
1977-11-17,4903.5,831.86,245.4
1977-11-18,4836.52,835.76,243.49
1977-11-19,4836.52,835.76,243.49
1977-11-20,4836.52,835.76,243.49
1977-11-21,4836.52,836.11,242.78
1977-11-22,4829.23,842.52,240.64
1977-11-23,4829.23,843.3,239.75
1977-11-24,4723.74,843.3,239.75
1977-11-25,4597.26,844.42,239.98
1977-11-26,4597.26,844.42,239.98
1977-11-27,4597.26,844.42,239.98
1977-11-28,4597.26,839.57,240.24
1977-11-29,4822.5,827.27,243.66
1977-11-30,4849.56,829.7,244.02
1977-12-01,4898.01,825.71,243.07
1977-12-02,4913.12,823.98,242.51
1977-12-03,4913.12,823.98,242.51
1977-12-04,4913.12,823.98,242.51
1977-12-05,4913.12,821.03,242.01
1977-12-06,4904.4,806.91,241.6
1977-12-07,4886.68,807.43,241.43
1977-12-08,4815.92,806.91,241.72
1977-12-09,4843.33,815.23,242.37
1977-12-10,4843.33,815.23,242.37
1977-12-11,4843.33,815.23,242.37
1977-12-12,4843.33,815.75,241.78
1977-12-13,4808.97,815.23,240.53
1977-12-14,4778.53,822.68,237.81
1977-12-15,4808.97,817.91,239.12
1977-12-16,4797.04,815.32,240.59
1977-12-17,4797.04,815.32,240.59
1977-12-18,4797.04,815.32,240.59
1977-12-19,4797.04,807.95,241.02
1977-12-20,4910.54,806.22,240.5
1977-12-21,4901.19,813.93,240.38
1977-12-22,4896.56,821.81,241.55
1977-12-23,4896.56,829.87,241.66
1977-12-24,4896.56,829.87,241.66
1977-12-25,4896.56,829.87,241.66
1977-12-26,4878.94,829.87,241.66
1977-12-27,4884.76,829.7,241.37
1977-12-28,4863.01,829.7,240.44
1977-12-29,4863.01,830.39,240.04
1977-12-30,4863.01,831.17,239.98
1977-12-31,4863.01,831.17,239.98
1978-01-01,4863.01,831.17,239.98
1978-01-02,4863.01,831.17,239.98
1978-01-03,4863.01,817.74,237.59
1978-01-04,4867.91,813.58,237.42
1978-01-05,4941.18,804.92,241.08
1978-01-06,4974.65,793.49,240.38
1978-01-07,4974.65,793.49,240.38
1978-01-08,4974.65,793.49,240.38
1978-01-09,4994.73,784.56,241.46
1978-01-10,4994.73,781.53,241.49
1978-01-11,5007.23,775.9,240.5
1978-01-12,4995.98,778.15,241.6
1978-01-13,5030.98,775.73,241.49
1978-01-14,5030.98,775.73,241.49
1978-01-15,5030.98,775.73,241.49
1978-01-16,5030.98,771.74,241.6
1978-01-17,5038.92,779.02,242.01
1978-01-18,5063.11,786.3,242.42
1978-01-19,5066.15,778.67,242.13
1978-01-20,5064.1,776.94,241.85
1978-01-21,5064.1,776.94,241.85
1978-01-22,5064.1,776.94,241.85
1978-01-23,5046.24,770.7,241.46
1978-01-24,5025.89,771.57,241.66
1978-01-25,5007.23,772.44,241.25
1978-01-26,5021.51,763.34,240.56
1978-01-27,5028.41,764.12,241.37
1978-01-28,5028.41,764.12,241.37
1978-01-29,5028.41,764.12,241.37
1978-01-30,5077.54,772.44,241.78
1978-01-31,5111.67,769.92,241.6
1978-02-01,5138.47,774.34,241.6
1978-02-02,5135.34,775.38,241.81
1978-02-03,5129,770.96,241.84
1978-02-04,5129,770.96,241.84
1978-02-05,5129,770.96,241.84
1978-02-06,5133.02,768.62,241.14
1978-02-07,5131.32,778.85,241.43
1978-02-08,5144.63,782.6,241.49
1978-02-09,5148.12,777.81,241.55
1978-02-10,5144.54,775.99,241.58
1978-02-11,5144.54,775.99,241.58
1978-02-12,5144.54,775.99,241.58
1978-02-13,5158.3,774.43,241.58
1978-02-14,5136.23,765.16,240.7
1978-02-15,5124.62,761.69,240.67
1978-02-16,5131.95,753.29,240.15
1978-02-17,5086.3,752.69,239.81
1978-02-18,5086.3,752.69,239.81
1978-02-19,5086.3,752.69,239.81
1978-02-20,5086.3,752.69,239.81
1978-02-21,5061.82,749.31,238.41
1978-02-22,5085.4,749.05,238.83
1978-02-23,5104.25,750.95,238.15
1978-02-24,5121.8,756.24,240.21
1978-02-25,5121.8,756.24,240.21
1978-02-26,5121.8,756.24,240.21
1978-02-27,5222.12,748.35,239.23
1978-02-28,5222.66,742.12,238.1
1978-03-01,5210.58,743.33,238.27
1978-03-02,5213.89,746.45,238.41
1978-03-03,5237.96,747.31,237.02
1978-03-04,5237.96,747.31,237.02
1978-03-05,5237.96,747.31,237.02
1978-03-06,5197.87,742.72,236.41
1978-03-07,5209.24,746.79,235.57
1978-03-08,5190.62,750.87,234.41
1978-03-09,5177.47,750,235.02
1978-03-10,5211.74,758.58,235.9
1978-03-11,5211.74,758.58,235.9
1978-03-12,5211.74,758.58,235.9
1978-03-13,5275.55,759.96,234.03
1978-03-14,5269.2,762.56,233.05
1978-03-15,5278.95,758.58,233.05
1978-03-16,5297.66,762.82,235.63
1978-03-17,5290.67,768.71,231
1978-03-18,5290.67,768.71,231
1978-03-19,5290.67,768.71,231
1978-03-20,5269.73,773.82,231.16
1978-03-21,5269.73,762.82,230.63
1978-03-22,5273.67,757.54,230.36
1978-03-23,5266.78,756.5,230.02
1978-03-24,5262.48,756.5,228
1978-03-25,5262.48,756.5,228
1978-03-26,5262.48,756.5,228
1978-03-27,5317.08,753.21,225.23
1978-03-28,5360.34,758.84,225.02
1978-03-29,5400.77,761.78,222.27
1978-03-30,5411.28,759.62,222.37
1978-03-31,5447.76,757.36,229.89
1978-04-01,5447.76,757.36,229.89
1978-04-02,5447.76,757.36,229.89
1978-04-03,5430.33,751.04,218.34
1978-04-04,5479.74,755.37,219.3
1978-04-05,5527.9,763.08,218.96
1978-04-06,5498.25,763.95,218.63
1978-04-07,5485.22,769.58,220.12
1978-04-08,5485.22,769.58,220.12
1978-04-09,5485.22,769.58,220.12
1978-04-10,5464.83,773.65,219.83
1978-04-11,5449.82,770.18,219.33
1978-04-12,5464.65,766.29,218.72
1978-04-13,5466.18,775.21,219.35
1978-04-14,5503.55,795.13,219.4
1978-04-15,5503.55,795.13,219.4
1978-04-16,5503.55,795.13,219.4
1978-04-17,5544.61,810.12,220.6
1978-04-18,5534.72,803.27,221.53
1978-04-19,5555.84,808.04,221.88
1978-04-20,5548.56,814.54,226.76
1978-04-21,5502.29,812.8,225.89
1978-04-22,5502.29,812.8,225.89
1978-04-23,5502.29,812.8,225.89
1978-04-24,5514.78,826.06,228.1
1978-04-25,5521.7,833.59,227.58
1978-04-26,5540.56,836.97,225.63
1978-04-27,5516.34,826.92,222.22
1978-04-28,5534.18,837.32,224.97
1978-04-29,5534.18,837.32,224.97
1978-04-30,5534.18,837.32,224.97
1978-05-01,5532.93,844.33,225.78
1978-05-02,5541.1,840.18,226.07
1978-05-03,5541.1,828.83,226.14
1978-05-04,5541.1,824.41,224.77
1978-05-05,5541.1,829.09,224.59
1978-05-06,5541.1,829.09,224.59
1978-05-07,5541.1,829.09,224.59
1978-05-08,5526.64,824.58,225.12
1978-05-09,5490.25,822.07,225.38
1978-05-10,5486.12,822.16,224.92
1978-05-11,5489.26,834.2,225.23
1978-05-12,5497.98,840.7,225.63
1978-05-13,5497.98,840.7,225.63
1978-05-14,5497.98,840.7,225.63
1978-05-15,5499.51,846.76,226.22
1978-05-16,5418.83,854.3,228.41
1978-05-17,5440.12,858.37,227.95
1978-05-18,5406.88,850.92,227.53
1978-05-19,5404.19,846.85,228
1978-05-20,5404.19,846.85,228
1978-05-21,5404.19,846.85,228
1978-05-22,5408.23,855.42,228.83
1978-05-23,5417.48,845.29,229.04
1978-05-24,5455.31,837.92,228.41
1978-05-25,5455.93,835.41,225.84
1978-05-26,5439.4,831.69,225.68
1978-05-27,5439.4,831.69,225.68
1978-05-28,5439.4,831.69,225.68
1978-05-29,5439.94,831.69,225.05
1978-05-30,5438.51,834.2,225.05
1978-05-31,5469.77,840.61,221.34
1978-06-01,5476.24,840.7,221.51
1978-06-02,5480.55,847.54,221.24
1978-06-03,5480.55,847.54,221.24
1978-06-04,5480.55,847.54,221.24
1978-06-05,5495.28,863.83,220.99
1978-06-06,5489.8,866.51,220.99
1978-06-07,5490.43,861.92,220.99
1978-06-08,5504.72,862.09,220.9
1978-06-09,5500.67,859.23,220.6
1978-06-10,5500.67,859.23,220.6
1978-06-11,5500.67,859.23,220.6
1978-06-12,5511.99,856.72,218.01
1978-06-13,5493.67,856.98,216.92
1978-06-14,5502.11,854.56,215.38
1978-06-15,5495.91,844.25,216.17
1978-06-16,5491.51,836.97,215.89
1978-06-17,5491.51,836.97,215.89
1978-06-18,5491.51,836.97,215.89
1978-06-19,5477.32,838.62,213.49
1978-06-20,5474.8,830.04,211.15
1978-06-21,5478.84,824.93,210.66
1978-06-22,5483.87,827.7,211.1
1978-06-23,5481.36,823.02,207.47
1978-06-24,5481.36,823.02,207.47
1978-06-25,5481.36,823.02,207.47
1978-06-26,5481.27,812.28,206.06
1978-06-27,5472.1,817.31,205.93
1978-06-28,5501.04,819.91,205.97
1978-06-29,5533.31,821.64,205.21
1978-06-30,5543.14,818.95,203.71
1978-07-01,5543.14,818.95,203.71
1978-07-02,5543.14,818.95,203.71
1978-07-03,5562.97,812.89,202.43
1978-07-04,5562.01,812.89,202.43
1978-07-05,5576.34,805.79,201.61
1978-07-06,5588.13,807.19,203.09
1978-07-07,5616.89,812.46,202.35
1978-07-08,5616.89,812.46,202.35
1978-07-09,5616.89,812.46,202.35
1978-07-10,5631.4,816.79,201.69
1978-07-11,5628.32,821.29,202.86
1978-07-12,5627.26,824.93,203.29
1978-07-13,5624.19,824.76,202.65
1978-07-14,5629.2,839.83,202.59
1978-07-15,5629.2,839.83,202.59
1978-07-16,5629.2,839.83,202.59
1978-07-17,5636.85,839.05,203.79
1978-07-18,5636.15,829,202.55
1978-07-19,5640.63,840.7,201.53
1978-07-20,5640.63,838.62,201.57
1978-07-21,5614.25,833.42,200.94
1978-07-22,5614.25,833.42,200.94
1978-07-23,5614.25,833.42,200.94
1978-07-24,5578.01,831.6,198.02
1978-07-25,5562.45,839.57,195.47
1978-07-26,5575.29,847.19,194.1
1978-07-27,5575.11,850.57,193.65
1978-07-28,5578.02,856.29,190.59
1978-07-29,5578.02,856.29,190.59
1978-07-30,5578.02,856.29,190.59
1978-07-31,5601.34,862.27,189.14
1978-08-01,5585.41,860.71,186.57
1978-08-02,5550.82,883.49,186.29
1978-08-03,5556.72,886.87,188.32
1978-08-04,5576.61,888.43,190.19
1978-08-05,5576.61,888.43,190.19
1978-08-06,5576.61,888.43,190.19
1978-08-07,5557.95,885.05,188.79
1978-08-08,5492.21,889.21,187.34
1978-08-09,5480.77,891.63,187.62
1978-08-10,5496.79,885.48,186.67
1978-08-11,5502.6,890.85,185.53
1978-08-12,5502.6,890.85,185.53
1978-08-13,5502.6,890.85,185.53
1978-08-14,5508.14,888.17,183.76
1978-08-15,5493.97,887.13,185.29
1978-08-16,5497.93,894.58,184.64
1978-08-17,5489.66,900.12,188.32
1978-08-18,5495.56,896.83,188.86
1978-08-19,5495.56,896.83,188.86
1978-08-20,5495.56,896.83,188.86
1978-08-21,5513.33,888.95,193.01
1978-08-22,5518.88,892.41,191.31
1978-08-23,5520.73,897,191.9
1978-08-24,5503.74,897.35,191.02
1978-08-25,5510.43,895.53,192.57
1978-08-26,5510.43,895.53,192.57
1978-08-27,5510.43,895.53,192.57
1978-08-28,5506.12,884.88,193.35
1978-08-29,5527.77,880.2,189.39
1978-08-30,5557.42,880.72,189.07
1978-08-31,5585.41,876.82,190.51
1978-09-01,5599.58,879.33,190.8
1978-09-02,5599.58,879.33,190.8
1978-09-03,5599.58,879.33,190.8
1978-09-04,5637.68,879.33,190.8
1978-09-05,5641.38,886.61,190.15
1978-09-06,5637.24,895.79,190
1978-09-07,5651.24,893.71,191.05
1978-09-08,5610.31,907.74,192.9
1978-09-09,5610.31,907.74,192.9
1978-09-10,5610.31,907.74,192.9
1978-09-11,5640.24,907.74,191.9
1978-09-12,5662.06,906.44,191.5
1978-09-13,5661.89,899.6,189.9
1978-09-14,5660.3,887.04,190.15
1978-09-15,5660.3,878.55,189.85
1978-09-16,5660.3,878.55,189.85
1978-09-17,5660.3,878.55,189.85
1978-09-18,5672.36,870.15,190.8
1978-09-19,5652.91,861.57,190.3
1978-09-20,5622.11,857.16,188.8
1978-09-21,5623.51,861.14,187.75
1978-09-22,5637.16,862.44,188.25
1978-09-23,5637.16,862.44,188.25
1978-09-24,5637.16,862.44,188.25
1978-09-25,5662.06,862.35,187.65
1978-09-26,5693.92,868.16,189.15
1978-09-27,5738.27,860.19,189.1
1978-09-28,5754.21,861.31,189.2
1978-09-29,5772.36,865.82,189.19
1978-09-30,5772.36,865.82,189.19
1978-10-01,5772.36,865.82,189.19
1978-10-02,5780.86,871.36,188.85
1978-10-03,5779.53,867.9,187.5
1978-10-04,5787.85,873.96,187
1978-10-05,5790.77,876.47,187.3
1978-10-06,5792.54,880.02,188.4
1978-10-07,5792.54,880.02,188.4
1978-10-08,5792.54,880.02,188.4
1978-10-09,5758.9,893.19,188.4
1978-10-10,5758.9,891.63,187.9
1978-10-11,5757.57,901.42,185.85
1978-10-12,5731.89,896.74,186.6
1978-10-13,5727.91,897.09,185.9
1978-10-14,5727.91,897.09,185.9
1978-10-15,5727.91,897.09,185.9
1978-10-16,5797.06,875.17,183.85
1978-10-17,5837.63,866.34,182.25
1978-10-18,5857.91,859.67,182.3
1978-10-19,5872.53,846.41,183.25
1978-10-20,5873.42,838.01,181.8
1978-10-21,5873.42,838.01,181.8
1978-10-22,5873.42,838.01,181.8
1978-10-23,5860.22,839.66,181.55
1978-10-24,5811.32,832.55,182.55
1978-10-25,5834.86,830.21,179.55
1978-10-26,5836.98,821.12,178.3
1978-10-27,5887.32,806.05,179
1978-10-28,5887.32,806.05,179
1978-10-29,5887.32,806.05,179
1978-10-30,5926.82,811.85,177.05
1978-10-31,5902.93,792.45,179.5
1978-11-01,5872.42,827.79,186
1978-11-02,5895.87,816.96,187.85
1978-11-03,5895.87,823.11,189
1978-11-04,5895.87,823.11,189
1978-11-05,5895.87,823.11,189
1978-11-06,5936.17,814.88,190.25
1978-11-07,5943.93,800.07,190.25
1978-11-08,5957.94,807.61,187.25
1978-11-09,5948.25,803.97,187.9
1978-11-10,5968.26,807.09,188.6
1978-11-11,5968.26,807.09,188.6
1978-11-12,5968.26,807.09,188.6
1978-11-13,5973.37,792.01,188.45
1978-11-14,5942.87,785.26,188.95
1978-11-15,5900.18,785.6,191
1978-11-16,5919.68,794.18,194.1
1978-11-17,5933.89,797.73,195.6
1978-11-18,5933.89,797.73,195.6
1978-11-19,5933.89,797.73,195.6
1978-11-20,5945.98,805.61,194.8
1978-11-21,5955.34,804.05,195
1978-11-22,5978.82,807,194.2
1978-11-23,5978.82,807,194.2
1978-11-24,5985.44,810.12,195.05
1978-11-25,5985.44,810.12,195.05
1978-11-26,5985.44,810.12,195.05
1978-11-27,5979.44,813.84,196
1978-11-28,5945.28,804.14,196.75
1978-11-29,5946.78,790.11,197
1978-11-30,5967.43,799.03,199.1
1978-12-01,6002.74,811.5,201.7
1978-12-02,6002.74,811.5,201.7
1978-12-03,6002.74,811.5,201.7
1978-12-04,6056.58,806.83,197.65
1978-12-05,6052.69,820.51,197.5
1978-12-06,6050.93,821.9,197.55
1978-12-07,6060.37,816.09,198.65
1978-12-08,6074.93,811.85,198.1
1978-12-09,6074.93,811.85,198.1
1978-12-10,6074.93,811.85,198.1
1978-12-11,6097,817.65,196
1978-12-12,6079.26,814.97,196.35
1978-12-13,6097.26,809.86,196.25
1978-12-14,6083.94,812.54,195.55
1978-12-15,6030.36,805.35,195.8
1978-12-16,6030.36,805.35,195.8
1978-12-17,6030.36,805.35,195.8
1978-12-18,5978.46,787.51,193.05
1978-12-19,5983.32,789.85,193.3
1978-12-20,5974.67,793.66,194.6
1978-12-21,5873.17,794.79,195.2
1978-12-22,5884.29,808.47,194.1
1978-12-23,5884.29,808.47,194.1
1978-12-24,5884.29,808.47,194.1
1978-12-25,5888.35,808.47,194.1
1978-12-26,5925.6,816.01,195
1978-12-27,5979.08,808.56,194.5
1978-12-28,6001.85,805.96,193.95
1978-12-29,6001.85,805.01,194.3
1978-12-30,6001.85,805.01,194.3
1978-12-31,6001.85,805.01,194.3
1979-01-01,6001.85,805.01,194.3
1979-01-02,6001.85,811.42,194.58
1979-01-03,6001.85,817.39,196.6
1979-01-04,6041.57,826.14,196.4
1979-01-05,6072.29,830.73,196.65
1979-01-06,6072.29,830.73,196.65
1979-01-07,6072.29,830.73,196.65
1979-01-08,6076.88,828.14,195.65
1979-01-09,6081.09,831.43,196.65
1979-01-10,6100.35,824.93,196.65
1979-01-11,6116.37,828.05,198.25
1979-01-12,6113.49,836.28,197.6
1979-01-13,6113.49,836.28,197.6
1979-01-14,6113.49,836.28,197.6
1979-01-15,6113.49,848.67,197.8
1979-01-16,6118.04,835.59,197.15
1979-01-17,6111.82,834.2,196.8
1979-01-18,6106.57,839.14,196.75
1979-01-19,6106.13,837.49,198.25
1979-01-20,6106.13,837.49,198.25
1979-01-21,6106.13,837.49,198.25
1979-01-22,6107.62,838.53,197.63
1979-01-23,6126.01,846.85,197.9
1979-01-24,6150.96,846.41,197.7
1979-01-25,6157.71,854.64,199
1979-01-26,6160.71,859.75,199.55
1979-01-27,6160.71,859.75,199.55
1979-01-28,6160.71,859.75,199.55
1979-01-29,6192.29,855.77,200.1
1979-01-30,6186.08,851.78,200.75
1979-01-31,6212.78,839.22,202.2
1979-02-01,6200,840.87,202.75
1979-02-02,6187.3,834.63,201.6
1979-02-03,6187.3,834.63,201.6
1979-02-04,6187.3,834.63,201.6
1979-02-05,6148.86,823.98,199.85
1979-02-06,6095.18,822.85,199.05
1979-02-07,6106.04,816.01,196
1979-02-08,6100.7,818.87,197.7
1979-02-09,6036.6,822.23,198.8
1979-02-10,6036.6,822.23,198.8
1979-02-11,6036.6,822.23,198.8
1979-02-12,6036.6,824.84,198.8
1979-02-13,6023.64,830.21,199.7
1979-02-14,6061.03,829.78,200.4
1979-02-15,6101.93,829.09,200.25
1979-02-16,6128.9,827.01,200.7
1979-02-17,6128.9,827.01,200.7
1979-02-18,6128.9,827.01,200.7
1979-02-19,6124.96,827.01,200.7
1979-02-20,6116.11,834.55,201.05
1979-02-21,6097.37,834.55,201.85
1979-02-22,6105.83,828.57,201.4
1979-02-23,6080.94,823.28,201.4
1979-02-24,6080.94,823.28,201.4
1979-02-25,6080.94,823.28,201.4
1979-02-26,6089.12,821.12,202.08
1979-02-27,6065.29,807,201.9
1979-02-28,6072.88,808.82,202.65
1979-03-01,5975.56,815.84,203.75
1979-03-02,5972.94,815.75,204.9
1979-03-03,5972.94,815.75,204.9
1979-03-04,5972.94,815.75,204.9
1979-03-05,6014.23,827.36,204.73
1979-03-06,5992.84,826.58,204.5
1979-03-07,6017.28,834.29,204
1979-03-08,6026.01,844.85,204.18
1979-03-09,6042.94,842.86,204.7
1979-03-10,6042.94,842.86,204.7
1979-03-11,6042.94,842.86,204.7
1979-03-12,6062.58,844.68,205.73
1979-03-13,6058.3,846.93,208.65
1979-03-14,6048.01,845.37,207.28
1979-03-15,6024.53,847.02,206.95
1979-03-16,6025.75,852.82,207.45
1979-03-17,6025.75,852.82,207.45
1979-03-18,6025.75,852.82,207.45
1979-03-19,6029.85,857.59,207
1979-03-20,6053.77,850.31,207.17
1979-03-21,6053.77,857.76,206.95
1979-03-22,6074.71,861.31,205.5
1979-03-23,6079.86,859.75,205.9
1979-03-24,6079.86,859.75,205.9
1979-03-25,6079.86,859.75,205.9
1979-03-26,6101.6,854.82,206.8
1979-03-27,6109.02,871.36,207.15
1979-03-28,6108.3,866.25,207.88
1979-03-29,6136.02,866.77,208.37
1979-03-30,6133.97,862.18,209.58
1979-03-31,6133.97,862.18,209.58
1979-04-01,6133.97,862.18,209.58
1979-04-02,6088.99,855.25,211.65
1979-04-03,6035.07,868.35,214.4
1979-04-04,6039.18,869.8,215.28
1979-04-05,6049,877.6,215.23
1979-04-06,6049.99,875.69,214.9
1979-04-07,6049.99,875.69,214.9
1979-04-08,6049.99,875.69,214.9
1979-04-09,6010.98,873.7,213.5
1979-04-10,5925.87,878.72,212.75
1979-04-11,6043.03,871.71,213.5
1979-04-12,6071.01,870.5,215.75
1979-04-13,6115.67,870.5,215.9
1979-04-14,6115.67,870.5,215.9
1979-04-15,6115.67,870.5,215.9
1979-04-16,6110.02,860.45,216.45
1979-04-17,6078.62,857.93,218
1979-04-18,6058.63,860.27,215.4
1979-04-19,6064.87,855.25,216.18
1979-04-20,6102.97,856.98,218.3
1979-04-21,6102.97,856.98,218.3
1979-04-22,6102.97,856.98,218.3
1979-04-23,6120.52,860.1,218.35
1979-04-24,6139.17,866.86,218.45
1979-04-25,6178.78,867.46,218.2
1979-04-26,6193.96,860.97,218.1
1979-04-27,6223.14,856.64,219.9
1979-04-28,6223.14,856.64,219.9
1979-04-29,6223.14,856.64,219.9
1979-04-30,6223.14,854.9,221.8
1979-05-01,6236.92,855.51,224.4
1979-05-02,6277.6,855.51,224.95
1979-05-03,6277.6,857.59,224.8
1979-05-04,6286.1,847.54,221.5
1979-05-05,6286.1,847.54,221.5
1979-05-06,6286.1,847.54,221.5
1979-05-07,6253.56,833.42,214.8
1979-05-08,6236.82,834.89,215.15
1979-05-09,6248.88,838.62,213.15
1979-05-10,6264.04,828.92,214.58
1979-05-11,6274.12,830.56,215.13
1979-05-12,6274.12,830.56,215.13
1979-05-13,6274.12,830.56,215.13
1979-05-14,6296.92,825.02,214
1979-05-15,6308.88,825.88,214.2
1979-05-16,6341.26,828.48,214.35
1979-05-17,6287,842.95,216.7
1979-05-18,6315.48,841.91,218.8
1979-05-19,6315.48,841.91,218.8
1979-05-20,6315.48,841.91,218.8
1979-05-21,6306.72,842.43,218.8
1979-05-22,6263.58,845.37,219.4
1979-05-23,6233.53,837.4,219.15
1979-05-24,6300.45,837.66,218.65
1979-05-25,6313.82,836.28,219.75
1979-05-26,6313.82,836.28,219.75
1979-05-27,6313.82,836.28,219.75
1979-05-28,6332.88,836.28,220.45
1979-05-29,6293.04,832.55,222.05
1979-05-30,6307.45,822.16,222.05
1979-05-31,6252.59,822.33,220.35
1979-06-01,6176.93,821.21,221.28
1979-06-02,6176.93,821.21,221.28
1979-06-03,6176.93,821.21,221.28
1979-06-04,6198.71,821.9,219.75
1979-06-05,6123.96,831.34,221.15
1979-06-06,6175.65,835.5,220.35
1979-06-07,6186.26,836.97,219.55
1979-06-08,6176.56,835.15,218.6
1979-06-09,6176.56,835.15,218.6
1979-06-10,6176.56,835.15,218.6
1979-06-11,6065.19,837.58,218.83
1979-06-12,6097.16,845.29,219.7
1979-06-13,6120.31,842.17,220.15
1979-06-14,6100.54,842.34,220.18
1979-06-15,6143.94,843.3,218.8
1979-06-16,6143.94,843.3,218.8
1979-06-17,6143.94,843.3,218.8
1979-06-18,6188.21,839.4,219.9
1979-06-19,6186.45,839.4,218.65
1979-06-20,6200.75,839.83,219
1979-06-21,6248.47,843.64,218.95
1979-06-22,6247.54,849.1,215.8
1979-06-23,6247.54,849.1,215.8
1979-06-24,6247.54,849.1,215.8
1979-06-25,6239.84,844.25,213.24
1979-06-26,6240.59,837.66,215.9
1979-06-27,6258.04,840.52,216.4
1979-06-28,6250.04,843.04,216.55
1979-06-29,6247.26,841.98,217.8
1979-06-30,6247.26,841.98,217.8
1979-07-01,6247.26,841.98,217.8
1979-07-02,6283.14,834.04,218.3
1979-07-03,6303.08,835.58,218.4
1979-07-04,6310.03,835.58,218.4
1979-07-05,6292.42,835.75,217
1979-07-06,6280.11,846.16,217.5
1979-07-07,6280.11,846.16,217.5
1979-07-08,6280.11,846.16,217.5
1979-07-09,6258.71,852.99,217.5
1979-07-10,6177.21,850.34,217.68
1979-07-11,6207.57,843.86,217.45
1979-07-12,6154.81,836.86,217.25
1979-07-13,6109.3,833.53,217.35
1979-07-14,6109.3,833.53,217.35
1979-07-15,6109.3,833.53,217.35
1979-07-16,6188.73,834.9,216.8
1979-07-17,6181.66,828.5,216.45
1979-07-18,6181.3,828.58,213.6
1979-07-19,6180.3,827.3,216
1979-07-20,6179.9,828.07,217.1
1979-07-21,6179.9,828.07,217.1
1979-07-22,6179.9,828.07,217.1
1979-07-23,6180.41,825.51,215.75
1979-07-24,6210.91,829.78,214.4
1979-07-25,6250.31,839.51,215.25
1979-07-26,6243.94,839.76,215.03
1979-07-27,6264.66,839.76,215.4
1979-07-28,6264.66,839.76,215.4
1979-07-29,6264.66,839.76,215.4
1979-07-30,6275.31,838.74,215.8
1979-07-31,6313.77,846.42,216.7
1979-08-01,6322.68,850.34,216.05
1979-08-02,6329.59,847.95,216.55
1979-08-03,6355.72,846.16,216.9
1979-08-04,6355.72,846.16,216.9
1979-08-05,6355.72,846.16,216.9
1979-08-06,6392.18,848.55,216.45
1979-08-07,6364.73,859.81,216.5
1979-08-08,6402.67,863.14,216.5
1979-08-09,6392.16,858.28,216.05
1979-08-10,6394.99,867.06,215.9
1979-08-11,6394.99,867.06,215.9
1979-08-12,6394.99,867.06,215.9
1979-08-13,6394.63,875.26,216.58
1979-08-14,6395.22,876.71,216.8
1979-08-15,6424.15,885.84,216.85
1979-08-16,6443.56,884.04,216.98
1979-08-17,6452.56,883.36,217.3
1979-08-18,6452.56,883.36,217.3
1979-08-19,6452.56,883.36,217.3
1979-08-20,6448.72,886.52,217.38
1979-08-21,6403.29,886.01,217.85
1979-08-22,6415.8,885.84,219.5
1979-08-23,6396.84,880.38,219.12
1979-08-24,6384.49,880.2,219.25
1979-08-25,6384.49,880.2,219.25
1979-08-26,6384.49,880.2,219.25
1979-08-27,6408.11,885.41,220.95
1979-08-28,6435.63,884.64,220.55
1979-08-29,6445.42,884.9,221.93
1979-08-30,6437.25,883.7,219.95
1979-08-31,6436.13,887.63,220.4
1979-09-01,6436.13,887.63,220.4
1979-09-02,6436.13,887.63,220.4
1979-09-03,6405.79,887.63,220.4
1979-09-04,6401.68,872.61,221.05
1979-09-05,6411.64,866.13,221.5
1979-09-06,6425.5,867.32,220.85
1979-09-07,6410.96,874.15,220.8
1979-09-08,6410.96,874.15,220.8
1979-09-09,6410.96,874.15,220.8
1979-09-10,6410.41,876.88,220.9
1979-09-11,6426.61,869.71,221.55
1979-09-12,6451.72,870.9,222.2
1979-09-13,6447.87,870.73,223.6
1979-09-14,6455,879.1,223.4
1979-09-15,6455,879.1,223.4
1979-09-16,6455,879.1,223.4
1979-09-17,6438.12,881.31,223.48
1979-09-18,6459.83,874.15,223.8
1979-09-19,6482.56,876.45,223.43
1979-09-20,6465.66,893.69,220.3
1979-09-21,6490.34,893.94,222.45
1979-09-22,6490.34,893.94,222.45
1979-09-23,6490.34,893.94,222.45
1979-09-24,6490.34,885.84,223.1
1979-09-25,6491,886.18,222.8
1979-09-26,6477.86,886.35,222.6
1979-09-27,6539.71,887.46,223.55
1979-09-28,6568.61,878.58,224.5
1979-09-29,6568.61,878.58,224.5
1979-09-30,6568.61,878.58,224.5
1979-10-01,6577.89,872.95,225.25
1979-10-02,6545.12,885.32,225.35
1979-10-03,6542.7,885.15,224.45
1979-10-04,6532.94,890.1,223.4
1979-10-05,6568.83,897.61,224.15
1979-10-06,6568.83,897.61,224.15
1979-10-07,6568.83,897.61,224.15
1979-10-08,6495.7,884.04,224.15
1979-10-09,6512.84,857.59,226
1979-10-10,6512.84,849.32,225.6
1979-10-11,6395.95,844.62,226.4
1979-10-12,6439.75,838.99,227.5
1979-10-13,6439.75,838.99,227.5
1979-10-14,6439.75,838.99,227.5
1979-10-15,6526.83,831.06,229.8
1979-10-16,6516.62,829.52,232
1979-10-17,6496.09,830.72,234.1
1979-10-18,6427.57,830.12,232.18
1979-10-19,6416.84,814.68,230.65
1979-10-20,6416.84,814.68,230.65
1979-10-21,6416.84,814.68,230.65
1979-10-22,6341.73,809.13,233.8
1979-10-23,6371.13,806.83,235.4
1979-10-24,6225.71,808.36,234.5
1979-10-25,6235.32,808.46,233.9
1979-10-26,6207.89,809.3,234.3
1979-10-27,6207.89,809.3,234.3
1979-10-28,6207.89,809.3,234.3
1979-10-29,6319.35,808.62,235.98
1979-10-30,6405.58,823.81,238.1
1979-10-31,6444.13,815.7,237.85
1979-11-01,6444.13,820.14,238.15
1979-11-02,6424.97,818.94,234.55
1979-11-03,6424.97,818.94,234.55
1979-11-04,6424.97,818.94,234.55
1979-11-05,6423.2,812.63,237.1
1979-11-06,6451.83,806.48,237.1
1979-11-07,6368.11,796.67,240.2
1979-11-08,6390.62,797.61,241.3
1979-11-09,6403.47,806.48,243.55
1979-11-10,6403.47,806.48,243.55
1979-11-11,6403.47,806.48,243.55
1979-11-12,6414.82,821.93,243.55
1979-11-13,6401.75,814.08,246.6
1979-11-14,6414.11,816.55,243.35
1979-11-15,6372.57,821.33,247.2
1979-11-16,6387.11,815.7,246.5
1979-11-17,6387.11,815.7,246.5
1979-11-18,6387.11,815.7,246.5
1979-11-19,6374.97,815.27,245.25
1979-11-20,6363.71,809.22,246.2
1979-11-21,6303.6,807.42,248.1
1979-11-22,6328.56,807.42,248.1
1979-11-23,6328.56,811.77,249
1979-11-24,6328.56,811.77,249
1979-11-25,6328.56,811.77,249
1979-11-26,6387.5,828.75,250.85
1979-11-27,6407.8,825.85,249.45
1979-11-28,6420.25,830.46,248.95
1979-11-29,6440.84,831.74,248.85
1979-11-30,6450.19,822.35,249.55
1979-12-01,6450.19,822.35,249.55
1979-12-02,6450.19,822.35,249.55
1979-12-03,6475.55,819.62,248.89
1979-12-04,6487.65,824.91,247.5
1979-12-05,6507.65,828.41,245.7
1979-12-06,6502.96,835.07,243.6
1979-12-07,6461.34,833.19,240.2
1979-12-08,6461.34,833.19,240.2
1979-12-09,6461.34,833.19,240.2
1979-12-10,6452.14,833.87,232.65
1979-12-11,6443.98,833.7,233.3
1979-12-12,6501.24,835.67,237.9
1979-12-13,6493.63,836.09,240.7
1979-12-14,6509.77,842.75,242.55
1979-12-15,6509.77,842.75,242.55
1979-12-16,6509.77,842.75,242.55
1979-12-17,6491.25,844.62,240.1
1979-12-18,6478.38,838.65,239.4
1979-12-19,6477.11,838.91,239
1979-12-20,6526.13,843.34,236.6
1979-12-21,6535.94,838.91,239.9
1979-12-22,6535.94,838.91,239.9
1979-12-23,6535.94,838.91,239.9
1979-12-24,6535.94,839.16,239.8
1979-12-25,6546.44,839.16,239.8
1979-12-26,6531.23,838.14,239.05
1979-12-27,6528.83,840.1,239.8
1979-12-28,6569.47,838.91,240.55
1979-12-29,6569.47,838.91,240.55
1979-12-30,6569.47,838.91,240.55
1979-12-31,6569.47,838.71,240.3
1980-01-01,6569.47,838.71,240.3
1980-01-02,6569.47,824.57,238.45
1980-01-03,6569.47,820.31,238.35
1980-01-04,6560.16,828.84,234.8
1980-01-05,6560.16,828.84,234.8
1980-01-06,6560.16,828.84,234.8
1980-01-07,6552.65,832,231.55
1980-01-08,6563.28,851.71,234.75
1980-01-09,6591.83,850.09,234.95
1980-01-10,6594.01,858.96,235.8
1980-01-11,6615.51,858.53,236.05
1980-01-12,6615.51,858.53,236.05
1980-01-13,6615.51,858.53,236.05
1980-01-14,6659.55,863.57,236.2
1980-01-15,6659.55,868.6,239.65
1980-01-16,6653.26,865.19,238.15
1980-01-17,6656.3,863.57,239.9
1980-01-18,6649.3,867.15,239.65
1980-01-19,6649.3,867.15,239.65
1980-01-20,6649.3,867.15,239.65
1980-01-21,6666.27,872.78,241
1980-01-22,6684.59,866.21,239.7
1980-01-23,6694.19,877.56,237.25
1980-01-24,6746.93,879.95,239.35
1980-01-25,6767.71,876.11,239.6
1980-01-26,6767.71,876.11,239.6
1980-01-27,6767.71,876.11,239.6
1980-01-28,6763.61,878.5,240.22
1980-01-29,6770.83,874.4,239.35
1980-01-30,6776.6,881.91,239.5
1980-01-31,6768.16,875.85,239.33
1980-02-01,6777.64,881.48,240.45
1980-02-02,6777.64,881.48,240.45
1980-02-03,6777.64,881.48,240.45
1980-02-04,6794.21,875.09,240.29
1980-02-05,6765.12,876.62,240.1
1980-02-06,6800.33,881.83,240.1
1980-02-07,6795.62,885.49,240.09
1980-02-08,6816.03,895.73,241.65
1980-02-09,6816.03,895.73,241.65
1980-02-10,6816.03,895.73,241.65
1980-02-11,6816.03,889.59,241.4
1980-02-12,6828.05,898.98,241.4
1980-02-13,6835.99,903.84,242.1
1980-02-14,6839.86,893.77,243.39
1980-02-15,6827.71,884.98,243.2
1980-02-16,6827.71,884.98,243.2
1980-02-17,6827.71,884.98,243.2
1980-02-18,6756.6,884.98,243.2
1980-02-19,6763.09,876.02,245.36
1980-02-20,6806.01,886.86,246.05
1980-02-21,6776.51,868.52,246.09
1980-02-22,6783.22,868.77,247.45
1980-02-23,6783.22,868.77,247.45
1980-02-24,6783.22,868.77,247.45
1980-02-25,6751.29,859.81,248.35
1980-02-26,6739.43,864.25,248.08
1980-02-27,6777.34,855.12,248.45
1980-02-28,6743.99,854.44,248.4
1980-02-29,6764.89,863.14,251.65
1980-03-01,6764.89,863.14,251.65
1980-03-02,6764.89,863.14,251.65
1980-03-03,6793.56,854.35,247.85
1980-03-04,6778.27,856.48,246.4
1980-03-05,6794.04,844.88,246.88
1980-03-06,6736.09,828.07,248.1
1980-03-07,6625.18,820.56,247.85
1980-03-08,6625.18,820.56,247.85
1980-03-09,6625.18,820.56,247.85
1980-03-10,6507.16,818.94,247.93
1980-03-11,6535.67,826.45,247.3
1980-03-12,6609.46,819.54,247.5
1980-03-13,6604.39,809.56,248.1
1980-03-14,6593.4,811.69,249.05
1980-03-15,6593.4,811.69,249.05
1980-03-16,6593.4,811.69,249.05
1980-03-17,6562.66,788.65,248.9
1980-03-18,6578.21,801.62,249.1
1980-03-19,6584.76,800.94,248.65
1980-03-20,6584.76,789.08,248.7
1980-03-21,6571.77,785.15,248.92
1980-03-22,6571.77,785.15,248.92
1980-03-23,6571.77,785.15,248.92
1980-03-24,6567.25,765.44,249.15
1980-03-25,6531.26,767.83,249.07
1980-03-26,6535.88,762.12,249.1
1980-03-27,6481.02,759.98,249.9
1980-03-28,6475.93,777.65,249.65
1980-03-29,6475.93,777.65,249.65
1980-03-30,6475.93,777.65,249.65
1980-03-31,6556.19,785.75,249.95
1980-04-01,6502.8,784.47,254.65
1980-04-02,6562.99,787.8,257.15
1980-04-03,6614.2,784.13,257.2
1980-04-04,6688.64,784.13,258.75
1980-04-05,6688.64,784.13,258.75
1980-04-06,6688.64,784.13,258.75
1980-04-07,6737.06,768.34,261.4
1980-04-08,6682.54,775,258.2
1980-04-09,6708.24,785.92,251.8
1980-04-10,6730.51,791.47,249.5
1980-04-11,6751.96,791.55,252.5
1980-04-12,6751.96,791.55,252.5
1980-04-13,6751.96,791.55,252.5
1980-04-14,6808.17,784.9,251.35
1980-04-15,6805.78,783.36,252.7
1980-04-16,6770.37,771.25,249.1
1980-04-17,6798.78,768.86,248.7
1980-04-18,6811.39,763.4,249.4
1980-04-19,6811.39,763.4,249.4
1980-04-20,6811.39,763.4,249.4
1980-04-21,6810.67,759.13,249.8
1980-04-22,6799.01,789.85,250
1980-04-23,6843.85,789.25,243.25
1980-04-24,6830.31,797.1,244.65
1980-04-25,6904.81,803.58,246
1980-04-26,6904.81,803.58,246
1980-04-27,6904.81,803.58,246
1980-04-28,6875.66,805.46,241.3
1980-04-29,6875.66,811.09,239.3
1980-04-30,6865.56,817.06,239.35
1980-05-01,6865.08,808.79,240.5
1980-05-02,6882.65,810.92,240.35
1980-05-03,6882.65,810.92,240.35
1980-05-04,6882.65,810.92,240.35
1980-05-05,6882.65,816.3,237.2
1980-05-06,6856.08,816.04,231.8
1980-05-07,6834.84,821.25,231.85
1980-05-08,6757.7,815.19,233.6
1980-05-09,6808.38,805.8,231.8
1980-05-10,6808.38,805.8,231.8
1980-05-11,6808.38,805.8,231.8
1980-05-12,6754.94,805.2,226.8
1980-05-13,6766.94,816.89,227.75
1980-05-14,6747.74,819.62,227.2
1980-05-15,6746.51,822.53,227.8
1980-05-16,6733,826.88,229.6
1980-05-17,6733,826.88,229.6
1980-05-18,6733,826.88,229.6
1980-05-19,6634.33,830.89,229
1980-05-20,6707.3,832.51,226.75
1980-05-21,6822.18,831.06,224.4
1980-05-22,6836.89,842.92,224.05
1980-05-23,6839.89,854.1,221.25
1980-05-24,6839.89,854.1,221.25
1980-05-25,6839.89,854.1,221.25
1980-05-26,6831.92,854.1,221.25
1980-05-27,6826.5,857.76,219.2
1980-05-28,6849.05,860.32,223.5
1980-05-29,6841.4,846.25,223.8
1980-05-30,6855.7,850.85,223
1980-05-31,6855.7,850.85,223
1980-06-01,6855.7,850.85,223
1980-06-02,6862.7,847.35,223.55
1980-06-03,6826.18,843.77,222.7
1980-06-04,6795.63,858.02,221.4
1980-06-05,6821.24,858.7,220.35
1980-06-06,6814.5,861.52,219.3
1980-06-07,6814.5,861.52,219.3
1980-06-08,6814.5,861.52,219.3
1980-06-09,6823.04,860.67,216.35
1980-06-10,6783.24,863.99,215.8
1980-06-11,6826.01,872.7,217.75
1980-06-12,6814.72,872.61,216.5
1980-06-13,6821.81,876.37,216
1980-06-14,6821.81,876.37,216
1980-06-15,6821.81,876.37,216
1980-06-16,6852.61,877.73,216
1980-06-17,6798.5,879.27,216
1980-06-18,6824.95,881.91,215.75
1980-06-19,6791.88,870.9,216.35
1980-06-20,6813.85,869.71,217.2
1980-06-21,6813.85,869.71,217.2
1980-06-22,6813.85,869.71,217.2
1980-06-23,6860.89,873.81,216.07
1980-06-24,6806.37,877.3,216.6
1980-06-25,6761.25,887.54,217.95
1980-06-26,6800.53,883.45,217.2
1980-06-27,6825.03,881.83,217.55
1980-06-28,6825.03,881.83,217.55
1980-06-29,6825.03,881.83,217.55
1980-06-30,6870.7,867.92,219.9
1980-07-01,6824.35,872.27,219.5
1980-07-02,6819.45,876.02,218.8
1980-07-03,6863.84,888.91,219
1980-07-04,6846.09,888.91,219
1980-07-05,6846.09,888.91,219
1980-07-06,6846.09,888.91,219
1980-07-07,6708.49,898.21,217.9
1980-07-08,6755.54,897.35,219.1
1980-07-09,6789.71,897.27,218.15
1980-07-10,6794.24,885.92,216.85
1980-07-11,6787.96,887.13,217.7
1980-07-12,6787.96,887.13,217.7
1980-07-13,6787.96,887.13,217.7
1980-07-14,6779.36,905.55,218.25
1980-07-15,6793.37,901.54,219.4
1980-07-16,6816.15,904.44,218.8
1980-07-17,6810.41,915.1,218.5
1980-07-18,6819.78,923.98,220.27
1980-07-19,6819.78,923.98,220.27
1980-07-20,6819.78,923.98,220.27
1980-07-21,6842.49,928.67,220.38
1980-07-22,6836.1,927.3,221
1980-07-23,6837.47,928.58,224.15
1980-07-24,6795.98,926.11,223.2
1980-07-25,6810.49,918.09,225.4
1980-07-26,6810.49,918.09,225.4
1980-07-27,6810.49,918.09,225.4
1980-07-28,6816.71,925.43,227.4
1980-07-29,6811.38,931.91,226.8
1980-07-30,6821.1,936.18,227.05
1980-07-31,6819.63,935.32,227.4
1980-08-01,6788.3,931.48,227
1980-08-02,6788.3,931.48,227
1980-08-03,6788.3,931.48,227
1980-08-04,6753.4,931.06,226.05
1980-08-05,6760.85,929.78,226.25
1980-08-06,6739.97,938.23,225.3
1980-08-07,6739.89,950.94,225.7
1980-08-08,6771.52,954.69,226.3
1980-08-09,6771.52,954.69,226.3
1980-08-10,6771.52,954.69,226.3
1980-08-11,6778.54,964.08,225.78
1980-08-12,6801.68,952.39,222.9
1980-08-13,6834.32,949.23,224
1980-08-14,6824,962.63,224.4
1980-08-15,6836.82,966.72,225.75
1980-08-16,6836.82,966.72,225.75
1980-08-17,6836.82,966.72,225.75
1980-08-18,6835.78,948.63,226.3
1980-08-19,6864.55,939.85,224.38
1980-08-20,6878.76,945.31,224.15
1980-08-21,6853.69,955.03,224.75
1980-08-22,6886.16,958.19,223.8
1980-08-23,6886.16,958.19,223.8
1980-08-24,6886.16,958.19,223.8
1980-08-25,6922.99,956.23,223.2
1980-08-26,6906.05,953.41,219.4
1980-08-27,6930.66,943.09,219.68
1980-08-28,6879.83,930.38,218
1980-08-29,6914.08,932.59,219.1
1980-08-30,6914.08,932.59,219.1
1980-08-31,6914.08,932.59,219.1
1980-09-01,6889.54,932.59,219.1
1980-09-02,6915.4,940.78,215.93
1980-09-03,6927.27,953.16,216.7
1980-09-04,6917.56,948.81,217.2
1980-09-05,6943.69,940.96,218
1980-09-06,6943.69,940.96,218
1980-09-07,6943.69,940.96,218
1980-09-08,6938.42,928.58,216.7
1980-09-09,6937.98,934.73,216.8
1980-09-10,6956.21,938.48,216.55
1980-09-11,6978.89,941.3,214.47
1980-09-12,7000.04,936.52,213.2
1980-09-13,7000.04,936.52,213.2
1980-09-14,7000.04,936.52,213.2
1980-09-15,7000.04,937.63,212.65
1980-09-16,7020.16,945.9,211.47
1980-09-17,7031.51,961.26,211.95
1980-09-18,7035.84,956.48,212.98
1980-09-19,7041.66,963.74,210.8
1980-09-20,7041.66,963.74,210.8
1980-09-21,7041.66,963.74,210.8
1980-09-22,7046.51,974.57,214.8
1980-09-23,7046.51,962.03,218.15
1980-09-24,6972.62,964.76,214.45
1980-09-25,6989.84,955.97,215
1980-09-26,6998.52,940.1,211.7
1980-09-27,6998.52,940.1,211.7
1980-09-28,6998.52,940.1,211.7
1980-09-29,7060.75,921.93,212.4
1980-09-30,7076.46,932.42,210.85
1980-10-01,7123.08,939.42,208.5
1980-10-02,7119.4,942.24,208.15
1980-10-03,7142.24,950.68,207.6
1980-10-04,7142.24,950.68,207.6
1980-10-05,7142.24,950.68,207.6
1980-10-06,7155.98,965.7,207.9
1980-10-07,7149.91,960.67,208.85
1980-10-08,7115.33,963.99,208.35
1980-10-09,7130.3,958.96,208.95
1980-10-10,7130.3,950.68,209
1980-10-11,7130.3,950.68,209
1980-10-12,7130.3,950.68,209
1980-10-13,7160.26,959.9,209
1980-10-14,7157.8,962.2,206.5
1980-10-15,7174.27,972.44,207.3
1980-10-16,7151.78,958.7,208.15
1980-10-17,7169.26,956.14,208.2
1980-10-18,7169.26,956.14,208.2
1980-10-19,7169.26,956.14,208.2
1980-10-20,7175.33,960.84,208.65
1980-10-21,7165.36,954.44,207.95
1980-10-22,7143.86,955.12,209.35
1980-10-23,7130.89,939.51,210.4
1980-10-24,7117.07,943.6,212.75
1980-10-25,7117.07,943.6,212.75
1980-10-26,7117.07,943.6,212.75
1980-10-27,7089.19,931.74,213.75
1980-10-28,7088.44,932.59,213.25
1980-10-29,7113.53,929.18,210
1980-10-30,7124.78,917.75,210.5
1980-10-31,7150.75,924.49,211.05
1980-11-01,7150.75,924.49,211.05
1980-11-02,7150.75,924.49,211.05
1980-11-03,7150.75,937.2,210.8
1980-11-04,7149.37,937.2,210.8
1980-11-05,7176.39,953.16,211.35
1980-11-06,7188.28,935.41,212.65
1980-11-07,7150.33,932.42,213.1
1980-11-08,7150.33,932.42,213.1
1980-11-09,7150.33,932.42,213.1
1980-11-10,7166.77,933.79,209.5
1980-11-11,7134.5,944.03,209.5
1980-11-12,7149.85,964.93,213.1
1980-11-13,7154.41,982.42,212.3
1980-11-14,7159.56,986.35,212.9
1980-11-15,7159.56,986.35,212.9
1980-11-16,7159.56,986.35,212.9
1980-11-17,7126.16,986.26,213.6
1980-11-18,7102.48,997.95,213.3
1980-11-19,7135.94,991.04,212.65
1980-11-20,7126.73,1000.17,213.7
1980-11-21,7117.9,989.93,213.8
1980-11-22,7117.9,989.93,213.8
1980-11-23,7117.9,989.93,213.8
1980-11-24,7117.9,978.75,213.35
1980-11-25,7145.43,982.68,213.65
1980-11-26,7186.3,989.68,216.45
1980-11-27,7172.17,989.68,216.45
1980-11-28,7123.62,993.34,216.6
1980-11-29,7123.62,993.34,216.6
1980-11-30,7123.62,993.34,216.6
1980-12-01,7160.29,969.46,217.85
1980-12-02,7143.06,974.4,216.55
1980-12-03,7141.2,972.27,213.55
1980-12-04,7149.47,970.48,211
1980-12-05,7136.6,956.23,211.6
1980-12-06,7136.6,956.23,211.6
1980-12-07,7136.6,956.23,211.6
1980-12-08,7125.13,933.7,208.5
1980-12-09,7115.1,934.04,209.1
1980-12-10,7098.85,916.21,210.1
1980-12-11,7042.41,908.45,210.45
1980-12-12,7033.7,917.15,210.5
1980-12-13,7033.7,917.15,210.5
1980-12-14,7033.7,917.15,210.5
1980-12-15,7042.67,911.6,209.4
1980-12-16,7036.76,918.09,208.75
1980-12-17,7038.1,928.5,208.9
1980-12-18,7063.54,930.2,209.5
1980-12-19,7060.52,937.2,208.2
1980-12-20,7060.52,937.2,208.2
1980-12-21,7060.52,937.2,208.2
1980-12-22,7050.79,958.79,207.65
1980-12-23,7023.57,958.28,207.9
1980-12-24,7042,963.05,208
1980-12-25,7031.87,963.05,208
1980-12-26,7063.13,966.38,208.4
1980-12-27,7063.13,966.38,208.4
1980-12-28,7063.13,966.38,208.4
1980-12-29,7063.13,960.58,206.65
1980-12-30,7063.13,962.03,203.1
1980-12-31,7063.13,963.99,203.1
1981-01-01,7063.13,963.99,203.1
1981-01-02,7063.13,972.78,202.5
1981-01-03,7063.13,972.78,202.5
1981-01-04,7063.13,972.78,202.5
1981-01-05,7150.95,992.66,199.05
1981-01-06,7137.59,1004.69,199.7
1981-01-07,7200.77,980.89,201.05
1981-01-08,7222.14,965.7,201.7
1981-01-09,7248.13,968.69,203
1981-01-10,7248.13,968.69,203
1981-01-11,7248.13,968.69,203
1981-01-12,7251.88,968.77,204.1
1981-01-13,7246.8,965.1,203.3
1981-01-14,7244.78,966.47,203.05
1981-01-15,7244.78,969.97,201.75
1981-01-16,7255.85,973.29,202.9
1981-01-17,7255.85,973.29,202.9
1981-01-18,7255.85,973.29,202.9
1981-01-19,7296.08,970.99,202.3
1981-01-20,7289.98,950.68,200.65
1981-01-21,7315.33,946.25,199.2
1981-01-22,7293.28,940.44,200.85
1981-01-23,7267.52,940.19,202.75
1981-01-24,7267.52,940.19,202.75
1981-01-25,7267.52,940.19,202.75
1981-01-26,7249.42,938.91,203.55
1981-01-27,7285.03,949.49,202.5
1981-01-28,7279.41,942.58,204.5
1981-01-29,7215.12,948.89,204.6
1981-01-30,7254.01,947.27,206.7
1981-01-31,7254.01,947.27,206.7
1981-02-01,7254.01,947.27,206.7
1981-02-02,7322.06,932.25,203.15
1981-02-03,7291.31,941.38,204.05
1981-02-04,7288.41,941.98,202.9
1981-02-05,7278.44,946.76,202.95
1981-02-06,7264.11,952.3,203.8
1981-02-07,7264.11,952.3,203.8
1981-02-08,7264.11,952.3,203.8
1981-02-09,7239.9,947.18,203.9
1981-02-10,7261.53,948.63,203.9
1981-02-11,7261.53,942.49,203.9
1981-02-12,7261.49,936.6,203.9
1981-02-13,7207.22,931.57,207.45
1981-02-14,7207.22,931.57,207.45
1981-02-15,7207.22,931.57,207.45
1981-02-16,7165.52,931.57,207.45
1981-02-17,7135.91,939.68,206.8
1981-02-18,7157,947.1,206.55
1981-02-19,7121.65,933.36,206.8
1981-02-20,7100.81,936.09,206.8
1981-02-21,7100.81,936.09,206.8
1981-02-22,7100.81,936.09,206.8
1981-02-23,7095.26,945.23,208.05
1981-02-24,7111.23,946.1,207
1981-02-25,7121.66,954.4,207.3
1981-02-26,7120.24,966.81,207.9
1981-02-27,7146.53,974.58,209.7
1981-02-28,7146.53,974.58,209.7
1981-03-01,7146.53,974.58,209.7
1981-03-02,7155.58,977.99,211.1
1981-03-03,7137.12,966.02,208.6
1981-03-04,7134.39,971.44,208.6
1981-03-05,7094.03,964.62,208.9
1981-03-06,7081.19,964.62,209
1981-03-07,7081.19,964.62,209
1981-03-08,7081.19,964.62,209
1981-03-09,7068.73,976.42,206
1981-03-10,7059.41,972.66,207
1981-03-11,7044.87,967.67,207.6
1981-03-12,6986.39,989.82,207.6
1981-03-13,6956.52,985.77,207.55
1981-03-14,6956.52,985.77,207.55
1981-03-15,6956.52,985.77,207.55
1981-03-16,7124.33,1002.79,207.27
1981-03-17,7120.39,992.53,207.7
1981-03-18,7176.67,994.06,207.6
1981-03-19,7196.8,986.58,208.75
1981-03-20,7220.94,992.8,208.25
1981-03-21,7220.94,992.8,208.25
1981-03-22,7220.94,992.8,208.25
1981-03-23,7293.57,1004.23,208.6
1981-03-24,7318.19,996.13,208.55
1981-03-25,7325.96,1015.22,208.85
1981-03-26,7307.27,1005.76,211.45
1981-03-27,7303.04,994.78,211.8
1981-03-28,7303.04,994.78,211.8
1981-03-29,7303.04,994.78,211.8
1981-03-30,7304.69,992.16,211.4
1981-03-31,7334.31,1003.87,211.25
1981-04-01,7389.99,1014.14,212.4
1981-04-02,7416.97,1009.01,213.8
1981-04-03,7421.19,1007.11,213.2
1981-04-04,7421.19,1007.11,213.2
1981-04-05,7421.19,1007.11,213.2
1981-04-06,7447.74,994.24,214
1981-04-07,7458.36,992.89,213.1
1981-04-08,7508.52,993.43,213.45
1981-04-09,7491.82,998.83,214.1
1981-04-10,7517.31,1000.27,215.17
1981-04-11,7517.31,1000.27,215.17
1981-04-12,7517.31,1000.27,215.17
1981-04-13,7536.96,993.16,216.25
1981-04-14,7514.88,989.1,215.22
1981-04-15,7461.2,1001.71,216.7
1981-04-16,7418.74,1005.58,216.8
1981-04-17,7438.8,1005.58,217.5
1981-04-18,7438.8,1005.58,217.5
1981-04-19,7438.8,1005.58,217.5
1981-04-20,7484.71,1015.94,218.2
1981-04-21,7497.36,1005.94,218.35
1981-04-22,7533.22,1007.02,216.85
1981-04-23,7523.72,1010.27,215.2
1981-04-24,7534.41,1020.35,214.3
1981-04-25,7534.41,1020.35,214.3
1981-04-26,7534.41,1020.35,214.3
1981-04-27,7588.03,1024.05,212.1
1981-04-28,7623.81,1016.93,212.3
1981-04-29,7623.81,1004.32,214.7
1981-04-30,7674.19,997.75,215.78
1981-05-01,7575.61,995.59,215.75
1981-05-02,7575.61,995.59,215.75
1981-05-03,7575.61,995.59,215.75
1981-05-04,7575.61,979.11,217.1
1981-05-05,7575.61,972.44,217.8
1981-05-06,7465.3,973.34,216.9
1981-05-07,7440.52,978.39,217.9
1981-05-08,7495.25,976.4,217.6
1981-05-09,7495.25,976.4,217.6
1981-05-10,7495.25,976.4,217.6
1981-05-11,7551.19,963.44,217.95
1981-05-12,7480.24,970.82,219.75
1981-05-13,7390.64,967.76,220.45
1981-05-14,7467.45,973.07,222.35
1981-05-15,7486.84,985.95,223.05
1981-05-16,7486.84,985.95,223.05
1981-05-17,7486.84,985.95,223.05
1981-05-18,7451.89,985.77,221.97
1981-05-19,7264.01,980.01,221
1981-05-20,7371.27,976.86,220.8
1981-05-21,7487.46,976.59,222.5
1981-05-22,7541.02,971.72,222.5
1981-05-23,7541.02,971.72,222.5
1981-05-24,7541.02,971.72,222.5
1981-05-25,7560.77,971.72,222.5
1981-05-26,7576.18,983.96,224.35
1981-05-27,7529.2,993.14,224.95
1981-05-28,7502.03,994.25,224
1981-05-29,7539.69,991.75,223.9
1981-05-30,7539.69,991.75,223.9
1981-05-31,7539.69,991.75,223.9
1981-06-01,7589.95,997.96,222.5
1981-06-02,7504.49,987.48,223.85
1981-06-03,7480.58,989.71,223.4
1981-06-04,7413.24,986.74,226.4
1981-06-05,7430.37,993.79,227.8
1981-06-06,7430.37,993.79,227.8
1981-06-07,7430.37,993.79,227.8
1981-06-08,7334.97,995.64,227.9
1981-06-09,7375.27,994.44,228.1
1981-06-10,7484.52,993.88,225.45
1981-06-11,7569.3,1007.42,226.1
1981-06-12,7634.86,1006.28,224.15
1981-06-13,7634.86,1006.28,224.15
1981-06-14,7634.86,1006.28,224.15
1981-06-15,7711.73,1011.99,219.7
1981-06-16,7696.52,1003.33,220.15
1981-06-17,7705.3,1006.56,220.9
1981-06-18,7712.01,995.15,222.1
1981-06-19,7714.57,996.19,223.35
1981-06-20,7714.57,996.19,223.35
1981-06-21,7714.57,996.19,223.35
1981-06-22,7668.86,994.2,222.52
1981-06-23,7705.41,1006.66,221.8
1981-06-24,7706.61,999.33,222.8
1981-06-25,7692.84,996.77,225.45
1981-06-26,7726,992.87,224.85
1981-06-27,7726,992.87,224.85
1981-06-28,7726,992.87,224.85
1981-06-29,7851.73,984.59,225.85
1981-06-30,7867.42,976.88,226.85
1981-07-01,7894.93,967.66,228.25
1981-07-02,7904.56,959.19,226.75
1981-07-03,7925.34,959.19,228.5
1981-07-04,7925.34,959.19,228.5
1981-07-05,7925.34,959.19,228.5
1981-07-06,7927.36,949.3,229.83
1981-07-07,7826.47,954.15,228.75
1981-07-08,7916.38,953.48,229.45
1981-07-09,7895.16,959,228.85
1981-07-10,7912.98,955.67,228.3
1981-07-11,7912.98,955.67,228.3
1981-07-12,7912.98,955.67,228.3
1981-07-13,7923.86,954.34,228.3
1981-07-14,7878.96,948.25,231
1981-07-15,7853.95,954.15,230.6
1981-07-16,7887.38,955.48,231.28
1981-07-17,7876.89,958.9,231.97
1981-07-18,7876.89,958.9,231.97
1981-07-19,7876.89,958.9,231.97
1981-07-20,7840.16,949.54,233
1981-07-21,7756.76,934.46,234.35
1981-07-22,7760.84,924.66,234.5
1981-07-23,7717.07,928.56,234.9
1981-07-24,7743.08,936.74,234.52
1981-07-25,7743.08,936.74,234.52
1981-07-26,7743.08,936.74,234.52
1981-07-27,7816.76,945.87,236.1
1981-07-28,7784.84,939.4,237.25
1981-07-29,7823.56,937.4,237.85
1981-07-30,7831.35,945.11,238.8
1981-07-31,7828.26,952.34,240.4
1981-08-01,7828.26,952.34,240.4
1981-08-02,7828.26,952.34,240.4
1981-08-03,7815.97,946.25,245.4
1981-08-04,7820.06,945.97,246.1
1981-08-05,7888.53,953.58,240.9
1981-08-06,7906.1,952.91,239.9
1981-08-07,7968.93,942.54,234.9
1981-08-08,7968.93,942.54,234.9
1981-08-09,7968.93,942.54,234.9
1981-08-10,7978.47,943.68,236.1
1981-08-11,7985.64,949.3,235.75
1981-08-12,7938.89,945.21,230.2
1981-08-13,7953.57,944.35,231.7
1981-08-14,7976.4,936.93,233.75
1981-08-15,7976.4,936.93,233.75
1981-08-16,7976.4,936.93,233.75
1981-08-17,8019.14,926.75,229.8
1981-08-18,7949.38,924.37,229.2
1981-08-19,7961.52,926.46,230.35
1981-08-20,7972.96,928.37,228.9
1981-08-21,7995.23,920.57,227.25
1981-08-22,7995.23,920.57,227.25
1981-08-23,7995.23,920.57,227.25
1981-08-24,7917.53,900.11,228.4
1981-08-25,7817.22,901.83,230.6
1981-08-26,7852.29,899.26,230.1
1981-08-27,7796.39,889.08,230.95
1981-08-28,7726.59,892.22,229.1
1981-08-29,7726.59,892.22,229.1
1981-08-30,7726.59,892.22,229.1
1981-08-31,7815.78,881.47,230.5
1981-09-01,7735.71,882.71,230.95
1981-09-02,7678.17,884.23,229.7
1981-09-03,7678.46,867.01,230.4
1981-09-04,7662.59,861.68,229.7
1981-09-05,7662.59,861.68,229.7
1981-09-06,7662.59,861.68,229.7
1981-09-07,7604.17,861.68,229.7
1981-09-08,7594.71,851.12,232.5
1981-09-09,7629.17,853.88,233.8
1981-09-10,7583.27,862.44,230.9
1981-09-11,7543.45,872.81,231.35
1981-09-12,7543.45,872.81,231.35
1981-09-13,7543.45,872.81,231.35
1981-09-14,7542.82,866.15,230.2
1981-09-15,7542.82,858.35,225.7
1981-09-16,7506.33,851.6,226.95
1981-09-17,7539.27,840.09,226.3
1981-09-18,7548.57,836.19,226.3
1981-09-19,7548.57,836.19,226.3
1981-09-20,7548.57,836.19,226.3
1981-09-21,7522.6,846.56,224.2
1981-09-22,7492.96,845.7,226.8
1981-09-23,7492.96,840.94,227.9
1981-09-24,7364.03,835.14,229.1
1981-09-25,7363.06,824.01,229.7
1981-09-26,7363.06,824.01,229.7
1981-09-27,7363.06,824.01,229.7
1981-09-28,7037.12,842.56,232.45
1981-09-29,7357.68,847.89,231.9
1981-09-30,7455.5,849.98,232.3
1981-10-01,7365.91,852.26,233.1
1981-10-02,7377.13,860.73,232.05
1981-10-03,7377.13,860.73,232.05
1981-10-04,7377.13,860.73,232.05
1981-10-05,7499.75,859.87,227.6
1981-10-06,7506.01,856.26,230.4
1981-10-07,7545.88,868.72,228.5
1981-10-08,7522.51,878.14,228.35
1981-10-09,7516.22,873,226.55
1981-10-10,7516.22,873,226.55
1981-10-11,7516.22,873,226.55
1981-10-12,7587.8,869.48,226.55
1981-10-13,7583.17,865.58,228.6
1981-10-14,7494.13,850.65,228.75
1981-10-15,7352.49,856.26,230.6
1981-10-16,7231.42,851.69,230.6
1981-10-17,7231.42,851.69,230.6
1981-10-18,7231.42,851.69,230.6
1981-10-19,7076.65,847.13,232.35
1981-10-20,7109.92,851.88,232.7
1981-10-21,7253.99,851.03,233.7
1981-10-22,7216.29,848.27,233.65
1981-10-23,7262.19,837.99,232.3
1981-10-24,7262.19,837.99,232.3
1981-10-25,7262.19,837.99,232.3
1981-10-26,7261.8,830.96,236.15
1981-10-27,7280.58,838.38,234.75
1981-10-28,7321.98,837.61,234.05
1981-10-29,7428.25,832.95,234.35
1981-10-30,7449.46,852.55,232.8
1981-10-31,7449.46,852.55,232.8
1981-11-01,7449.46,852.55,232.8
1981-11-02,7539.63,866.82,229.15
1981-11-03,7539.63,868.72,229.15
1981-11-04,7572.15,866.82,227.3
1981-11-05,7546.5,859.11,228.5
1981-11-06,7536.53,852.45,229.05
1981-11-07,7536.53,852.45,229.05
1981-11-08,7536.53,852.45,229.05
1981-11-09,7516.35,855.21,226.78
1981-11-10,7528.21,853.98,229.85
1981-11-11,7502.58,857.12,229.85
1981-11-12,7505.02,860.54,227.25
1981-11-13,7569.51,855.88,227.35
1981-11-14,7569.51,855.88,227.35
1981-11-15,7569.51,855.88,227.35
1981-11-16,7674.92,845.03,225.7
1981-11-17,7648.6,850.17,224.25
1981-11-18,7667.31,844.08,222.2
1981-11-19,7655.26,844.75,220.3
1981-11-20,7647.43,852.93,218.65
1981-11-21,7647.43,852.93,218.65
1981-11-22,7647.43,852.93,218.65
1981-11-23,7647.43,851.79,217.6
1981-11-24,7602.69,870.24,215.9
1981-11-25,7650.79,878.14,216.6
1981-11-26,7664.69,878.14,216.6
1981-11-27,7555.23,885.94,215.65
1981-11-28,7555.23,885.94,215.65
1981-11-29,7555.23,885.94,215.65
1981-11-30,7549.33,888.98,214.2
1981-12-01,7521.73,890.22,216.4
1981-12-02,7566.17,882.61,214.7
1981-12-03,7624.98,883.85,216.65
1981-12-04,7716.13,892.69,216.5
1981-12-05,7716.13,892.69,216.5
1981-12-06,7716.13,892.69,216.5
1981-12-07,7789.16,886.99,217.55
1981-12-08,7752.43,881.75,218
1981-12-09,7743.12,888.22,218.4
1981-12-10,7746.91,892.03,218.6
1981-12-11,7730.88,886.51,219.3
1981-12-12,7730.88,886.51,219.3
1981-12-13,7730.88,886.51,219.3
1981-12-14,7654.17,871.48,220.75
1981-12-15,7680.89,875.95,217.5
1981-12-16,7674.65,868.72,218.3
1981-12-17,7682.53,870.53,218.45
1981-12-18,7669.93,875.76,219
1981-12-19,7669.93,875.76,219
1981-12-20,7669.93,875.76,219
1981-12-21,7668.9,873.1,220.05
1981-12-22,7644.57,871.96,219.35
1981-12-23,7681.99,869.67,220.7
1981-12-24,7662.48,873.38,222.1
1981-12-25,7665.02,873.38,222.1
1981-12-26,7665.02,873.38,222.1
1981-12-27,7665.02,873.38,222.1
1981-12-28,7681.84,870.34,222.8
1981-12-29,7681.84,868.25,222.3
1981-12-30,7681.84,873.1,219.8
1981-12-31,7681.84,875,219.8
1982-01-01,7681.84,875,219.8
1982-01-02,7681.84,875,219.8
1982-01-03,7681.84,875,219.8
1982-01-04,7718.84,882.52,218.75
1982-01-05,7719.34,865.3,219.7
1982-01-06,7697.6,861.02,219.6
1982-01-07,7691.22,861.78,222
1982-01-08,7662.22,866.53,221.4
1982-01-09,7662.22,866.53,221.4
1982-01-10,7662.22,866.53,221.4
1982-01-11,7675.26,850.46,223.3
1982-01-12,7631.77,847.7,223.05
1982-01-13,7635.66,838.95,224.35
1982-01-14,7667.02,842.28,224.5
1982-01-15,7667.02,847.6,224.5
1982-01-16,7667.02,847.6,224.5
1982-01-17,7667.02,847.6,224.5
1982-01-18,7659.34,855.12,225.35
1982-01-19,7677.07,847.41,224.5
1982-01-20,7717.23,845.89,225.5
1982-01-21,7737.51,848.27,225.65
1982-01-22,7823.36,845.03,227.4
1982-01-23,7823.36,845.03,227.4
1982-01-24,7823.36,845.03,227.4
1982-01-25,7906.26,842.75,229.4
1982-01-26,7863.4,841.51,228.25
1982-01-27,7926.55,842.66,229.6
1982-01-28,7903.85,864.25,231
1982-01-29,7918.82,871.1,228.3
1982-01-30,7918.82,871.1,228.3
1982-01-31,7918.82,871.1,228.3
1982-02-01,7909.79,851.69,232.6
1982-02-02,7828,852.55,233.25
1982-02-03,7860.94,845.03,234.8
1982-02-04,7834.7,847.03,233.15
1982-02-05,7801.88,851.03,233.5
1982-02-06,7801.88,851.03,233.5
1982-02-07,7801.88,851.03,233.5
1982-02-08,7784.89,833.43,234.75
1982-02-09,7794.19,830.57,236.5
1982-02-10,7761.11,836.66,236.35
1982-02-11,7761.11,834.67,235.75
1982-02-12,7690.29,833.81,235.75
1982-02-13,7690.29,833.81,235.75
1982-02-14,7690.29,833.81,235.75
1982-02-15,7694.18,833.81,235.75
1982-02-16,7693.92,831.34,240.65
1982-02-17,7644.39,827.63,240.35
1982-02-18,7683.76,828.96,235.5
1982-02-19,7713.31,824.3,233.6
1982-02-20,7713.31,824.3,233.6
1982-02-21,7713.31,824.3,233.6
1982-02-22,7758.36,811.26,232.1
1982-02-23,7714.56,812.98,234.9
1982-02-24,7664.02,826.77,234.45
1982-02-25,7580.45,825.82,236.05
1982-02-26,7548.51,824.39,237.25
1982-02-27,7548.51,824.39,237.25
1982-02-28,7548.51,824.39,237.25
1982-03-01,7327.44,828.39,238.3
1982-03-02,7309.41,825.82,237.7
1982-03-03,7474.42,815.16,236.6
1982-03-04,7354.82,807.55,236.55
1982-03-05,7285.54,807.36,233.9
1982-03-06,7285.54,807.36,233.9
1982-03-07,7285.54,807.36,233.9
1982-03-08,7248.47,795.47,234.3
1982-03-09,7195.8,803.84,237.55
1982-03-10,7292.91,804.89,237.25
1982-03-11,7257.34,805.56,239.4
1982-03-12,7102.61,797.37,240.1
1982-03-13,7102.61,797.37,240.1
1982-03-14,7102.61,797.37,240.1
1982-03-15,7078.68,800.99,240.5
1982-03-16,6916.99,798.33,241.6
1982-03-17,6889.53,795.85,241.4
1982-03-18,7052.8,805.27,242.1
1982-03-19,7065.38,805.65,244
1982-03-20,7065.38,805.65,244
1982-03-21,7065.38,805.65,244
1982-03-22,7065.38,819.54,245.3
1982-03-23,7097.8,826.67,244.9
1982-03-24,7194.31,823.34,243.6
1982-03-25,7175.16,827.63,245.35
1982-03-26,7203.82,817.92,247.1
1982-03-27,7203.82,817.92,247.1
1982-03-28,7203.82,817.92,247.1
1982-03-29,7199.16,823.82,247.2
1982-03-30,7193.83,824.49,245.3
1982-03-31,7260.48,822.77,248.25
1982-04-01,7293.67,833.24,246.2
1982-04-02,7332.96,838.57,245.6
1982-04-03,7332.96,838.57,245.6
1982-04-04,7332.96,838.57,245.6
1982-04-05,7344.35,835.33,248.4
1982-04-06,7293.59,839.33,248.4
1982-04-07,7230.53,836.85,245.9
1982-04-08,7204.65,842.94,248.75
1982-04-09,7209.21,842.94,248.05
1982-04-10,7209.21,842.94,248.05
1982-04-11,7209.21,842.94,248.05
1982-04-12,7280.82,841.32,248
1982-04-13,7252.93,841.04,246.7
1982-04-14,7181.53,838.09,247.45
1982-04-15,7120.86,839.61,248.4
1982-04-16,7129.69,843.42,247.8
1982-04-17,7129.69,843.42,247.8
1982-04-18,7129.69,843.42,247.8
1982-04-19,7135.21,846.08,245
1982-04-20,7258.15,840.56,243.15
1982-04-21,7260.58,843.42,243.2
1982-04-22,7295.87,853.12,242.8
1982-04-23,7333.94,862.16,241.15
1982-04-24,7333.94,862.16,241.15
1982-04-25,7333.94,862.16,241.15
1982-04-26,7404.21,865.58,238.4
1982-04-27,7417.16,857.5,238
1982-04-28,7405.28,852.64,237.25
1982-04-29,7405.28,844.94,235.9
1982-04-30,7390.71,848.36,235.85
1982-05-01,7390.71,848.36,235.85
1982-05-02,7390.71,848.36,235.85
1982-05-03,7390.71,849.03,236.6
1982-05-04,7457.11,854.45,237.55
1982-05-05,7457.11,854.45,234.1
1982-05-06,7517.78,863.2,233.55
1982-05-07,7518.78,869.2,232.92
1982-05-08,7518.78,869.2,232.92
1982-05-09,7518.78,869.2,232.92
1982-05-10,7564.59,860.92,233.3
1982-05-11,7538.12,865.87,232.85
1982-05-12,7539.78,865.77,233.8
1982-05-13,7603.21,859.11,235.2
1982-05-14,7575.81,857.78,235.25
1982-05-15,7575.81,857.78,235.25
1982-05-16,7575.81,857.78,235.25
1982-05-17,7619.39,845.32,236.85
1982-05-18,7567.06,840.85,237.25
1982-05-19,7572.15,835.9,238.95
1982-05-20,7531.54,832.48,238.3
1982-05-21,7497.05,835.9,237.6
1982-05-22,7497.05,835.9,237.6
1982-05-23,7497.05,835.9,237.6
1982-05-24,7468.28,836.38,238.4
1982-05-25,7428.4,834.57,240.2
1982-05-26,7449.92,828.77,240.4
1982-05-27,7404.36,824.96,242.9
1982-05-28,7325.09,819.54,243.3
1982-05-29,7325.09,819.54,243.3
1982-05-30,7325.09,819.54,243.3
1982-05-31,7325.65,819.54,243.3
1982-06-01,7368.66,814.97,244.3
1982-06-02,7344.9,816.88,244.7
1982-06-03,7301.94,816.5,243.2
1982-06-04,7300.54,804.98,243.65
1982-06-05,7300.54,804.98,243.65
1982-06-06,7300.54,804.98,243.65
1982-06-07,7242.39,804.03,245.65
1982-06-08,7240.03,802.23,247
1982-06-09,7233.03,795.57,248.95
1982-06-10,7152.28,798.71,249.3
1982-06-11,7195.46,809.74,247.55
1982-06-12,7195.46,809.74,247.55
1982-06-13,7195.46,809.74,247.55
1982-06-14,7242.58,801.85,250.65
1982-06-15,7191.02,801.27,251.65
1982-06-16,7142.39,796.9,252.85
1982-06-17,7130.25,791.48,254.5
1982-06-18,7127.7,788.62,255.15
1982-06-19,7127.7,788.62,255.15
1982-06-20,7127.7,788.62,255.15
1982-06-21,7091.11,789.95,257.15
1982-06-22,7127.96,799.66,254.5
1982-06-23,7154.63,813.17,256
1982-06-24,7152.58,810.41,252.4
1982-06-25,7202.45,803.08,257.7
1982-06-26,7202.45,803.08,257.7
1982-06-27,7202.45,803.08,257.7
1982-06-28,7204.19,811.93,258.95
1982-06-29,7180.7,812.21,255.55
1982-06-30,7213.87,811.93,255
1982-07-01,7179.38,803.27,255.95
1982-07-02,7084.87,796.99,257
1982-07-03,7084.87,796.99,257
1982-07-04,7084.87,796.99,257
1982-07-05,7081.1,796.99,257
1982-07-06,7019.56,798.9,257.7
1982-07-07,7035.11,799.66,259
1982-07-08,6961.91,804.98,257.85
1982-07-09,6991.56,814.12,255.8
1982-07-10,6991.56,814.12,255.8
1982-07-11,6991.56,814.12,255.8
1982-07-12,7146.69,824.87,254.25
1982-07-13,7189.01,824.2,257.5
1982-07-14,7155,828.39,256.35
1982-07-15,7197.77,827.34,255.95
1982-07-16,7175.89,828.67,254.05
1982-07-17,7175.89,828.67,254.05
1982-07-18,7175.89,828.67,254.05
1982-07-19,7237.8,826.1,254.65
1982-07-20,7212.5,833.43,253.75
1982-07-21,7210.56,832.19,252.05
1982-07-22,7227.37,832,251.85
1982-07-23,7220.51,830.57,249.2
1982-07-24,7220.51,830.57,249.2
1982-07-25,7220.51,830.57,249.2
1982-07-26,7203.94,825.44,250.95
1982-07-27,7198.04,822.77,252.3
1982-07-28,7192.59,811.83,254.8
1982-07-29,7145.87,812.21,256.6
1982-07-30,7122.08,808.6,258.1
1982-07-31,7122.08,808.6,258.1
1982-08-01,7122.08,808.6,258.1
1982-08-02,7208.29,822.11,256.6
1982-08-03,7213.41,816.4,257.85
1982-08-04,7166.28,803.46,260.35
1982-08-05,7092.67,795.85,259.85
1982-08-06,7068.28,784.34,260.1
1982-08-07,7068.28,784.34,260.1
1982-08-08,7068.28,784.34,260.1
1982-08-09,6976.17,780.35,262.3
1982-08-10,6928.3,779.3,263.9
1982-08-11,6885.21,777.21,263.4
1982-08-12,6880.23,776.92,263.2
1982-08-13,6927.69,788.05,262.1
1982-08-14,6927.69,788.05,262.1
1982-08-15,6927.69,788.05,262.1
1982-08-16,6939.43,792.43,264.05
1982-08-17,6864.56,831.24,264.05
1982-08-18,6990.81,829.43,259.2
1982-08-19,6967.78,838.57,258.35
1982-08-20,6968.46,869.29,254.75
1982-08-21,6968.46,869.29,254.75
1982-08-22,6968.46,869.29,254.75
1982-08-23,7053.49,891.17,254.6
1982-08-24,7088.99,874.9,251.5
1982-08-25,7126.6,884.89,251
1982-08-26,7153.38,892.41,253.2
1982-08-27,7185.1,883.47,256.6
1982-08-28,7185.1,883.47,256.6
1982-08-29,7185.1,883.47,256.6
1982-08-30,7118.85,893.3,260.95
1982-08-31,7123.38,901.31,261.1
1982-09-01,7152.55,895.05,259.1
1982-09-02,7125.91,909.4,256.2
1982-09-03,7175.59,925.13,257.8
1982-09-04,7175.59,925.13,257.8
1982-09-05,7175.59,925.13,257.8
1982-09-06,7219.33,925.13,257.8
1982-09-07,7209.45,914.28,257.45
1982-09-08,7189.49,915.75,259.5
1982-09-09,7124.01,912.53,258.65
1982-09-10,7105.03,906.82,262.65
1982-09-11,7105.03,906.82,262.65
1982-09-12,7105.03,906.82,262.65
1982-09-13,7073.93,918.69,264
1982-09-14,7096.3,923.01,263.25
1982-09-15,7096.3,930.46,263.4
1982-09-16,7087.9,927.8,263.4
1982-09-17,7062.51,916.94,263.2
1982-09-18,7062.51,916.94,263.2
1982-09-19,7062.51,916.94,263.2
1982-09-20,7042.63,916.3,264.5
1982-09-21,7040.28,934.79,265.1
1982-09-22,7071.1,927.61,262.65
1982-09-23,7071.1,925.77,264.95
1982-09-24,7066.04,919.52,266.25
1982-09-25,7066.04,919.52,266.25
1982-09-26,7066.04,919.52,266.25
1982-09-27,6975.5,920.9,269.8
1982-09-28,6940.51,919.33,270
1982-09-29,6979.09,906.27,268.85
1982-09-30,6910.73,896.25,268.3
1982-10-01,6849.78,907.74,268.9
1982-10-02,6849.78,907.74,268.9
1982-10-03,6849.78,907.74,268.9
1982-10-04,6942.22,903.61,273.5
1982-10-05,6932.12,907.19,273.8
1982-10-06,6974.35,944.26,273.95
1982-10-07,7114.64,965.97,270.1
1982-10-08,7361.57,986.85,267.7
1982-10-09,7361.57,986.85,267.7
1982-10-10,7361.57,986.85,267.7
1982-10-11,7361.57,1012.79,267.7
1982-10-12,7413.25,1003.68,262.6
1982-10-13,7411.58,1015.18,266.65
1982-10-14,7414.8,996.87,268.5
1982-10-15,7373.51,993.1,269.7
1982-10-16,7373.51,993.1,269.7
1982-10-17,7373.51,993.1,269.7
1982-10-18,7370.2,1019.22,268.55
1982-10-19,7371.65,1013.8,268.3
1982-10-20,7378.04,1034.12,270.4
1982-10-21,7319.96,1036.98,273
1982-10-22,7324.04,1031.46,273.45
1982-10-23,7324.04,1031.46,273.45
1982-10-24,7324.04,1031.46,273.45
1982-10-25,7304.92,995.13,276.55
1982-10-26,7199.61,1006.07,276.05
1982-10-27,7269.96,1006.35,276.05
1982-10-28,7291.47,990.99,277.45
1982-10-29,7259.15,991.72,277.1
1982-10-30,7259.15,991.72,277.1
1982-10-31,7259.15,991.72,277.1
1982-11-01,7334.64,1005.7,276.9
1982-11-02,7395.62,1022.08,276.9
1982-11-03,7395.62,1065.49,276.52
1982-11-04,7515.9,1050.22,277.65
1982-11-05,7528.96,1051.78,275.8
1982-11-06,7528.96,1051.78,275.8
1982-11-07,7528.96,1051.78,275.8
1982-11-08,7551.66,1037.44,276
1982-11-09,7576.4,1060.25,271.15
1982-11-10,7688.18,1044.52,268.1
1982-11-11,7708.32,1054.73,268.1
1982-11-12,7689.41,1039.92,268.5
1982-11-13,7689.41,1039.92,268.5
1982-11-14,7689.41,1039.92,268.5
1982-11-15,7762.23,1021.43,267.35
1982-11-16,7698.3,1008,263.7
1982-11-17,7740.1,1027.5,263.3
1982-11-18,7785.43,1032.1,262.7
1982-11-19,7854.92,1021.25,257.85
1982-11-20,7854.92,1021.25,257.85
1982-11-21,7854.92,1021.25,257.85
1982-11-22,7901.56,1000,254.65
1982-11-23,7901.56,990.99,257.05
1982-11-24,7846.77,1000,250.7
1982-11-25,7837.26,1000,250.7
1982-11-26,7890.38,1007.36,250.2
1982-11-27,7890.38,1007.36,250.2
1982-11-28,7890.38,1007.36,250.2
1982-11-29,7936.19,1002.85,250.35
1982-11-30,7895.62,1039.28,249.2
1982-12-01,7966.77,1031.09,248.6
1982-12-02,8001.07,1033.11,248.1
1982-12-03,7991.65,1031.36,246.6
1982-12-04,7991.65,1031.36,246.6
1982-12-05,7991.65,1031.36,246.6
1982-12-06,8020.53,1055.65,245.1
1982-12-07,8026.99,1056.94,242.75
1982-12-08,8004.11,1047.09,242.15
1982-12-09,7945.25,1027.96,245.7
1982-12-10,7870.85,1018.76,244.25
1982-12-11,7870.85,1018.76,244.25
1982-12-12,7870.85,1018.76,244.25
1982-12-13,7885.57,1024.28,247.3
1982-12-14,7913.62,1009.38,244.3
1982-12-15,7882.95,992.64,244.95
1982-12-16,7828.92,990.25,243.3
1982-12-17,7865.88,1011.5,244.15
1982-12-18,7865.88,1011.5,244.15
1982-12-19,7865.88,1011.5,244.15
1982-12-20,7858.04,1004.51,244.45
1982-12-21,7810.15,1030.26,242.1
1982-12-22,7772.32,1035.04,240.5
1982-12-23,7830.88,1045.07,238.1
1982-12-24,7904.98,1045.07,238.1
1982-12-25,7904.98,1045.07,238.1
1982-12-26,7904.98,1045.07,238.1
1982-12-27,8015.07,1070.55,237.5
1982-12-28,8016.67,1058.87,234.65
1982-12-29,8016.67,1059.6,232.8
1982-12-30,8016.67,1047.37,234.5
1982-12-31,8016.67,1046.54,234.7
1983-01-01,8016.67,1046.54,234.7
1983-01-02,8016.67,1046.54,234.7
1983-01-03,8016.67,1027.04,232
1983-01-04,8021.4,1046.08,229.8
1983-01-05,8066.15,1044.89,229.1
1983-01-06,8120.51,1070.92,229.8
1983-01-07,8169.29,1076.07,229.1
1983-01-08,8169.29,1076.07,229.1
1983-01-09,8169.29,1076.07,229.1
1983-01-10,8172.66,1092.35,226.75
1983-01-11,8079.63,1083.79,228.8
1983-01-12,8039.85,1083.61,230.55
1983-01-13,8099.06,1073.95,229.1
1983-01-14,8088.53,1080.85,230.5
1983-01-15,8088.53,1080.85,230.5
1983-01-16,8088.53,1080.85,230.5
1983-01-17,8082.73,1084.83,229.6
1983-01-18,8028.28,1079.63,232.15
1983-01-19,7968.68,1068.06,234.95
1983-01-20,7923.31,1070.82,235.3
1983-01-21,7989.41,1052.98,236.35
1983-01-22,7989.41,1052.98,236.35
1983-01-23,7989.41,1052.98,236.35
1983-01-24,7833.99,1030.17,240.2
1983-01-25,7803.18,1042.03,235.85
1983-01-26,7962.51,1037.99,235.35
1983-01-27,7942.32,1063.65,235.85
1983-01-28,8014.61,1064.74,236.4
1983-01-29,8014.61,1064.74,236.4
1983-01-30,8014.61,1064.74,236.4
1983-01-31,8103.47,1075.7,239.85
1983-02-01,8105.52,1059.79,239.4
1983-02-02,8108.05,1062.64,242.2
1983-02-03,7991.29,1064.66,238.85
1983-02-04,8012.64,1077.91,240.3
1983-02-05,8012.64,1077.91,240.3
1983-02-06,8012.64,1077.91,240.3
1983-02-07,8010.91,1087.1,237.45
1983-02-08,8027.2,1075.33,237.45
1983-02-09,7995.93,1067.42,236.6
1983-02-10,8017.56,1087.75,235.1
1983-02-11,8017.56,1086.5,234.7
1983-02-12,8017.56,1086.5,234.7
1983-02-13,8017.56,1086.5,234.7
1983-02-14,8132.02,1097.1,234.8
1983-02-15,8135.42,1093.1,234.1
1983-02-16,8145.41,1087.43,232.6
1983-02-17,8106.27,1088.91,233.2
1983-02-18,8048.31,1092.82,233.6
1983-02-19,8048.31,1092.82,233.6
1983-02-20,8048.31,1092.82,233.6
1983-02-21,7987.27,1092.82,233.6
1983-02-22,7918.16,1080.4,233.8
1983-02-23,7931.65,1096.94,235.05
1983-02-24,7984.25,1121.81,234.2
1983-02-25,8056.04,1120.94,235.05
1983-02-26,8056.04,1120.94,235.05
1983-02-27,8056.04,1120.94,235.05
1983-02-28,8085.57,1112.62,237.85
1983-03-01,7988.85,1130.71,239
1983-03-02,8013.3,1135.06,237.3
1983-03-03,8005.02,1138.06,236.4
1983-03-04,8014.7,1140.96,235.8
1983-03-05,8014.7,1140.96,235.8
1983-03-06,8014.7,1140.96,235.8
1983-03-07,8041.16,1141.74,235.7
1983-03-08,8026.99,1119.78,238.7
1983-03-09,8008.25,1132.64,237.7
1983-03-10,8027.64,1120.94,237.05
1983-03-11,8081.44,1117.74,238.45
1983-03-12,8081.44,1117.74,238.45
1983-03-13,8081.44,1117.74,238.45
1983-03-14,8089.03,1114.45,237.5
1983-03-15,8111.83,1124.52,237.25
1983-03-16,8170.13,1116,237.25
1983-03-17,8195.14,1116.97,239.1
1983-03-18,8234.9,1117.74,240.3
1983-03-19,8234.9,1117.74,240.3
1983-03-20,8234.9,1117.74,240.3
1983-03-21,8234.9,1125.29,240.85
1983-03-22,8281.59,1122.97,239.4
1983-03-23,8311.12,1140.87,238.8
1983-03-24,8340.08,1145.9,237.25
1983-03-25,8302.77,1140.09,237.1
1983-03-26,8302.77,1140.09,237.1
1983-03-27,8302.77,1140.09,237.1
1983-03-28,8387.91,1133.32,240.1
1983-03-29,8424.13,1131.19,240.05
1983-03-30,8446.61,1143.29,239.8
1983-03-31,8478.7,1130.03,239
1983-04-01,8469,1130.03,239.6
1983-04-02,8469,1130.03,239.6
1983-04-03,8469,1130.03,239.6
1983-04-04,8485.82,1127.61,239
1983-04-05,8420.34,1120.16,237.65
1983-04-06,8479.4,1113.49,237.05
1983-04-07,8442.45,1117.65,237.9
1983-04-08,8435.37,1124.71,239.3
1983-04-09,8435.37,1124.71,239.3
1983-04-10,8435.37,1124.71,239.3
1983-04-11,8475.19,1141.83,237.95
1983-04-12,8468.63,1145.32,238.05
1983-04-13,8480.44,1156.64,238.5
1983-04-14,8554.21,1165.25,238.25
1983-04-15,8552.16,1171.34,237.6
1983-04-16,8552.16,1171.34,237.6
1983-04-17,8552.16,1171.34,237.6
1983-04-18,8582.53,1183.24,237.8
1983-04-19,8541.86,1174.54,237.05
1983-04-20,8564.48,1191.47,237.38
1983-04-21,8543.06,1188.27,236.4
1983-04-22,8563.12,1196.3,236.85
1983-04-23,8563.12,1196.3,236.85
1983-04-24,8563.12,1196.3,236.85
1983-04-25,8596.09,1187.21,236.25
1983-04-26,8607.47,1209.46,237.35
1983-04-27,8634.79,1208.4,236.25
1983-04-28,8636.56,1219.52,238.2
1983-04-29,8636.56,1226.2,238.3
1983-04-30,8636.56,1226.2,238.3
1983-05-01,8636.56,1226.2,238.3
1983-05-02,8704.39,1204.33,237.6
1983-05-03,8704.39,1208.01,237.65
1983-05-04,8663.04,1212.65,236.25
1983-05-05,8663.04,1219.72,235.2
1983-05-06,8670.64,1232.59,234.7
1983-05-07,8670.64,1232.59,234.7
1983-05-08,8670.64,1232.59,234.7
1983-05-09,8719.88,1228.23,232.65
1983-05-10,8667.99,1229.68,232.5
1983-05-11,8691.58,1219.72,230.9
1983-05-12,8653.9,1214.4,231.5
1983-05-13,8629.51,1218.75,231.3
1983-05-14,8629.51,1218.75,231.3
1983-05-15,8629.51,1218.75,231.3
1983-05-16,8591.79,1202.98,233.3
1983-05-17,8572.23,1205.79,233.4
1983-05-18,8598.84,1203.56,232.75
1983-05-19,8584.42,1191.37,234.4
1983-05-20,8561.45,1190.02,234.1
1983-05-21,8561.45,1190.02,234.1
1983-05-22,8561.45,1190.02,234.1
1983-05-23,8528.64,1200.56,235.4
1983-05-24,8563.51,1219.04,236.6
1983-05-25,8582.34,1229.01,236.3
1983-05-26,8626,1223.49,236.55
1983-05-27,8617.92,1216.14,237.97
1983-05-28,8617.92,1216.14,237.97
1983-05-29,8617.92,1216.14,237.97
1983-05-30,8622.35,1216.14,237.97
1983-05-31,8617.57,1199.98,238.85
1983-06-01,8549.7,1202.21,239.85
1983-06-02,8517.88,1211.44,238.35
1983-06-03,8510.98,1213.04,239
1983-06-04,8510.98,1213.04,239
1983-06-05,8510.98,1213.04,239
1983-06-06,8505.92,1214.24,240.5
1983-06-07,8475.3,1194.91,240.35
1983-06-08,8445.45,1185.5,241.38
1983-06-09,8468.12,1189,242.7
1983-06-10,8500.48,1196.11,242.18
1983-06-11,8500.48,1196.11,242.18
1983-06-12,8500.48,1196.11,242.18
1983-06-13,8598.65,1220.55,242.55
1983-06-14,8618.38,1227.26,243.05
1983-06-15,8608.33,1237.28,242.45
1983-06-16,8645.33,1248.3,240.55
1983-06-17,8702.68,1242.19,239.9
1983-06-18,8702.68,1242.19,239.9
1983-06-19,8702.68,1242.19,239.9
1983-06-20,8711.73,1239.18,239.25
1983-06-21,8798.62,1247.4,239.6
1983-06-22,8826.88,1245.69,237.4
1983-06-23,8813.48,1241.79,237.5
1983-06-24,8845.38,1241.69,237.3
1983-06-25,8845.38,1241.69,237.3
1983-06-26,8845.38,1241.69,237.3
1983-06-27,8900.04,1229.47,239.4
1983-06-28,8838.24,1209.23,238.8
1983-06-29,8844.19,1213.84,239.35
1983-06-30,8870.95,1221.96,239.28
1983-07-01,8935.66,1225.26,239.15
1983-07-02,8935.66,1225.26,239.15
1983-07-03,8935.66,1225.26,239.15
1983-07-04,8971.58,1225.26,239.15
1983-07-05,8928.13,1208.53,240.7
1983-07-06,8984.88,1220.65,239.5
1983-07-07,9015.76,1210.44,240.85
1983-07-08,9012.41,1207.23,241.35
1983-07-09,9012.41,1207.23,241.35
1983-07-10,9012.41,1207.23,241.35
1983-07-11,8968.77,1215.54,241.65
1983-07-12,8937.21,1198.52,240.65
1983-07-13,8883.6,1197.82,239.8
1983-07-14,8884.98,1204.33,240.1
1983-07-15,8900.02,1192.31,241.25
1983-07-16,8900.02,1192.31,241.25
1983-07-17,8900.02,1192.31,241.25
1983-07-18,8885.07,1189.9,240.8
1983-07-19,8866.66,1197.12,240.8
1983-07-20,8927.32,1227.86,239.3
1983-07-21,9019.69,1229.37,239.6
1983-07-22,8993.4,1231.17,240.25
1983-07-23,8993.4,1231.17,240.25
1983-07-24,8993.4,1231.17,240.25
1983-07-25,8991.93,1232.87,240.55
1983-07-26,9005.48,1243.69,240.6
1983-07-27,9062.37,1230.47,240.87
1983-07-28,9112.07,1216.35,240.8
1983-07-29,9078.75,1199.22,241.75
1983-07-30,9078.75,1199.22,241.75
1983-07-31,9078.75,1199.22,241.75
1983-08-01,9015.58,1194.21,243.7
1983-08-02,9040.43,1188,243.15
1983-08-03,9016.2,1197.82,243.25
1983-08-04,9038.61,1183.09,243.6
1983-08-05,8946.66,1183.29,243.9
1983-08-06,8946.66,1183.29,243.9
1983-08-07,8946.66,1183.29,243.9
1983-08-08,8960,1163.06,244.25
1983-08-09,8874.22,1168.27,243.98
1983-08-10,8878.48,1175.98,245.8
1983-08-11,8908.61,1174.39,246.35
1983-08-12,8920.82,1182.83,247.05
1983-08-13,8920.82,1182.83,247.05
1983-08-14,8920.82,1182.83,247.05
1983-08-15,9020.3,1193.5,246.9
1983-08-16,9019.07,1190.45,243.15
1983-08-17,9010.08,1206.5,243.6
1983-08-18,9089.58,1192.48,242.98
1983-08-19,9139.73,1194.21,244
1983-08-20,9139.73,1194.21,244
1983-08-21,9139.73,1194.21,244
1983-08-22,9203.75,1203.15,243.1
1983-08-23,9169.18,1192.89,243.25
1983-08-24,9147.34,1184.25,242.9
1983-08-25,9143.07,1185.01,243.2
1983-08-26,9145.54,1192.07,245.65
1983-08-27,9145.54,1192.07,245.65
1983-08-28,9145.54,1192.07,245.65
1983-08-29,9172.54,1194.11,246.15
1983-08-30,9195.92,1196.04,246.25
1983-08-31,9189.43,1216.16,246.45
1983-09-01,9228.35,1206.81,246.5
1983-09-02,9183.11,1215.45,246.8
1983-09-03,9183.11,1215.45,246.8
1983-09-04,9183.11,1215.45,246.8
1983-09-05,9252.21,1215.45,246.8
1983-09-06,9255.11,1238.72,245.85
1983-09-07,9355.66,1244.11,245.7
1983-09-08,9332.47,1246.14,244.6
1983-09-09,9304.01,1239.74,244.55
1983-09-10,9304.01,1239.74,244.55
1983-09-11,9304.01,1239.74,244.55
1983-09-12,9355.13,1229.07,243.42
1983-09-13,9299.33,1224.09,244.2
1983-09-14,9274.11,1229.47,245.3
1983-09-15,9274.11,1215.04,244.65
1983-09-16,9195.66,1225.71,243.55
1983-09-17,9195.66,1225.71,243.55
1983-09-18,9195.66,1225.71,243.55
1983-09-19,9141.25,1233.94,241.7
1983-09-20,9254.15,1249.19,242.5
1983-09-21,9272.56,1243.29,242.25
1983-09-22,9280.3,1257.52,242.8
1983-09-23,9280.3,1255.59,239.6
1983-09-24,9280.3,1255.59,239.6
1983-09-25,9280.3,1255.59,239.6
1983-09-26,9345.78,1260.77,238.05
1983-09-27,9414.15,1247.97,237.9
1983-09-28,9445.32,1241.97,236.9
1983-09-29,9432.61,1240.14,236.8
1983-09-30,9402.59,1233.13,235.65
1983-10-01,9402.59,1233.13,235.65
1983-10-02,9402.59,1233.13,235.65
1983-10-03,9450.1,1231.3,234.15
1983-10-04,9424.34,1236.69,234.1
1983-10-05,9491.93,1250.2,232.9
1983-10-06,9529.97,1268.8,232.4
1983-10-07,9562.48,1272.15,230.85
1983-10-08,9562.48,1272.15,230.85
1983-10-09,9562.48,1272.15,230.85
1983-10-10,9562.48,1284.65,230.85
1983-10-11,9493.09,1265.14,232.05
1983-10-12,9563.25,1259.65,234.28
1983-10-13,9472.35,1261.38,233.15
1983-10-14,9323.63,1263.52,232.8
1983-10-15,9323.63,1263.52,232.8
1983-10-16,9323.63,1263.52,232.8
1983-10-17,9420.9,1268.7,232.95
1983-10-18,9349.06,1250.81,232.3
1983-10-19,9280.8,1246.75,232.65
1983-10-20,9319.55,1251.52,232.5
1983-10-21,9370.21,1248.88,232.38
1983-10-22,9370.21,1248.88,232.38
1983-10-23,9370.21,1248.88,232.38
1983-10-24,9260.16,1248.98,233.5
1983-10-25,9232.77,1252.44,232.45
1983-10-26,9246.55,1243.8,232.95
1983-10-27,9323.09,1242.07,232.6
1983-10-28,9321.37,1223.48,232.7
1983-10-29,9321.37,1223.48,232.7
1983-10-30,9321.37,1223.48,232.7
1983-10-31,9356.79,1225.2,234.05
1983-11-01,9350.91,1229.27,234.77
1983-11-02,9344.12,1237.3,234.45
1983-11-03,9344.12,1227.13,234.35
1983-11-04,9341.68,1218.29,236.65
1983-11-05,9341.68,1218.29,236.65
1983-11-06,9341.68,1218.29,236.65
1983-11-07,9316.21,1214.84,237
1983-11-08,9319.26,1214.94,237
1983-11-09,9297.1,1232.52,235.4
1983-11-10,9244.24,1235.87,234.45
1983-11-11,9305.63,1250.2,234.45
1983-11-12,9305.63,1250.2,234.45
1983-11-13,9305.63,1250.2,234.45
1983-11-14,9348.52,1254.07,234.65
1983-11-15,9379.29,1247.97,234.45
1983-11-16,9430.81,1251.32,235.4
1983-11-17,9416.95,1254.67,236.25
1983-11-18,9386.68,1251.02,235.95
1983-11-19,9386.68,1251.02,235.95
1983-11-20,9386.68,1251.02,235.95
1983-11-21,9409.78,1268.8,235.2
1983-11-22,9416.56,1275.81,234.5
1983-11-23,9416.56,1275.61,235.05
1983-11-24,9373.54,1275.61,235.05
1983-11-25,9340.85,1277.44,235.1
1983-11-26,9340.85,1277.44,235.1
1983-11-27,9340.85,1277.44,235.1
1983-11-28,9294.71,1269.82,234.85
1983-11-29,9256.35,1287.2,234.6
1983-11-30,9320.24,1276.02,232.5
1983-12-01,9336.6,1275.1,232.53
1983-12-02,9379.85,1265.24,233.4
1983-12-03,9379.85,1265.24,233.4
1983-12-04,9379.85,1265.24,233.4
1983-12-05,9445.13,1270.53,235.2
1983-12-06,9438.79,1269.31,234.3
1983-12-07,9404.99,1273.78,234.05
1983-12-08,9461.03,1261.89,234.3
1983-12-09,9448.9,1260.06,236.9
1983-12-10,9448.9,1260.06,236.9
1983-12-11,9448.9,1260.06,236.9
1983-12-12,9442,1261.59,236.65
1983-12-13,9385.56,1255.89,236.25
1983-12-14,9401.17,1246.65,235.08
1983-12-15,9462.43,1236.79,234.9
1983-12-16,9530.61,1242.17,235.5
1983-12-17,9530.61,1242.17,235.5
1983-12-18,9530.61,1242.17,235.5
1983-12-19,9484.17,1244.61,236.1
1983-12-20,9627.93,1241.97,234.8
1983-12-21,9717.65,1254.98,234.7
1983-12-22,9709.42,1253.66,234.05
1983-12-23,9684.17,1250.51,233.9
1983-12-24,9684.17,1250.51,233.9
1983-12-25,9684.17,1250.51,233.9
1983-12-26,9846.57,1250.51,233.9
1983-12-27,9883.94,1263.72,233.8
1983-12-28,9893.82,1263.21,233.4
1983-12-29,9893.82,1260.16,232.2
1983-12-30,9893.82,1258.64,231.7
1983-12-31,9893.82,1258.64,231.7
1984-01-01,9893.82,1258.64,231.7
1984-01-02,9893.82,1258.64,231.7
1984-01-03,9893.82,1252.74,232.45
1984-01-04,9927.11,1269.05,233.42
1984-01-05,9946.86,1282.24,232.7
1984-01-06,9961.25,1286.64,232.7
1984-01-07,9961.25,1286.64,232.7
1984-01-08,9961.25,1286.64,232.7
1984-01-09,10053.81,1286.22,233.3
1984-01-10,10016.21,1278.48,233.45
1984-01-11,10072.51,1277.32,234.45
1984-01-12,10104.16,1279.31,234.87
1984-01-13,10150.97,1270.1,233.4
1984-01-14,10150.97,1270.1,233.4
1984-01-15,10150.97,1270.1,233.4
1984-01-16,10150.97,1267.59,233.3
1984-01-17,10155.57,1271.46,234.28
1984-01-18,10100.23,1269.37,233.6
1984-01-19,10098.41,1266.02,233.35
1984-01-20,10104.07,1259.11,234.5
1984-01-21,10104.07,1259.11,234.5
1984-01-22,10104.07,1259.11,234.5
1984-01-23,10070.98,1244.45,233.85
1984-01-24,10022.92,1242.88,234.35
1984-01-25,10115.1,1231.89,234.2
1984-01-26,10179.65,1229.69,234.1
1984-01-27,10180.95,1230,234.28
1984-01-28,10180.95,1230,234.28
1984-01-29,10180.95,1230,234.28
1984-01-30,10235.73,1221.52,234.58
1984-01-31,10196.1,1220.58,234.67
1984-02-01,10200.81,1212.31,234.25
1984-02-02,10156.29,1213.88,233.6
1984-02-03,10134.13,1197.03,232.7
1984-02-04,10134.13,1197.03,232.7
1984-02-05,10134.13,1197.03,232.7
1984-02-06,10121.08,1174.31,233.1
1984-02-07,10060.92,1180.49,234.5
1984-02-08,10099.59,1156.3,234.15
1984-02-09,10001.54,1152.74,233.88
1984-02-10,9959.9,1160.7,234.6
1984-02-11,9959.9,1160.7,234.6
1984-02-12,9959.9,1160.7,234.6
1984-02-13,9963.16,1150.13,234.6
1984-02-14,9830.47,1163.84,233.95
1984-02-15,9892.16,1158.71,233.2
1984-02-16,9897.15,1154.94,232.85
1984-02-17,9925.07,1148.87,233.2
1984-02-18,9925.07,1148.87,233.2
1984-02-19,9925.07,1148.87,233.2
1984-02-20,9937.83,1148.87,233.2
1984-02-21,9970.64,1139.34,234.1
1984-02-22,9947.71,1134.21,233.2
1984-02-23,9939.56,1134.63,233.6
1984-02-24,9962.87,1165.1,233.2
1984-02-25,9962.87,1165.1,233.2
1984-02-26,9962.87,1165.1,233.2
1984-02-27,10071.48,1179.96,233.3
1984-02-28,10073.78,1157.14,233.52
1984-02-29,10030.7,1154.65,233.43
1984-03-01,9920.27,1159.44,233.43
1984-03-02,9948.48,1171.48,228.2
1984-03-03,9948.48,1171.48,228.2
1984-03-04,9948.48,1171.48,228.2
1984-03-05,10088.94,1165.2,223.35
1984-03-06,10058.72,1152.53,223.35
1984-03-07,10021.2,1143.63,223.25
1984-03-08,9959.32,1147.09,224.55
1984-03-09,9997.22,1139.76,224.8
1984-03-10,9997.22,1139.76,224.8
1984-03-11,9997.22,1139.76,224.8
1984-03-12,10086.54,1155.36,224.83
1984-03-13,10194.76,1164.78,223.15
1984-03-14,10324,1166.04,223.7
1984-03-15,10346.99,1167.4,224.1
1984-03-16,10458.31,1184.36,225.85
1984-03-17,10458.31,1184.36,225.85
1984-03-18,10458.31,1184.36,225.85
1984-03-19,10479.8,1171.38,225.8
1984-03-20,10479.8,1175.77,226
1984-03-21,10413.88,1170.85,226.8
1984-03-22,10455.81,1155.88,226.45
1984-03-23,10506.29,1154.84,225.63
1984-03-24,10506.29,1154.84,225.63
1984-03-25,10506.29,1154.84,225.63
1984-03-26,10483.73,1152.95,224.67
1984-03-27,10528.36,1154.31,224.45
1984-03-28,10700.87,1174.62,224.7
1984-03-29,10801.55,1170.75,224.05
1984-03-30,10929.17,1164.89,224.75
1984-03-31,10929.17,1164.89,224.75
1984-04-01,10929.17,1164.89,224.75
1984-04-02,11050.19,1153.16,224.65
1984-04-03,10933.82,1148.76,225.1
1984-04-04,11002.03,1148.56,225.35
1984-04-05,10992.93,1130.55,225.6
1984-04-06,10914.73,1132.22,225.35
1984-04-07,10914.73,1132.22,225.35
1984-04-08,10914.73,1132.22,225.35
1984-04-09,10890.7,1133.9,225.5
1984-04-10,10915.12,1138.3,225.18
1984-04-11,10939.44,1130.97,222.7
1984-04-12,10967.15,1157.14,224.1
1984-04-13,11015.21,1150.13,224.7
1984-04-14,11015.21,1150.13,224.7
1984-04-15,11015.21,1150.13,224.7
1984-04-16,11019.67,1160.28,225.42
1984-04-17,10906.4,1164.57,225.05
1984-04-18,10932.85,1156.51,224.8
1984-04-19,10783.04,1158.08,225.1
1984-04-20,10803.88,1158.08,225.1
1984-04-21,10803.88,1158.08,225.1
1984-04-22,10803.88,1158.08,225.1
1984-04-23,10800.78,1149.5,224.75
1984-04-24,10761.82,1162.9,225.85
1984-04-25,10866.34,1163.53,225.6
1984-04-26,10901.52,1175.25,225.75
1984-04-27,10981.68,1169.07,226.55
1984-04-28,10981.68,1169.07,226.55
1984-04-29,10981.68,1169.07,226.55
1984-04-30,10981.68,1170.75,227
1984-05-01,11019.09,1183.06,226.95
1984-05-02,11105.46,1186.56,227.05
1984-05-03,11105.46,1181.53,226.4
1984-05-04,11190.17,1165.31,226.85
1984-05-05,11190.17,1165.31,226.85
1984-05-06,11190.17,1165.31,226.85
1984-05-07,11158.96,1166.56,229
1984-05-08,11052.44,1176.3,229.15
1984-05-09,11060.29,1165.52,228.87
1984-05-10,10879.71,1167.19,229.2
1984-05-11,10833.87,1157.14,230.3
1984-05-12,10833.87,1157.14,230.3
1984-05-13,10833.87,1157.14,230.3
1984-05-14,10563.34,1151.07,231.2
1984-05-15,10604.54,1150.86,231.75
1984-05-16,10619.85,1153.16,231.1
1984-05-17,10340.51,1142.27,232.33
1984-05-18,10126.88,1133.79,233.35
1984-05-19,10126.88,1133.79,233.35
1984-05-20,10126.88,1133.79,233.35
1984-05-21,10164.97,1125.31,233
1984-05-22,10061.94,1116.62,233.25
1984-05-23,10023.46,1113.8,232.37
1984-05-24,10251.72,1103.43,231.83
1984-05-25,10142.1,1107.1,231.7
1984-05-26,10142.1,1107.1,231.7
1984-05-27,10142.1,1107.1,231.7
1984-05-28,10116.04,1107.1,231.7
1984-05-29,10163.97,1101.24,231.8
1984-05-30,10140.97,1102.59,231.48
1984-05-31,9940.14,1104.85,231.58
1984-06-01,9913.17,1124.35,230.15
1984-06-02,9913.17,1124.35,230.15
1984-06-03,9913.17,1124.35,230.15
1984-06-04,10131.66,1131.57,229.7
1984-06-05,10258.76,1124.89,230.45
1984-06-06,10254.2,1133.84,230.5
1984-06-07,10316,1132.44,231.35
1984-06-08,10350.93,1131.25,231.72
1984-06-09,10350.93,1131.25,231.72
1984-06-10,10350.93,1131.25,231.72
1984-06-11,10376.83,1115.61,231.93
1984-06-12,10324.83,1110.53,232.65
1984-06-13,10275.93,1110.53,232.4
1984-06-14,10148.73,1097.61,231.65
1984-06-15,10057.05,1086.9,233
1984-06-16,10057.05,1086.9,233
1984-06-17,10057.05,1086.9,233
1984-06-18,10082.47,1109.65,233.45
1984-06-19,10197.34,1115.83,232.95
1984-06-20,10237.22,1131.63,234.55
1984-06-21,10170.76,1127.21,234.85
1984-06-22,10152.61,1131.07,235.95
1984-06-23,10152.61,1131.07,235.95
1984-06-24,10152.61,1131.07,235.95
1984-06-25,10172.5,1130.52,237.95
1984-06-26,10245.08,1122.79,237.08
1984-06-27,10311.01,1116.72,238
1984-06-28,10372.05,1126.55,237.3
1984-06-29,10377.97,1132.4,237.3
1984-06-30,10377.97,1132.4,237.3
1984-07-01,10377.97,1132.4,237.3
1984-07-02,10410.87,1130.08,238.5
1984-07-03,10349.25,1134.28,239.63
1984-07-04,10375.84,1134.28,239.63
1984-07-05,10420.57,1124.56,240.35
1984-07-06,10461.91,1122.57,241.25
1984-07-07,10461.91,1122.57,241.25
1984-07-08,10461.91,1122.57,241.25
1984-07-09,10373.22,1134.05,242.63
1984-07-10,10386.61,1126.88,241.45
1984-07-11,10354.88,1108.55,242.1
1984-07-12,10270.16,1104.57,242.68
1984-07-13,10154.1,1109.87,241.45
1984-07-14,10154.1,1109.87,241.45
1984-07-15,10154.1,1109.87,241.45
1984-07-16,10177.58,1116.83,240.7
1984-07-17,10242.02,1122.9,242.35
1984-07-18,10208.25,1111.64,243.85
1984-07-19,10088.79,1102.92,243.15
1984-07-20,9945.27,1101.37,245.2
1984-07-21,9945.27,1101.37,245.2
1984-07-22,9945.27,1101.37,245.2
1984-07-23,9703.35,1096.62,246.95
1984-07-24,9738.96,1086.57,246.18
1984-07-25,9800.11,1096.95,245.6
1984-07-26,9932.18,1107.55,243.65
1984-07-27,10036.21,1114.62,245.4
1984-07-28,10036.21,1114.62,245.4
1984-07-29,10036.21,1114.62,245.4
1984-07-30,10013.6,1109.98,246.05
1984-07-31,9998.5,1115.28,245.3
1984-08-01,9948.4,1134.61,245.75
1984-08-02,10086.87,1166.08,245.42
1984-08-03,10233.61,1202.08,241.8
1984-08-04,10233.61,1202.08,241.8
1984-08-05,10233.61,1202.08,241.8
1984-08-06,10431.09,1202.96,243.15
1984-08-07,10313.63,1204.62,244.5
1984-08-08,10247.12,1196.11,243.1
1984-08-09,10290.36,1224.05,243.35
1984-08-10,10375.93,1218.09,242.5
1984-08-11,10375.93,1218.09,242.5
1984-08-12,10375.93,1218.09,242.5
1984-08-13,10389.62,1220.08,244.08
1984-08-14,10360.92,1214.11,241.7
1984-08-15,10441.5,1198.98,241.9
1984-08-16,10418.24,1209.14,240.8
1984-08-17,10449.48,1211.9,241.1
1984-08-18,10449.48,1211.9,241.1
1984-08-19,10449.48,1211.9,241.1
1984-08-20,10533.35,1216.98,241.05
1984-08-21,10485.97,1239.73,242.15
1984-08-22,10538.32,1231.78,241.3
1984-08-23,10545.55,1232.44,240.6
1984-08-24,10554.09,1236.53,241.2
1984-08-25,10554.09,1236.53,241.2
1984-08-26,10554.09,1236.53,241.2
1984-08-27,10568.72,1227.92,241.6
1984-08-28,10575.19,1232.11,241.2
1984-08-29,10579.89,1226.92,240.6
1984-08-30,10586.27,1223.28,241.25
1984-08-31,10584.2,1224.38,241.9
1984-09-01,10584.2,1224.38,241.9
1984-09-02,10584.2,1224.38,241.9
1984-09-03,10630.08,1224.38,241.9
1984-09-04,10609.53,1212.35,243.75
1984-09-05,10545.55,1209.03,244.7
1984-09-06,10458.49,1218.86,244.1
1984-09-07,10500.7,1207.38,245.8
1984-09-08,10500.7,1207.38,245.8
1984-09-09,10500.7,1207.38,245.8
1984-09-10,10471.53,1202.52,245.6
1984-09-11,10493.1,1197.99,245.55
1984-09-12,10533.54,1200.31,244.95
1984-09-13,10578.76,1228.25,245.8
1984-09-14,10621.54,1237.52,245.65
1984-09-15,10621.54,1237.52,245.65
1984-09-16,10621.54,1237.52,245.65
1984-09-17,10636.36,1237.08,247.2
1984-09-18,10559.15,1226.26,246.18
1984-09-19,10552.3,1213.01,245.75
1984-09-20,10521.34,1216.54,246.9
1984-09-21,10505.11,1201.74,244.4
1984-09-22,10505.11,1201.74,244.4
1984-09-23,10505.11,1201.74,244.4
1984-09-24,10505.11,1205.06,244.2
1984-09-25,10604.84,1207.16,246
1984-09-26,10620.06,1212.12,245.15
1984-09-27,10643.87,1216.76,245.1
1984-09-28,10649.25,1206.74,246.9
1984-09-29,10649.25,1206.74,246.9
1984-09-30,10649.25,1206.74,246.9
1984-10-01,10653.79,1198.98,246.4
1984-10-02,10540.05,1191.36,246
1984-10-03,10587.38,1182.86,245.75
1984-10-04,10642.07,1187.39,246.2
1984-10-05,10737.58,1182.53,246.95
1984-10-06,10737.58,1182.53,246.95
1984-10-07,10737.58,1182.53,246.95
1984-10-08,10676.93,1177.89,246.95
1984-10-09,10668.71,1175.13,247.6
1984-10-10,10668.71,1177.23,247.05
1984-10-11,10696.86,1183.08,248
1984-10-12,10684.58,1190.7,248.1
1984-10-13,10684.58,1190.7,248.1
1984-10-14,10684.58,1190.7,248.1
1984-10-15,10780.18,1202.96,248.8
1984-10-16,10757.89,1197.77,248.98
1984-10-17,10742.87,1195.89,249.1
1984-10-18,10759.87,1225.38,248.9
1984-10-19,10845.17,1225.93,247.25
1984-10-20,10845.17,1225.93,247.25
1984-10-21,10845.17,1225.93,247.25
1984-10-22,11077.84,1217.2,247.3
1984-10-23,11029.95,1213.01,244.6
1984-10-24,11178.63,1216.43,244.12
1984-10-25,11151.52,1211.02,244.05
1984-10-26,11155.02,1204.95,245.5
1984-10-27,11155.02,1204.95,245.5
1984-10-28,11155.02,1204.95,245.5
1984-10-29,11176.93,1201.41,246.65
1984-10-30,11171.55,1217.31,245.6
1984-10-31,11252.98,1207.38,245.7
1984-11-01,11169.56,1217.09,244.3
1984-11-02,11249.95,1216.65,242
1984-11-03,11249.95,1216.65,242
1984-11-04,11249.95,1216.65,242
1984-11-05,11374.08,1229.24,242.05
1984-11-06,11297.66,1244.15,242.05
1984-11-07,11178.54,1233.22,240.8
1984-11-08,11166.92,1228.69,240.95
1984-11-09,11239.28,1218.97,241
1984-11-10,11239.28,1218.97,241
1984-11-11,11239.28,1218.97,241
1984-11-12,11235.12,1219.19,241
1984-11-13,11265.16,1206.6,240.45
1984-11-14,11320.9,1206.93,242.45
1984-11-15,11301.62,1206.16,242.5
1984-11-16,11271.45,1187.94,242.8
1984-11-17,11271.45,1187.94,242.8
1984-11-18,11271.45,1187.94,242.8
1984-11-19,11284.21,1185.29,243.65
1984-11-20,11256.98,1195.12,244.8
1984-11-21,11249.69,1201.52,245.53
1984-11-22,11207.7,1201.52,245.53
1984-11-23,11207.7,1220.3,245.4
1984-11-24,11207.7,1220.3,245.4
1984-11-25,11207.7,1220.3,245.4
1984-11-26,11162.96,1212.35,246.15
1984-11-27,11184.12,1220.19,245.4
1984-11-28,11248.08,1205.39,245.45
1984-11-29,11366.64,1193.46,245.8
1984-11-30,11428.9,1188.94,247.5
1984-12-01,11428.9,1188.94,247.5
1984-12-02,11428.9,1188.94,247.5
1984-12-03,11513.58,1182.42,248.2
1984-12-04,11577.44,1185.07,246.45
1984-12-05,11543.19,1171.6,246.8
1984-12-06,11559.84,1170.49,246.55
1984-12-07,11466.93,1163.21,247.4
1984-12-08,11466.93,1163.21,247.4
1984-12-09,11466.93,1163.21,247.4
1984-12-10,11316.87,1172.26,246.82
1984-12-11,11250.83,1178.33,247
1984-12-12,11382.34,1175.13,247.25
1984-12-13,11340.05,1168.84,247.55
1984-12-14,11419.15,1175.91,247.75
1984-12-15,11419.15,1175.91,247.75
1984-12-16,11419.15,1175.91,247.75
1984-12-17,11455.67,1176.79,247.55
1984-12-18,11460.21,1211.57,246.75
1984-12-19,11558.43,1208.04,247.76
1984-12-20,11514.15,1203.29,248.1
1984-12-21,11474.31,1198.98,247.95
1984-12-22,11474.31,1198.98,247.95
1984-12-23,11474.31,1198.98,247.95
1984-12-24,11439.87,1210.14,248.1
1984-12-25,11492.29,1210.14,248.1
1984-12-26,11494.59,1208.92,249.05
1984-12-27,11513.57,1202.52,250.2
1984-12-28,11542.6,1204.17,250.45
1984-12-29,11542.6,1204.17,250.45
1984-12-30,11542.6,1204.17,250.45
1984-12-31,11542.6,1211.57,251.6
1985-01-01,11542.6,1211.57,251.6
1985-01-02,11543,1198.87,251.8
1985-01-03,11543,1189.82,252.45
1985-01-04,11558.06,1184.96,253.2
1985-01-05,11558.06,1184.96,253.2
1985-01-06,11558.06,1184.96,253.2
1985-01-07,11575.52,1190.59,255.95
1985-01-08,11679.79,1191.7,253.75
1985-01-09,11763.57,1202.74,255.1
1985-01-10,11824.38,1223.5,253.7
1985-01-11,11812.24,1218.09,253.83
1985-01-12,11812.24,1218.09,253.83
1985-01-13,11812.24,1218.09,253.83
1985-01-14,11823.91,1234.54,255.4
1985-01-15,11823.91,1230.79,254.7
1985-01-16,11933.02,1230.68,254.95
1985-01-17,11887.19,1228.69,254.55
1985-01-18,11910.06,1227.36,254.58
1985-01-19,11910.06,1227.36,254.58
1985-01-20,11910.06,1227.36,254.58
1985-01-21,11964.52,1261.37,254.58
1985-01-22,11868.12,1259.5,254
1985-01-23,11859.01,1274.73,254.4
1985-01-24,11856.36,1270.43,253.7
1985-01-25,11785.1,1276.06,253.95
1985-01-26,11785.1,1276.06,253.95
1985-01-27,11785.1,1276.06,253.95
1985-01-28,11798.86,1277.83,254.18
1985-01-29,11843.07,1292.62,254.35
1985-01-30,11960.63,1287.88,254.5
1985-01-31,11992.31,1286.77,254.8
1985-02-01,11946.96,1277.72,256.75
1985-02-02,11946.96,1277.72,256.75
1985-02-03,11946.96,1277.72,256.75
1985-02-04,11891.08,1290.08,259.42
1985-02-05,11823.43,1285.23,259.7
1985-02-06,11867.17,1280.59,259.53
1985-02-07,11940.8,1290.08,260.65
1985-02-08,12009.01,1289.97,260.7
1985-02-09,12009.01,1289.97,260.7
1985-02-10,12009.01,1289.97,260.7
1985-02-11,12009.01,1276.06,261.65
1985-02-12,12027.89,1276.61,261.65
1985-02-13,12025.71,1297.92,262.8
1985-02-14,12081.69,1287.88,260.5
1985-02-15,12148.29,1282.02,257.85
1985-02-16,12148.29,1282.02,257.85
1985-02-17,12148.29,1282.02,257.85
1985-02-18,12149.15,1282.02,257.85
1985-02-19,12156.64,1280.59,260.7
1985-02-20,12152.37,1283.13,261.3
1985-02-21,12128.46,1279.04,261.8
1985-02-22,12147.06,1275.84,262.8
1985-02-23,12147.06,1275.84,262.8
1985-02-24,12147.06,1275.84,262.8
1985-02-25,12201.04,1277.5,262.65
1985-02-26,12194.97,1286.11,261.05
1985-02-27,12287.38,1281.03,259.3
1985-02-28,12321.92,1284.01,259.45
1985-03-01,12412.14,1299.36,260.35
1985-03-02,12412.14,1299.36,260.35
1985-03-03,12412.14,1299.36,260.35
1985-03-04,12509.01,1289.53,260.1
1985-03-05,12476.38,1291.85,261
1985-03-06,12498.67,1280.37,261.2
1985-03-07,12414.8,1271.53,261
1985-03-08,12347.53,1269.66,261.63
1985-03-09,12347.53,1269.66,261.63
1985-03-10,12347.53,1269.66,261.63
1985-03-11,12263.85,1268.55,259.25
1985-03-12,12296.87,1271.75,260.1
1985-03-13,12419.26,1261.7,260.25
1985-03-14,12405.03,1260.05,260.55
1985-03-15,12468.03,1247.35,260.55
1985-03-16,12468.03,1247.35,260.55
1985-03-17,12468.03,1247.35,260.55
1985-03-18,12506.64,1249.67,259.9
1985-03-19,12477.99,1271.09,256.3
1985-03-20,12541.37,1265.24,256.4
1985-03-21,12541.37,1268.22,254.1
1985-03-22,12542.6,1267.45,255.65
1985-03-23,12542.6,1267.45,255.65
1985-03-24,12542.6,1267.45,255.65
1985-03-25,12493.26,1259.94,256.65
1985-03-26,12486.15,1259.72,255.4
1985-03-27,12550.82,1264.91,251.95
1985-03-28,12604.02,1260.71,253
1985-03-29,12580.76,1266.78,251
1985-03-30,12580.76,1266.78,251
1985-03-31,12580.76,1266.78,251
1985-04-01,12677.15,1272.75,252.45
1985-04-02,12629.86,1265.68,254.3
1985-04-03,12683.26,1258.06,253.15
1985-04-04,12627.1,1259.05,254.5
1985-04-05,12544.24,1259.05,254.85
1985-04-06,12544.24,1259.05,254.85
1985-04-07,12544.24,1259.05,254.85
1985-04-08,12635.96,1252.98,255.5
1985-04-09,12630.43,1253.86,254.9
1985-04-10,12601.93,1259.94,254.25
1985-04-11,12573.8,1263.69,251.7
1985-04-12,12588.01,1265.68,251.35
1985-04-13,12588.01,1265.68,251.35
1985-04-14,12588.01,1265.68,251.35
1985-04-15,12552.73,1266.78,249.95
1985-04-16,12207.28,1269.55,249.55
1985-04-17,12302.06,1272.31,249.55
1985-04-18,12052.82,1265.13,247.6
1985-04-19,12114.8,1266.56,247.4
1985-04-20,12114.8,1266.56,247.4
1985-04-21,12114.8,1266.56,247.4
1985-04-22,12179.92,1266.56,248.8
1985-04-23,12124.14,1278.71,250
1985-04-24,12217.77,1278.49,251.3
1985-04-25,12333.87,1284.78,252.35
1985-04-26,12405.1,1275.18,252.95
1985-04-27,12405.1,1275.18,252.95
1985-04-28,12405.1,1275.18,252.95
1985-04-29,12405.1,1259.72,252.7
1985-04-30,12426.29,1258.06,251.5
1985-05-01,12456.65,1242.05,252.75
1985-05-02,12451.79,1242.27,252.95
1985-05-03,12451.79,1247.24,253.85
1985-05-04,12451.79,1247.24,253.85
1985-05-05,12451.79,1247.24,253.85
1985-05-06,12451.79,1247.79,254.55
1985-05-07,12506.3,1252.76,252.9
1985-05-08,12521.2,1249.78,253.75
1985-05-09,12474.51,1260.27,251.55
1985-05-10,12527.31,1274.18,252.4
1985-05-11,12527.31,1274.18,252.4
1985-05-12,12527.31,1274.18,252.4
1985-05-13,12541.53,1277.5,251.35
1985-05-14,12504.2,1273.3,249.6
1985-05-15,12358.03,1273.52,251
1985-05-16,12369.3,1278.05,251.5
1985-05-17,12419.99,1285.34,250.7
1985-05-18,12419.99,1285.34,250.7
1985-05-19,12419.99,1285.34,250.7
1985-05-20,12559.1,1304.88,249.65
1985-05-21,12650.37,1309.7,250.25
1985-05-22,12673.57,1303.76,250.75
1985-05-23,12649.13,1296.71,251.3
1985-05-24,12593.85,1301.97,251.1
1985-05-25,12593.85,1301.97,251.1
1985-05-26,12593.85,1301.97,251.1
1985-05-27,12642.73,1301.97,251.1
1985-05-28,12694.93,1301.52,251.6
1985-05-29,12767.17,1302.98,251.75
1985-05-30,12790.27,1305.78,251.6
1985-05-31,12758.46,1315.41,251.2
1985-06-01,12758.46,1315.41,251.2
1985-06-02,12758.46,1315.41,251.2
1985-06-03,12473.41,1310.93,248.6
1985-06-04,12583.31,1315.3,249.1
1985-06-05,12693.21,1320.56,249.45
1985-06-06,12716.11,1327.28,247.7
1985-06-07,12716.59,1316.42,249.55
1985-06-08,12716.59,1316.42,249.55
1985-06-09,12716.59,1316.42,249.55
1985-06-10,12683.34,1318.44,250
1985-06-11,12758.93,1313.84,249.9
1985-06-12,12748.01,1306.34,249.85
1985-06-13,12717.16,1290.1,249.8
1985-06-14,12685.25,1300.96,248.75
1985-06-15,12685.25,1300.96,248.75
1985-06-16,12685.25,1300.96,248.75
1985-06-17,12769.28,1298.39,248.7
1985-06-18,12741.11,1304.77,247.55
1985-06-19,12773.59,1297.38,247.7
1985-06-20,12677.97,1299.73,248.35
1985-06-21,12634.76,1324.48,248.15
1985-06-22,12634.76,1324.48,248.15
1985-06-23,12634.76,1324.48,248.15
1985-06-24,12765.93,1320.56,248.8
1985-06-25,12837.02,1323.03,249
1985-06-26,12910.29,1323.81,248.45
1985-06-27,12841.6,1332.21,249
1985-06-28,12882.09,1335.46,248.4
1985-06-29,12882.09,1335.46,248.4
1985-06-30,12882.09,1335.46,248.4
1985-07-01,12919.03,1337.14,247.95
1985-07-02,12913.75,1334.01,248.35
1985-07-03,12924.3,1326.39,248.05
1985-07-04,12969.59,1326.39,248.05
1985-07-05,12963.35,1334.45,247
1985-07-06,12963.35,1334.45,247
1985-07-07,12963.35,1334.45,247
1985-07-08,13029.65,1328.41,246.05
1985-07-09,13021.01,1321.91,244.25
1985-07-10,13012.09,1332.89,243.45
1985-07-11,12858.1,1337.7,243
1985-07-12,12839.49,1338.6,240.95
1985-07-13,12839.49,1338.6,240.95
1985-07-14,12839.49,1338.6,240.95
1985-07-15,12598.77,1335.46,237.65
1985-07-16,12698.26,1347.89,237.9
1985-07-17,12846.49,1357.97,236.5
1985-07-18,12852.54,1350.92,238.2
1985-07-19,12788.54,1359.54,238.75
1985-07-20,12788.54,1359.54,238.75
1985-07-21,12788.54,1359.54,238.75
1985-07-22,12771.66,1357.64,240.05
1985-07-23,12762.83,1351.81,238
1985-07-24,12777.03,1348.9,239.75
1985-07-25,12647.03,1353.61,238.9
1985-07-26,12648.09,1357.08,239.25
1985-07-27,12648.09,1357.08,239.25
1985-07-28,12648.09,1357.08,239.25
1985-07-29,12591.42,1343.86,237.15
1985-07-30,12269.89,1346.1,237.4
1985-07-31,12232.27,1347.45,236.45
1985-08-01,12538.34,1355.62,237.65
1985-08-02,12525.96,1353.05,237.45
1985-08-03,12525.96,1353.05,237.45
1985-08-04,12525.96,1353.05,237.45
1985-08-05,12450.62,1346.89,237.5
1985-08-06,12437.28,1325.16,238.45
1985-08-07,12421.15,1325.04,238.4
1985-08-08,12386.03,1329.86,238.5
1985-08-09,12401.19,1320.79,238.55
1985-08-10,12401.19,1320.79,238.55
1985-08-11,12401.19,1320.79,238.55
1985-08-12,12372.88,1314.29,237.3
1985-08-13,12326.71,1315.3,237.35
1985-08-14,12419.64,1316.98,238
1985-08-15,12484.02,1317.76,237.15
1985-08-16,12583.08,1312.72,236.85
1985-08-17,12583.08,1312.72,236.85
1985-08-18,12583.08,1312.72,236.85
1985-08-19,12640.05,1312.5,236.85
1985-08-20,12634.05,1323.7,237.4
1985-08-21,12704.81,1329.53,237
1985-08-22,12734.05,1318.1,235.85
1985-08-23,12691.41,1318.32,236.5
1985-08-24,12691.41,1318.32,236.5
1985-08-25,12691.41,1318.32,236.5
1985-08-26,12651.77,1317.65,236.89
1985-08-27,12691.41,1322.47,237.38
1985-08-28,12685.5,1331.09,237
1985-08-29,12728.8,1335.13,237.12
1985-08-30,12713.15,1334.01,239
1985-08-31,12713.15,1334.01,239
1985-09-01,12713.15,1334.01,239
1985-09-02,12726.64,1334.01,239
1985-09-03,12630.96,1329.19,239.5
1985-09-04,12529.47,1326.72,239.6
1985-09-05,12491.8,1325.83,239.95
1985-09-06,12453.85,1335.69,243.6
1985-09-07,12453.85,1335.69,243.6
1985-09-08,12453.85,1335.69,243.6
1985-09-09,12455.72,1339.27,243.45
1985-09-10,12519.54,1333.45,242.75
1985-09-11,12625.25,1319.44,243.55
1985-09-12,12603.04,1312.39,243.2
1985-09-13,12585.7,1307.68,242
1985-09-14,12585.7,1307.68,242
1985-09-15,12585.7,1307.68,242
1985-09-16,12585.7,1309.14,241.35
1985-09-17,12591.51,1298.16,241.7
1985-09-18,12529.66,1300.4,242.25
1985-09-19,12564.99,1306.79,242.05
1985-09-20,12666.95,1297.94,240.1
1985-09-21,12666.95,1297.94,240.1
1985-09-22,12666.95,1297.94,240.1
1985-09-23,12666.95,1316.31,231.9
1985-09-24,12755.6,1321.12,229.8
1985-09-25,12704.81,1312.05,226.9
1985-09-26,12689.5,1320.79,220.3
1985-09-27,12639,1320.79,220.1
1985-09-28,12639,1320.79,220.1
1985-09-29,12639,1320.79,220.1
1985-09-30,12700.11,1328.63,216.5
1985-10-01,12685.36,1340.95,215
1985-10-02,12720.5,1333.67,214.1
1985-10-03,12700.86,1333.11,212.79
1985-10-04,12713.83,1328.74,213.45
1985-10-05,12713.83,1328.74,213.45
1985-10-06,12713.83,1328.74,213.45
1985-10-07,12792,1324.37,215.45
1985-10-08,12835.21,1325.49,216
1985-10-09,12857.2,1326.72,214.8
1985-10-10,12857.2,1328.07,215.4
1985-10-11,12949.92,1339.94,214.65
1985-10-12,12949.92,1339.94,214.65
1985-10-13,12949.92,1339.94,214.65
1985-10-14,13017.29,1354.73,214.65
1985-10-15,13055.52,1350.81,215.45
1985-10-16,13036.56,1368.5,217.3
1985-10-17,13021.14,1369.29,215.15
1985-10-18,12973.22,1368.84,215.15
1985-10-19,12973.22,1368.84,215.15
1985-10-20,12973.22,1368.84,215.15
1985-10-21,13023.21,1364.14,215.7
1985-10-22,13001.69,1364.36,216.1
1985-10-23,12946.53,1367.16,215.9
1985-10-24,12969.08,1362.34,216.7
1985-10-25,12854.99,1356.52,214.9
1985-10-26,12854.99,1356.52,214.9
1985-10-27,12854.99,1356.52,214.9
1985-10-28,12937.04,1359.99,213.5
1985-10-29,12913.92,1368.73,212.43
1985-10-30,12908.66,1375.57,211.5
1985-10-31,12936.47,1374.31,211.55
1985-11-01,12808.1,1390.25,209
1985-11-02,12808.1,1390.25,209
1985-11-03,12808.1,1390.25,209
1985-11-04,12808.1,1389.68,207.9
1985-11-05,12820.69,1396.67,208
1985-11-06,12892.4,1403.44,205.25
1985-11-07,12851.24,1399.54,205.6
1985-11-08,12851.05,1404.36,205.85
1985-11-09,12851.05,1404.36,205.85
1985-11-10,12851.05,1404.36,205.85
1985-11-11,12821.26,1431.88,205.85
1985-11-12,12735.08,1433.6,205.85
1985-11-13,12716.29,1427.75,204
1985-11-14,12589.51,1439.22,203.35
1985-11-15,12637.44,1435.09,204.3
1985-11-16,12637.44,1435.09,204.3
1985-11-17,12637.44,1435.09,204.3
1985-11-18,12700.31,1440.02,203.45
1985-11-19,12607.27,1438.99,203
1985-11-20,12642.89,1439.22,203.45
1985-11-21,12697.02,1462.27,202.1
1985-11-22,12759.33,1464.33,201.35
1985-11-23,12759.33,1464.33,201.35
1985-11-24,12759.33,1464.33,201.35
1985-11-25,12783.39,1456.65,200.8
1985-11-26,12783.1,1456.77,201
1985-11-27,12777.84,1475.69,201.05
1985-11-28,12741.19,1475.69,201.05
1985-11-29,12763.27,1472.13,202.1
1985-11-30,12763.27,1472.13,202.1
1985-12-01,12763.27,1472.13,202.1
1985-12-02,12796.92,1457.91,204.03
1985-12-03,12774.55,1459.06,204.75
1985-12-04,12811.2,1484.4,202.65
1985-12-05,12864.11,1482.91,203
1985-12-06,12793.53,1477.18,203.4
1985-12-07,12793.53,1477.18,203.4
1985-12-08,12793.53,1477.18,203.4
1985-12-09,12798.23,1497.02,203.5
1985-12-10,12850.95,1499.2,203.6
1985-12-11,12972,1511.7,203.9
1985-12-12,13050.28,1511.24,202.05
1985-12-13,13107.98,1535.21,202.8
1985-12-14,13107.98,1535.21,202.8
1985-12-15,13107.98,1535.21,202.8
1985-12-16,13117.85,1553.1,202.6
1985-12-17,13128.94,1544.5,201.95
1985-12-18,13102.34,1542.43,203.15
1985-12-19,13115.03,1543.92,202.97
1985-12-20,13011.09,1543,202.7
1985-12-21,13011.09,1543,202.7
1985-12-22,13011.09,1543,202.7
1985-12-23,13043.04,1528.78,202.45
1985-12-24,13010.71,1519.15,202.75
1985-12-25,13097.83,1519.15,202.75
1985-12-26,13084.59,1526.49,202.8
1985-12-27,13083.18,1543,202.2
1985-12-28,13083.18,1543,202.2
1985-12-29,13083.18,1543,202.2
1985-12-30,13083.18,1550.46,201.05
1985-12-31,13083.18,1546.67,200.25
1986-01-01,13083.18,1546.67,200.25
1986-01-02,13083.18,1537.73,199.15
1986-01-03,13083.18,1549.2,202.53
1986-01-04,13083.18,1549.2,202.53
1986-01-05,13083.18,1549.2,202.53
1986-01-06,13053.79,1547.59,201.9
1986-01-07,12991.24,1565.71,201.7
1986-01-08,13056.42,1526.61,202.1
1986-01-09,13034.19,1518.23,202.1
1986-01-10,12998.21,1513.53,202.35
1986-01-11,12998.21,1513.53,202.35
1986-01-12,12998.21,1513.53,202.35
1986-01-13,12977.02,1520.53,202.7
1986-01-14,12928.6,1519.04,202.6
1986-01-15,12928.6,1527.29,202.5
1986-01-16,13027.13,1541.63,202.55
1986-01-17,13009.7,1536.7,202.52
1986-01-18,13009.7,1536.7,202.52
1986-01-19,13009.7,1536.7,202.52
1986-01-20,12952.05,1529.13,202.52
1986-01-21,12881.5,1514.45,202.35
1986-01-22,12923.32,1502.29,201.7
1986-01-23,12888.94,1511.24,202.05
1986-01-24,12904.2,1529.93,196.05
1986-01-25,12904.2,1529.93,196.05
1986-01-26,12904.2,1529.93,196.05
1986-01-27,12983.14,1537.61,195.75
1986-01-28,12993.69,1556.42,195.65
1986-01-29,12957.14,1558.94,194.1
1986-01-30,12949.04,1552.18,193.05
1986-01-31,13024.3,1570.99,192.3
1986-02-01,13024.3,1570.99,192.3
1986-02-02,13024.3,1570.99,192.3
1986-02-03,13086.47,1594.27,191.55
1986-02-04,13138.09,1593.23,192.05
1986-02-05,13185.66,1593.12,190.65
1986-02-06,13186.61,1600.69,190.48
1986-02-07,13212.13,1613.42,191.35
1986-02-08,13212.13,1613.42,191.35
1986-02-09,13212.13,1613.42,191.35
1986-02-10,13226.07,1626.38,188.15
1986-02-11,13226.07,1622.82,187.45
1986-02-12,13300.58,1629.93,186.72
1986-02-13,13293.8,1645.07,182.3
1986-02-14,13342.78,1664.45,182
1986-02-15,13342.78,1664.45,182
1986-02-16,13342.78,1664.45,182
1986-02-17,13447.91,1664.45,182
1986-02-18,13436.23,1678.78,181.05
1986-02-19,13466.65,1658.26,179.4
1986-02-20,13355.41,1672.82,181.1
1986-02-21,13394.31,1697.71,182.98
1986-02-22,13394.31,1697.71,182.98
1986-02-23,13394.31,1697.71,182.98
1986-02-24,13503.49,1698.28,182.15
1986-02-25,13576.3,1692.66,180.95
1986-02-26,13621.7,1696.9,181.15
1986-02-27,13642.14,1713.99,180.15
1986-02-28,13640.83,1709.06,180.55
1986-03-01,13640.83,1709.06,180.55
1986-03-02,13640.83,1709.06,180.55
1986-03-03,13757.63,1696.67,179.65
1986-03-04,13784.29,1686.42,179
1986-03-05,13807.46,1686.66,181.45
1986-03-06,13901.56,1696.6,179.3
1986-03-07,13994.63,1699.83,179.45
1986-03-08,13994.63,1699.83,179.45
1986-03-09,13994.63,1699.83,179.45
1986-03-10,14056.52,1702.95,180.7
1986-03-11,14066.22,1746.05,179.9
1986-03-12,14238.13,1745.45,180.2
1986-03-13,14414.66,1753.71,179.9
1986-03-14,14516.77,1792.74,177.15
1986-03-15,14516.77,1792.74,177.15
1986-03-16,14516.77,1792.74,177.15
1986-03-17,14655.52,1776.82,175.73
1986-03-18,14639.32,1789.87,175
1986-03-19,14476.54,1787.95,177.1
1986-03-20,14753.3,1804.24,176.37
1986-03-21,15014,1768.56,175.8
1986-03-22,15014,1768.56,175.8
1986-03-23,15014,1768.56,175.8
1986-03-24,14975.23,1782.93,178.9
1986-03-25,14826.87,1778.5,180.2
1986-03-26,15059.72,1810.7,179.8
1986-03-27,15337.18,1821.72,179.52
1986-03-28,15364.34,1821.72,179.85
1986-03-29,15364.34,1821.72,179.85
1986-03-30,15364.34,1821.72,179.85
1986-03-31,15859.75,1818.61,177.6
1986-04-01,15745.87,1790.11,178.15
1986-04-02,15555.51,1795.26,179.5
1986-04-03,15272.24,1766.4,179.9
1986-04-04,15019.81,1739.22,180.35
1986-04-05,15019.81,1739.22,180.35
1986-04-06,15019.81,1739.22,180.35
1986-04-07,15061.98,1735.51,182.85
1986-04-08,15014.06,1769.76,180.05
1986-04-09,15110.18,1778.62,180.05
1986-04-10,15203.57,1794.3,178.8
1986-04-11,15326.38,1790.18,178.35
1986-04-12,15326.38,1790.18,178.35
1986-04-13,15326.38,1790.18,178.35
1986-04-14,15396.76,1805.31,179.12
1986-04-15,15352.33,1809.65,178.25
1986-04-16,15358.36,1847.97,176.5
1986-04-17,15486.84,1855.03,175.15
1986-04-18,15758.61,1840.4,173.8
1986-04-19,15758.61,1840.4,173.8
1986-04-20,15758.61,1840.4,173.8
1986-04-21,15827.28,1855.9,172
1986-04-22,15712.91,1830.98,170.15
1986-04-23,15748.02,1829.61,169.35
1986-04-24,15682.05,1831.72,169
1986-04-25,15689.88,1835.57,168.1
1986-04-26,15689.88,1835.57,168.1
1986-04-27,15689.88,1835.57,168.1
1986-04-28,15757.93,1843.75,167.15
1986-04-29,15757.93,1825.89,167.85
1986-04-30,15825.5,1783.98,167.6
1986-05-01,15782.65,1777.78,169.65
1986-05-02,15868.44,1774.68,169.9
1986-05-03,15868.44,1774.68,169.9
1986-05-04,15868.44,1774.68,169.9
1986-05-05,15868.44,1793.77,165.62
1986-05-06,15900.15,1787.95,166.25
1986-05-07,15953.85,1775.3,165.1
1986-05-08,16078.24,1786.21,163.62
1986-05-09,16194.98,1789.43,162.35
1986-05-10,16194.98,1789.43,162.35
1986-05-11,16194.98,1789.43,162.35
1986-05-12,16105.23,1787.33,161.15
1986-05-13,15982.26,1785.34,163
1986-05-14,15943.75,1808.28,163.3
1986-05-15,15924.69,1774.68,163.6
1986-05-16,15739.05,1759.8,165.4
1986-05-17,15739.05,1759.8,165.4
1986-05-18,15739.05,1759.8,165.4
1986-05-19,15697.53,1758.18,168.15
1986-05-20,15689.98,1783.98,168.6
1986-05-21,15808.14,1775.17,168.77
1986-05-22,15917.33,1806.3,169.3
1986-05-23,16204.98,1823.29,169.6
1986-05-24,16204.98,1823.29,169.6
1986-05-25,16204.98,1823.29,169.6
1986-05-26,16409.49,1823.29,169.6
1986-05-27,16467.35,1853.03,169.2
1986-05-28,16553.39,1878.28,169
1986-05-29,16610.61,1882.35,171.6
1986-05-30,16670.77,1876.71,174.5
1986-05-31,16670.77,1876.71,174.5
1986-06-01,16670.77,1876.71,174.5
1986-06-02,16739.27,1861.95,174.9
1986-06-03,16669.54,1870.43,171.6
1986-06-04,16802.75,1863.29,171.53
1986-06-05,16810.99,1879.44,168.9
1986-06-06,16817.91,1885.9,167.7
1986-06-07,16817.91,1885.9,167.7
1986-06-08,16817.91,1885.9,167.7
1986-06-09,17008.34,1840.15,167.87
1986-06-10,16967.69,1837.19,166.9
1986-06-11,17096.45,1846.07,166.35
1986-06-12,17131.22,1838.13,165.85
1986-06-13,17205.97,1874.19,165.25
1986-06-14,17205.97,1874.19,165.25
1986-06-15,17205.97,1874.19,165.25
1986-06-16,17185.6,1871.77,165.5
1986-06-17,17075.89,1865.78,167.8
1986-06-18,17177.07,1868.94,167.65
1986-06-19,17277.59,1855.86,166.88
1986-06-20,17403.13,1879.54,167.7
1986-06-21,17403.13,1879.54,167.7
1986-06-22,17403.13,1879.54,167.7
1986-06-23,17457.89,1864.26,167.9
1986-06-24,17342.4,1875.55,166.65
1986-06-25,17516.63,1885.05,166.1
1986-06-26,17600.95,1880.2,166.1
1986-06-27,17500.43,1885.26,165.45
1986-06-28,17500.43,1885.26,165.45
1986-06-29,17500.43,1885.26,165.45
1986-06-30,17654.19,1892.72,163.8
1986-07-01,17622.74,1903.54,162.7
1986-07-02,17669.92,1909.03,163.35
1986-07-03,17691.8,1900.87,161.4
1986-07-04,17597.73,1900.87,161.4
1986-07-05,17597.73,1900.87,161.4
1986-07-06,17597.73,1900.87,161.4
1986-07-07,17714.07,1839,160.7
1986-07-08,17734.15,1820.73,161
1986-07-09,17506.11,1826.07,161.08
1986-07-10,17469.82,1831.83,160.5
1986-07-11,17670.77,1821.43,161.35
1986-07-12,17670.77,1821.43,161.35
1986-07-13,17670.77,1821.43,161.35
1986-07-14,17820.56,1793.45,160.25
1986-07-15,17882.8,1768.7,159.5
1986-07-16,17700.9,1774.18,158.4
1986-07-17,17725.63,1781.78,157.35
1986-07-18,17838.84,1777.98,156.45
1986-07-19,17838.84,1777.98,156.45
1986-07-20,17838.84,1777.98,156.45
1986-07-21,17522.22,1779.11,155.05
1986-07-22,17639.32,1795.13,156.8
1986-07-23,17860.07,1798.37,157.45
1986-07-24,18026.24,1791.62,156.7
1986-07-25,18050.59,1810.04,157.7
1986-07-26,18050.59,1810.04,157.7
1986-07-27,18050.59,1810.04,157.7
1986-07-28,18038.94,1773.9,155.95
1986-07-29,17728.94,1766.87,155.7
1986-07-30,17799.05,1779.39,156.1
1986-07-31,17509.71,1775.31,153.85
1986-08-01,17321.93,1763.64,153.85
1986-08-02,17321.93,1763.64,153.85
1986-08-03,17321.93,1763.64,153.85
1986-08-04,17263.1,1769.97,154
1986-08-05,17414.78,1777,154.95
1986-08-06,17353.48,1779.53,154.4
1986-08-07,17422.36,1786.28,153.8
1986-08-08,17435.53,1782.62,154.15
1986-08-09,17435.53,1782.62,154.15
1986-08-10,17435.53,1782.62,154.15
1986-08-11,17479.11,1811.16,153.77
1986-08-12,17794.69,1835.49,154.7
1986-08-13,18000.76,1844.49,154.3
1986-08-14,18264.71,1844.91,153.73
1986-08-15,18376.41,1855.6,154.2
1986-08-16,18376.41,1855.6,154.2
1986-08-17,18376.41,1855.6,154.2
1986-08-18,18597.44,1869.52,154.2
1986-08-19,18792.61,1862.91,153.5
1986-08-20,18936.24,1881.33,153.4
1986-08-21,18675.6,1881.19,153.25
1986-08-22,18441.31,1887.8,153.45
1986-08-23,18441.31,1887.8,153.45
1986-08-24,18441.31,1887.8,153.45
1986-08-25,18565.61,1871.77,153.84
1986-08-26,18640.83,1904.25,154.95
1986-08-27,18503.27,1904.53,154.68
1986-08-28,18367.98,1900.17,156.05
1986-08-29,18533.68,1898.34,154.55
1986-08-30,18533.68,1898.34,154.55
1986-08-31,18533.68,1898.34,154.55
1986-09-01,18820.75,1898.34,154.55
1986-09-02,18694.93,1870.36,154.25
1986-09-03,18505.45,1881.33,154.7
1986-09-04,18559.64,1919.71,154.9
1986-09-05,18775.08,1899.75,155.4
1986-09-06,18775.08,1899.75,155.4
1986-09-07,18775.08,1899.75,155.4
1986-09-08,18552.25,1888.64,156.15
1986-09-09,18474.09,1884.14,155.7
1986-09-10,18619.33,1879.5,154.8
1986-09-11,18561.25,1792.89,156.4
1986-09-12,18100.52,1758.72,155.35
1986-09-13,18100.52,1758.72,155.35
1986-09-14,18100.52,1758.72,155.35
1986-09-15,18554,1767.58,155.18
1986-09-16,17463.19,1778.54,156.35
1986-09-17,17336.62,1769.4,154.8
1986-09-18,17478.35,1774.18,153.65
1986-09-19,17523.45,1762.65,152
1986-09-20,17523.45,1762.65,152
1986-09-21,17523.45,1762.65,152
1986-09-22,17706.3,1793.45,153.6
1986-09-23,17527,1797.81,154.66
1986-09-24,17955.76,1803.29,154.57
1986-09-25,17988.35,1768.56,154.55
1986-09-26,17960.98,1769.69,154.35
1986-09-27,17960.98,1769.69,154.35
1986-09-28,17960.98,1769.69,154.35
1986-09-29,18106.31,1755.2,153.65
1986-09-30,17852.86,1767.58,154.35
1986-10-01,17564.39,1782.9,154.15
1986-10-02,17019.13,1781.21,153.92
1986-10-03,17240.22,1774.18,154.17
1986-10-04,17240.22,1774.18,154.17
1986-10-05,17240.22,1774.18,154.17
1986-10-06,17435.33,1784.45,154.06
1986-10-07,17604.36,1784.45,154.07
1986-10-08,17514.8,1803.85,154.35
1986-10-09,17650.23,1796.82,154.95
1986-10-10,17650.23,1793.17,154.45
1986-10-11,17650.23,1793.17,154.45
1986-10-12,17650.23,1793.17,154.45
1986-10-13,17338.73,1798.37,154.45
1986-10-14,17318.07,1800.2,153.97
1986-10-15,16970.12,1831.69,154.2
1986-10-16,16871.89,1836.19,154.2
1986-10-17,16701.34,1837.04,154.23
1986-10-18,16701.34,1837.04,154.23
1986-10-19,16701.34,1837.04,154.23
1986-10-20,16523.37,1811.02,154.75
1986-10-21,16205.77,1805.68,155.16
1986-10-22,15819.55,1808.35,155.8
1986-10-23,16308.27,1834.93,158.13
1986-10-24,16284,1832.26,161.35
1986-10-25,16284,1832.26,161.35
1986-10-26,16284,1832.26,161.35
1986-10-27,16157.8,1841.82,160.7
1986-10-28,16397.83,1845.47,160.1
1986-10-29,16505.38,1851.8,160.5
1986-10-30,17010.95,1878.37,161.78
1986-10-31,16910.63,1877.81,163.4
1986-11-01,16910.63,1877.81,163.4
1986-11-02,16910.63,1877.81,163.4
1986-11-03,16910.63,1894.26,164
1986-11-04,16786.9,1892.44,163.92
1986-11-05,16713.71,1899.04,164.5
1986-11-06,16758.35,1891.59,163.3
1986-11-07,16973.64,1886.53,163.2
1986-11-08,16973.64,1886.53,163.2
1986-11-09,16973.64,1886.53,163.2
1986-11-10,17053.2,1892.29,162.85
1986-11-11,17300.56,1895.95,162.85
1986-11-12,17447.89,1893.7,160.62
1986-11-13,17438.47,1862.2,160.9
1986-11-14,17390.5,1873.59,161.45
1986-11-15,17390.5,1873.59,161.45
1986-11-16,17390.5,1873.59,161.45
1986-11-17,17208.15,1860.52,162.82
1986-11-18,17273.53,1817.21,162.8
1986-11-19,17283.81,1826.63,162.4
1986-11-20,17304.56,1860.66,162.75
1986-11-21,17489.58,1893.56,164.05
1986-11-22,17489.58,1893.56,164.05
1986-11-23,17489.58,1893.56,164.05
1986-11-24,17489.58,1906.07,164.18
1986-11-25,17747.5,1912.12,162.55
1986-11-26,17727.91,1916.76,162.95
1986-11-27,17883.66,1916.76,162.95
1986-11-28,18083.02,1914.23,162.05
1986-11-29,18083.02,1914.23,162.05
1986-11-30,18083.02,1914.23,162.05
1986-12-01,18307.98,1912.68,162.25
1986-12-02,18190.97,1955.57,162
1986-12-03,18455.06,1947.27,162.26
1986-12-04,18623.95,1939.68,162.77
1986-12-05,18637.47,1925.06,162.42
1986-12-06,18637.47,1925.06,162.42
1986-12-07,18637.47,1925.06,162.42
1986-12-08,18710.68,1930.26,162.4
1986-12-09,18602.72,1916.9,162.6
1986-12-10,18776.18,1932.93,162.75
1986-12-11,18731.25,1923.65,162.7
1986-12-12,18830.64,1912.26,163.05
1986-12-13,18830.64,1912.26,163.05
1986-12-14,18830.64,1912.26,163.05
1986-12-15,18788.94,1922.81,163.25
1986-12-16,18933.07,1936.16,163.95
1986-12-17,18847.77,1918.31,163.65
1986-12-18,18723.72,1912.82,163
1986-12-19,18930.03,1928.85,162.2
1986-12-20,18930.03,1928.85,162.2
1986-12-21,18930.03,1928.85,162.2
1986-12-22,18825.4,1926.18,162.75
1986-12-23,18808.55,1914.37,162.7
1986-12-24,18902.85,1926.88,161.45
1986-12-25,18774.26,1926.88,161.45
1986-12-26,18820.65,1930.4,159.75
1986-12-27,18820.65,1930.4,159.75
1986-12-28,18820.65,1930.4,159.75
1986-12-29,18820.65,1912.12,159.05
1986-12-30,18820.65,1908.61,159.9
1986-12-31,18820.65,1895.95,158.3
1987-01-01,18820.65,1895.95,158.3
1987-01-02,18820.65,1927.31,158.25
1987-01-03,18820.65,1927.31,158.25
1987-01-04,18820.65,1927.31,158.25
1987-01-05,18820.55,1971.32,159.4
1987-01-06,18936.76,1974.83,158.78
1987-01-07,18842.37,1993.95,158.05
1987-01-08,18778.74,2002.25,158.23
1987-01-09,18810.36,2005.91,158.2
1987-01-10,18810.36,2005.91,158.2
1987-01-11,18810.36,2005.91,158.2
1987-01-12,18669.02,2009.42,156.77
1987-01-13,18544.05,2012.94,155.75
1987-01-14,18784.27,2035.01,152.8
1987-01-15,18784.27,2070.73,153.55
1987-01-16,19149.63,2076.63,153.4
1987-01-17,19149.63,2076.63,153.4
1987-01-18,19149.63,2076.63,153.4
1987-01-19,19188.68,2102.5,153.4
1987-01-20,19216.12,2104.47,152.68
1987-01-21,19429.18,2094.07,153.95
1987-01-22,19380.51,2145.67,151.9
1987-01-23,19456.61,2101.52,153.08
1987-01-24,19456.61,2101.52,153.08
1987-01-25,19456.61,2101.52,153.08
1987-01-26,19554.72,2107.28,152.65
1987-01-27,19686.83,2150.45,151.65
1987-01-28,19789.93,2163.39,151.75
1987-01-29,19921.05,2160.01,152.1
1987-01-30,20048.35,2158.04,153.65
1987-01-31,20048.35,2158.04,153.65
1987-02-01,20048.35,2158.04,153.65
1987-02-02,20072.09,2179.42,152.57
1987-02-03,19956.33,2168.45,152.5
1987-02-04,19973.87,2191.23,152.8
1987-02-05,19795.08,2201.49,153.63
1987-02-06,19668.83,2186.87,154.45
1987-02-07,19668.83,2186.87,154.45
1987-02-08,19668.83,2186.87,154.45
1987-02-09,19679.32,2176.74,152.55
1987-02-10,19813.96,2158.04,152.4
1987-02-11,19813.96,2171.96,153.7
1987-02-12,19874.89,2165.78,154.1
1987-02-13,19628.87,2183.35,153.7
1987-02-14,19628.87,2183.35,153.7
1987-02-15,19628.87,2183.35,153.7
1987-02-16,19531.52,2183.35,153.7
1987-02-17,19637.93,2237.49,153.22
1987-02-18,19881.76,2237.63,153.85
1987-02-19,20228.09,2244.09,154.13
1987-02-20,20080.39,2235.24,153.65
1987-02-21,20080.39,2235.24,153.65
1987-02-22,20080.39,2235.24,153.65
1987-02-23,19940.5,2216.54,153.68
1987-02-24,20076.48,2223.28,153.78
1987-02-25,20186.33,2226.24,153.6
1987-02-26,20453.9,2216.68,153.15
1987-02-27,20421.66,2223.99,153.27
1987-02-28,20421.66,2223.99,153.27
1987-03-01,20421.66,2223.99,153.27
1987-03-02,20933.82,2220.47,153.5
1987-03-03,20971.39,2226.52,153.65
1987-03-04,21031.66,2257.45,153.71
1987-03-05,21176.03,2276.43,153.2
1987-03-06,21105.85,2280.23,153.47
1987-03-07,21105.85,2280.23,153.47
1987-03-08,21105.85,2280.23,153.47
1987-03-09,21166.4,2260.12,153.8
1987-03-10,21214.46,2280.09,153.65
1987-03-11,21312.96,2268.98,153.82
1987-03-12,21470.2,2267.34,153.63
1987-03-13,21497.95,2258.66,152.65
1987-03-14,21497.95,2258.66,152.65
1987-03-15,21497.95,2258.66,152.65
1987-03-16,21415.37,2248.44,151.65
1987-03-17,21514.73,2284.8,151.95
1987-03-18,21705.06,2286.93,151.95
1987-03-19,21644.32,2299.57,151.48
1987-03-20,21657.67,2333.52,151.7
1987-03-21,21657.67,2333.52,151.7
1987-03-22,21657.67,2333.52,151.7
1987-03-23,21588.25,2363.78,150.25
1987-03-24,21435.3,2369.18,149.32
1987-03-25,21472.97,2363.49,149.15
1987-03-26,21558.79,2372.59,149.2
1987-03-27,22026.66,2335.8,147.72
1987-03-28,22026.66,2335.8,147.72
1987-03-29,22026.66,2335.8,147.72
1987-03-30,21627.57,2278.41,146.4
1987-03-31,21566.66,2304.69,145.68
1987-04-01,22040.18,2316.05,146.82
1987-04-02,22367.72,2320.45,146.5
1987-04-03,22410.85,2390.34,146.2
1987-04-04,22410.85,2390.34,146.2
1987-04-05,22410.85,2390.34,146.2
1987-04-06,22586.11,2405.54,146.1
1987-04-07,22784.65,2360.94,145.35
1987-04-08,22912.99,2372.36,146.6
1987-04-09,22922.2,2339.2,144.7
1987-04-10,23216.59,2338.78,142.55
1987-04-11,23216.59,2338.78,142.55
1987-04-12,23216.59,2338.78,142.55
1987-04-13,22919.54,2287.07,142.65
1987-04-14,23524.08,2252.98,141.13
1987-04-15,23510.69,2282.95,141.75
1987-04-16,23868.43,2275.99,143
1987-04-17,23938.35,2275.99,143.2
1987-04-18,23938.35,2275.99,143.2
1987-04-19,23938.35,2275.99,143.2
1987-04-20,23895.22,2270.6,142.4
1987-04-21,23886.1,2337.07,142.35
1987-04-22,24097.79,2285.94,142.35
1987-04-23,24024.61,2280.97,141.2
1987-04-24,24006.37,2235.37,139.75
1987-04-25,24006.37,2235.37,139.75
1987-04-26,24006.37,2235.37,139.75
1987-04-27,23072.41,2230.54,138.4
1987-04-28,22889.86,2231.91,139.9
1987-04-29,22889.86,2254.26,140.2
1987-04-30,23274.83,2286.36,140.67
1987-05-01,23680.89,2280.4,140.35
1987-05-02,23680.89,2280.4,140.35
1987-05-03,23680.89,2280.4,140.35
1987-05-04,23680.89,2286.22,139.1
1987-05-05,23680.89,2338.07,138.67
1987-05-06,23918.56,2342.19,139.2
1987-05-07,24207.55,2334.66,139.4
1987-05-08,24589.23,2322.3,139.6
1987-05-09,24589.23,2322.3,139.6
1987-05-10,24589.23,2322.3,139.6
1987-05-11,24608.22,2307.3,139.5
1987-05-12,24535.85,2322.6,139.6
1987-05-13,24363.19,2329.68,139.76
1987-05-14,24651.44,2325.49,139.5
1987-05-15,24729.03,2272.52,139.8
1987-05-16,24729.03,2272.52,139.8
1987-05-17,24729.03,2272.52,139.8
1987-05-18,24298.98,2258.66,139.95
1987-05-19,24077.88,2221.28,140
1987-05-20,23419.6,2215.87,139.78
1987-05-21,23754.01,2225.77,140.45
1987-05-22,24156.71,2243.2,140.6
1987-05-23,24156.71,2243.2,140.6
1987-05-24,24156.71,2243.2,140.6
1987-05-25,24582.77,2243.2,140.6
1987-05-26,24580.87,2297.94,143.3
1987-05-27,24539.75,2295.81,143.52
1987-05-28,24433.65,2310.68,143.4
1987-05-29,24772.39,2291.57,144.1
1987-05-30,24772.39,2291.57,144.1
1987-05-31,24772.39,2291.57,144.1
1987-06-01,24992.78,2288.23,145.45
1987-06-02,24902.63,2278.22,142.25
1987-06-03,25049.4,2320.69,142.8
1987-06-04,25366.11,2337.08,144.3
1987-06-05,25271.3,2326.15,143.8
1987-06-06,25271.3,2326.15,143.8
1987-06-07,25271.3,2326.15,143.8
1987-06-08,25523.89,2351.64,143.45
1987-06-09,25379.88,2352.7,142.5
1987-06-10,25738.96,2353.61,142.45
1987-06-11,25890.95,2360.13,142.55
1987-06-12,25894.27,2377.73,143.85
1987-06-13,25894.27,2377.73,143.85
1987-06-14,25894.27,2377.73,143.85
1987-06-15,25756.44,2391.54,144.8
1987-06-16,25738.86,2407.35,144.45
1987-06-17,25929.42,2407.35,144.65
1987-06-18,25750.55,2408.13,144.6
1987-06-19,25288.12,2420.85,145.05
1987-06-20,25288.12,2420.85,145.05
1987-06-21,25288.12,2420.85,145.05
1987-06-22,24640.35,2445.51,145.9
1987-06-23,24794.91,2439.73,146.03
1987-06-24,24892.75,2428.41,145.08
1987-06-25,25031.35,2451.05,146.33
1987-06-26,25049.83,2436.86,146.3
1987-06-27,25049.83,2436.86,146.3
1987-06-28,25049.83,2436.86,146.3
1987-06-29,24509.41,2446.91,146.7
1987-06-30,24176.4,2418.53,146.8
1987-07-01,24252.38,2409.76,146.85
1987-07-02,24636.46,2436.7,147.3
1987-07-03,24465.48,2436.7,148.82
1987-07-04,24465.48,2436.7,148.82
1987-07-05,24465.48,2436.7,148.82
1987-07-06,23870.86,2429.53,149.13
1987-07-07,23816.09,2449.78,149.7
1987-07-08,23472.42,2463.97,150.57
1987-07-09,23755.9,2451.21,149.98
1987-07-10,24102.99,2455.99,150.65
1987-07-11,24102.99,2455.99,150.65
1987-07-12,24102.99,2455.99,150.65
1987-07-13,24118.01,2452.97,150.98
1987-07-14,23931.53,2481.35,151.08
1987-07-15,23969.76,2483.74,148.65
1987-07-16,24003.61,2496.97,150.55
1987-07-17,23983.45,2510.04,152.76
1987-07-18,23983.45,2510.04,152.76
1987-07-19,23983.45,2510.04,152.76
1987-07-20,23328.64,2487.72,152.85
1987-07-21,23078.36,2467.95,152.66
1987-07-22,22702.74,2470.18,152.34
1987-07-23,23036.52,2471.94,150.78
1987-07-24,23942.94,2485.53,149.95
1987-07-25,23942.94,2485.53,149.95
1987-07-26,23942.94,2485.53,149.95
1987-07-27,24104.98,2493.94,150.45
1987-07-28,24385.82,2519.77,150.38
1987-07-29,24427.12,2539.54,150.78
1987-07-30,24510.37,2567.44,149.65
1987-07-31,24488.11,2572.07,149.9
1987-08-01,24488.11,2572.07,149.9
1987-08-02,24488.11,2572.07,149.9
1987-08-03,24483.82,2557.08,150.5
1987-08-04,24172.6,2546.72,152.1
1987-08-05,24297.15,2566.65,150.75
1987-08-06,24658.23,2594.23,151.45
1987-08-07,24800.95,2592,151.57
1987-08-08,24800.95,2592,151.57
1987-08-09,24800.95,2592,151.57
1987-08-10,25119.7,2635.84,151.12
1987-08-11,25282.97,2680.48,151.77
1987-08-12,25560.23,2669.32,151.25
1987-08-13,25575.74,2691.49,151.45
1987-08-14,25494.01,2685.43,150
1987-08-15,25494.01,2685.43,150
1987-08-16,25494.01,2685.43,150
1987-08-17,25378.88,2700.57,149.92
1987-08-18,25344.34,2654.66,146.07
1987-08-19,25231.59,2665.82,145.1
1987-08-20,25396.57,2706.79,144.15
1987-08-21,25559.18,2709.5,142.75
1987-08-22,25559.18,2709.5,142.75
1987-08-23,25559.18,2709.5,142.75
1987-08-24,25754.33,2697.07,142
1987-08-25,25643.39,2722.42,143.22
1987-08-26,25875.74,2701.85,143.05
1987-08-27,25968.78,2675.06,142.05
1987-08-28,25974.96,2639.35,142
1987-08-29,25974.96,2639.35,142
1987-08-30,25974.96,2639.35,142
1987-08-31,26029.22,2662.95,141.75
1987-09-01,26118.42,2610.97,141.83
1987-09-02,25946.6,2602.04,141.03
1987-09-03,25649.88,2599.49,141.03
1987-09-04,25744.03,2561.38,141.75
1987-09-05,25744.03,2561.38,141.75
1987-09-06,25744.03,2561.38,141.75
1987-09-07,25004.09,2561.38,141.75
1987-09-08,25204.09,2545.12,141.75
1987-09-09,24937.93,2549.27,141.6
1987-09-10,24795.24,2576.05,142.57
1987-09-11,24828.27,2608.74,142.8
1987-09-12,24828.27,2608.74,142.8
1987-09-13,24828.27,2608.74,142.8
1987-09-14,24954.02,2613.04,144.5
1987-09-15,24954.02,2566.58,144.05
1987-09-16,24967.73,2530.19,144.36
1987-09-17,24855.31,2527.9,143.4
1987-09-18,24844.84,2524.64,142.67
1987-09-19,24844.84,2524.64,142.67
1987-09-20,24844.84,2524.64,142.67
1987-09-21,24912.42,2492.82,143.55
1987-09-22,24866.06,2568.05,144.15
1987-09-23,24866.06,2585.67,143.9
1987-09-24,24944.88,2566.42,143.73
1987-09-25,25095.86,2570.17,143.67
1987-09-26,25095.86,2570.17,143.67
1987-09-27,25095.86,2570.17,143.67
1987-09-28,25837.34,2601.5,144.07
1987-09-29,25998,2590.57,146.2
1987-09-30,26010.88,2596.28,146.5
1987-10-01,25721.74,2639.2,146.9
1987-10-02,25862.45,2640.99,146.4
1987-10-03,25862.45,2640.99,146.4
1987-10-04,25862.45,2640.99,146.4
1987-10-05,26018.33,2640.18,146.85
1987-10-06,26088.97,2548.63,146.71
1987-10-07,25952.27,2551.08,145.65
1987-10-08,26286.75,2516.64,144.89
1987-10-09,26338.77,2482.21,143.85
1987-10-10,26338.77,2482.21,143.85
1987-10-11,26338.77,2482.21,143.85
1987-10-12,26284.65,2471.44,143.85
1987-10-13,26400.63,2508.16,143.75
1987-10-14,26646.43,2412.7,142.75
1987-10-15,26428.22,2355.09,142.15
1987-10-16,26366.74,2246.74,142.75
1987-10-17,26366.74,2246.74,142.75
1987-10-18,26366.74,2246.74,142.75
1987-10-19,25746.56,1738.74,141.83
1987-10-20,21910.08,1841.01,143.9
1987-10-21,23947.4,2027.85,144.2
1987-10-22,24404.45,1950.43,144.68
1987-10-23,23201.22,1950.76,142.85
1987-10-24,23201.22,1950.76,142.85
1987-10-25,23201.22,1950.76,142.85
1987-10-26,22202.56,1793.93,142.2
1987-10-27,22834.96,1846.49,141.58
1987-10-28,22577.53,1846.82,139.18
1987-10-29,22033.89,1938.33,138.25
1987-10-30,22765.04,1993.53,138.4
1987-10-31,22765.04,1993.53,138.4
1987-11-01,22765.04,1993.53,138.4
1987-11-02,23358.6,2014.09,137
1987-11-03,23358.6,1963.53,137.38
1987-11-04,23060.53,1945.29,137.28
1987-11-05,22629.65,1985.41,134.7
1987-11-06,22795.02,1959.05,135.4
1987-11-07,22795.02,1959.05,135.4
1987-11-08,22795.02,1959.05,135.4
1987-11-09,22418.37,1900.2,134.3
1987-11-10,21686.46,1878.15,134.55
1987-11-11,21036.76,1899.2,134.55
1987-11-12,21546.5,1960.21,136.45
1987-11-13,22448.25,1935.01,135.85
1987-11-14,22448.25,1935.01,135.85
1987-11-15,22448.25,1935.01,135.85
1987-11-16,22615.43,1949.1,136.6
1987-11-17,22344.28,1922.25,135.72
1987-11-18,22734.49,1939.16,135.55
1987-11-19,22668.8,1895.39,135.15
1987-11-20,22705.56,1913.63,135.45
1987-11-21,22705.56,1913.63,135.45
1987-11-22,22705.56,1913.63,135.45
1987-11-23,22705.56,1923.08,134.73
1987-11-24,22856.02,1963.53,135.52
1987-11-25,23219.69,1946.95,134.8
1987-11-26,23282.18,1946.95,134.8
1987-11-27,23268.62,1910.48,133.7
1987-11-28,23268.62,1910.48,133.7
1987-11-29,23268.62,1910.48,133.7
1987-11-30,22686.78,1833.55,132.42
1987-12-01,22832.89,1842.34,133
1987-12-02,22915.49,1848.97,132.7
1987-12-03,22808.16,1776.53,132.9
1987-12-04,22602.75,1766.74,132.85
1987-12-05,22602.75,1766.74,132.85
1987-12-06,22602.75,1766.74,132.85
1987-12-07,22586.52,1812.17,132.8
1987-12-08,22948.34,1868.37,132.72
1987-12-09,22885.7,1902.52,132.4
1987-12-10,23280.84,1855.44,129.4
1987-12-11,23035.81,1867.04,128.5
1987-12-12,23035.81,1867.04,128.5
1987-12-13,23035.81,1867.04,128.5
1987-12-14,22926.28,1932.86,128.02
1987-12-15,22846.73,1941.48,127.6
1987-12-16,22819.42,1974.47,127.28
1987-12-17,22899.83,1924.4,126.25
1987-12-18,22826.97,1975.3,127.1
1987-12-19,22826.97,1975.3,127.1
1987-12-20,22826.97,1975.3,127.1
1987-12-21,22956.84,1990.38,127.08
1987-12-22,22741.02,1978.45,126.55
1987-12-23,22693.85,2005.64,126.75
1987-12-24,22543.37,1999.67,126.12
1987-12-25,22120.94,1999.67,126.12
1987-12-26,22120.94,1999.67,126.12
1987-12-27,22120.94,1999.67,126.12
1987-12-28,21564,1942.97,123.15
1987-12-29,21564,1926.89,123.5
1987-12-30,21564,1950.1,123.4
1987-12-31,21564,1938.83,121.25
1988-01-01,21564,1938.83,121.25
1988-01-02,21564,1938.83,121.25
1988-01-03,21564,1938.83,121.25
1988-01-04,21217.04,2015.25,122.7
1988-01-05,21575.28,2031.5,126.9
1988-01-06,22790.5,2037.8,129.65
1988-01-07,22792.13,2051.89,128.58
1988-01-08,22872.56,1911.31,129.15
1988-01-09,22872.56,1911.31,129.15
1988-01-10,22872.56,1911.31,129.15
1988-01-11,22578.43,1945.13,128.2
1988-01-12,22625.05,1928.55,127.38
1988-01-13,22324.99,1924.73,126.65
1988-01-14,22603.65,1916.11,126.73
1988-01-15,22603.65,1956.07,130.5
1988-01-16,22603.65,1956.07,130.5
1988-01-17,22603.65,1956.07,130.5
1988-01-18,22910.2,1963.86,130.5
1988-01-19,22898.17,1936.34,128.6
1988-01-20,22843.14,1879.14,127.75
1988-01-21,22710.26,1879.31,127.2
1988-01-22,22876.58,1903.51,127.85
1988-01-23,22876.58,1903.51,127.85
1988-01-24,22876.58,1903.51,127.85
1988-01-25,23318.4,1946.45,127.78
1988-01-26,23498.76,1920.59,127.88
1988-01-27,23335.91,1911.14,127.6
1988-01-28,23587.25,1930.04,127.17
1988-01-29,23622.32,1958.22,127.75
1988-01-30,23622.32,1958.22,127.75
1988-01-31,23622.32,1958.22,127.75
1988-02-01,23732.32,1944.63,129.38
1988-02-02,23672.21,1952.92,128.28
1988-02-03,23595.37,1924.57,127.9
1988-02-04,23709.1,1923.57,128.5
1988-02-05,23650.8,1910.48,129.05
1988-02-06,23650.8,1910.48,129.05
1988-02-07,23650.8,1910.48,129.05
1988-02-08,23771.6,1895.72,128.6
1988-02-09,23662.27,1914.46,129.18
1988-02-10,23771.88,1962.04,129.02
1988-02-11,23771.88,1961.54,129.14
1988-02-12,23981.94,1983.26,131.15
1988-02-13,23981.94,1983.26,131.15
1988-02-14,23981.94,1983.26,131.15
1988-02-15,24207.47,1983.26,131.15
1988-02-16,24345.66,2005.97,130.25
1988-02-17,24429.95,2000.99,130.3
1988-02-18,24675.36,1986.41,130.23
1988-02-19,24773.41,2014.59,130.05
1988-02-20,24773.41,2014.59,130.05
1988-02-21,24773.41,2014.59,130.05
1988-02-22,24846.71,2040.29,129.28
1988-02-23,24949.45,2039.12,128.78
1988-02-24,24968.65,2039.95,128.8
1988-02-25,25100.66,2017.57,128.8
1988-02-26,25165.18,2023.21,128.19
1988-02-27,25165.18,2023.21,128.19
1988-02-28,25165.18,2023.21,128.19
1988-02-29,25242.81,2071.62,128.45
1988-03-01,25435.9,2070.46,128.27
1988-03-02,25682.82,2071.29,129.2
1988-03-03,25596.31,2063.49,129.25
1988-03-04,25615.62,2057.86,128.75
1988-03-05,25615.62,2057.86,128.75
1988-03-06,25615.62,2057.86,128.75
1988-03-07,25616.58,2056.37,128.17
1988-03-08,25465.73,2081.07,128.09
1988-03-09,25605.39,2074.27,128.02
1988-03-10,25617.82,2026.03,128.1
1988-03-11,25543.73,2034.98,127.38
1988-03-12,25543.73,2034.98,127.38
1988-03-13,25543.73,2034.98,127.38
1988-03-14,25433.51,2050.07,126.92
1988-03-15,25475.67,2047.41,127.15
1988-03-16,25704.43,2064.32,127.43
1988-03-17,25872.29,2086.04,128.65
1988-03-18,25966.26,2087.37,128.35
1988-03-19,25966.26,2087.37,128.35
1988-03-20,25966.26,2087.37,128.35
1988-03-21,25966.26,2067.14,127.08
1988-03-22,25842.75,2066.15,127.12
1988-03-23,25895.23,2067.64,126.8
1988-03-24,25781.28,2023.87,125.75
1988-03-25,25626.71,1978.95,125.35
1988-03-26,25626.71,1978.95,125.35
1988-03-27,25626.71,1978.95,125.35
1988-03-28,25622.71,1979.77,124.2
1988-03-29,25953.09,1998.34,124.65
1988-03-30,26320.07,1978.12,124.84
1988-03-31,26260.26,1988.06,124.1
1988-04-01,26104.22,1988.06,124
1988-04-02,26104.22,1988.06,124
1988-04-03,26104.22,1988.06,124
1988-04-04,26335.29,1980.6,124.4
1988-04-05,26315.35,1997.51,125.18
1988-04-06,26511.17,2061.67,125.5
1988-04-07,26769.22,2062.17,125.82
1988-04-08,26748.89,2090.19,125.55
1988-04-09,26748.89,2090.19,125.55
1988-04-10,26748.89,2090.19,125.55
1988-04-11,26924.87,2095.99,126.68
1988-04-12,26930.84,2110.08,126.56
1988-04-13,26985.55,2107.1,126.33
1988-04-14,27111.35,2005.64,123.65
1988-04-15,26893.57,2013.93,123.88
1988-04-16,26893.57,2013.93,123.88
1988-04-17,26893.57,2013.93,123.88
1988-04-18,26671.45,2008.12,124.06
1988-04-19,26657,1999.5,124.18
1988-04-20,26864.09,1985.41,123.98
1988-04-21,26828.16,1987.4,124.15
1988-04-22,26837.12,2015.09,124.7
1988-04-23,26837.12,2015.09,124.7
1988-04-24,26837.12,2015.09,124.7
1988-04-25,27213.45,2035.97,124.82
1988-04-26,27246.77,2044.76,124.79
1988-04-27,27191.97,2047.91,125.1
1988-04-28,27434.12,2041.28,124.6
1988-04-29,27434.12,2032.33,124.92
1988-04-30,27434.12,2032.33,124.92
1988-05-01,27434.12,2032.33,124.92
1988-05-02,27669.72,2043.27,124.95
1988-05-03,27669.72,2058.36,124.88
1988-05-04,27669.72,2036.31,125
1988-05-05,27669.72,2020.23,124.65
1988-05-06,27534.39,2007.46,124.88
1988-05-07,27534.39,2007.46,124.88
1988-05-08,27534.39,2007.46,124.88
1988-05-09,27264.3,1997.35,124.82
1988-05-10,27412.25,2003.65,124.44
1988-05-11,27161.05,1965.85,124.25
1988-05-12,27212.58,1968,124.39
1988-05-13,27468.31,1990.55,124.68
1988-05-14,27468.31,1990.55,124.68
1988-05-15,27468.31,1990.55,124.68
1988-05-16,27759.87,2007.63,124.95
1988-05-17,27819.98,1986.41,125.73
1988-05-18,27767.58,1951.09,125.4
1988-05-19,27373.24,1958.72,124.87
1988-05-20,27393.85,1952.59,124.84
1988-05-21,27393.85,1952.59,124.84
1988-05-22,27393.85,1952.59,124.84
1988-05-23,27249.76,1941.48,124.55
1988-05-24,27312.66,1962.53,124.35
1988-05-25,27443.65,1961.37,124.35
1988-05-26,27428.24,1966.75,124.44
1988-05-27,27290.49,1956.44,125
1988-05-28,27290.49,1956.44,125
1988-05-29,27290.49,1956.44,125
1988-05-30,27223.1,1956.44,125
1988-05-31,27416.7,2031.12,125.11
1988-06-01,27703.91,2064.01,125.2
1988-06-02,27869.36,2052.45,126.55
1988-06-03,27821.54,2071.3,125.97
1988-06-04,27821.54,2071.3,125.97
1988-06-05,27821.54,2071.3,125.97
1988-06-06,27996.24,2075.21,126.18
1988-06-07,27967.32,2054.59,125.72
1988-06-08,27912.65,2102.95,125.25
1988-06-09,28072.02,2093.35,125.2
1988-06-10,27920.36,2101.71,124.92
1988-06-11,27920.36,2101.71,124.92
1988-06-12,27920.36,2101.71,124.92
1988-06-13,28036.54,2099.4,125.2
1988-06-14,28061.8,2124.47,126.4
1988-06-15,28093.52,2131.4,126.27
1988-06-16,28147.32,2094.24,125.78
1988-06-17,28342.46,2104.02,125.87
1988-06-18,28342.46,2104.02,125.87
1988-06-19,28342.46,2104.02,125.87
1988-06-20,28139.03,2083.93,126.25
1988-06-21,27925.57,2109.17,126.47
1988-06-22,27860.78,2152.2,128.63
1988-06-23,27732.93,2148.29,128.67
1988-06-24,27750.39,2142.96,130.6
1988-06-25,27750.39,2142.96,130.6
1988-06-26,27750.39,2142.96,130.6
1988-06-27,27435.01,2108.46,130.88
1988-06-28,27398.09,2130.87,130.95
1988-06-29,27607.33,2121.98,133.75
1988-06-30,27769.4,2141.71,133.53
1988-07-01,27503.53,2131.58,134.1
1988-07-02,27503.53,2131.58,134.1
1988-07-03,27503.53,2131.58,134.1
1988-07-04,27360.39,2131.58,134.1
1988-07-05,27577.17,2158.61,134.29
1988-07-06,27766.6,2130.16,133.6
1988-07-07,27728.13,2122.69,131.77
1988-07-08,27917.08,2106.15,133.23
1988-07-09,27917.08,2106.15,133.23
1988-07-10,27917.08,2106.15,133.23
1988-07-11,27985.99,2111.31,132.9
1988-07-12,28099.84,2092.64,132.63
1988-07-13,28020.1,2104.37,132.9
1988-07-14,28084.08,2113.62,133.13
1988-07-15,27913.79,2129.45,135.3
1988-07-16,27913.79,2129.45,135.3
1988-07-17,27913.79,2129.45,135.3
1988-07-18,27662.12,2117.89,134.75
1988-07-19,27149.03,2097.26,133.9
1988-07-20,27553.98,2110.6,133.18
1988-07-21,27676.14,2086.59,132.25
1988-07-22,27285.01,2060.99,130.7
1988-07-23,27285.01,2060.99,130.7
1988-07-24,27285.01,2060.99,130.7
1988-07-25,27183.53,2071.83,132.1
1988-07-26,27303.76,2073.97,132.55
1988-07-27,27738.57,2053.7,131.7
1988-07-28,27796.09,2082.33,132.4
1988-07-29,27911.63,2128.73,133.05
1988-07-30,27911.63,2128.73,133.05
1988-07-31,27911.63,2128.73,133.05
1988-08-01,28326.31,2130.51,132.8
1988-08-02,28366.33,2131.22,132.92
1988-08-03,28348.45,2134.07,132.87
1988-08-04,28292.66,2126.6,133.02
1988-08-05,28423.38,2119.13,133.68
1988-08-06,28423.38,2119.13,133.68
1988-08-07,28423.38,2119.13,133.68
1988-08-08,28253.12,2107.4,133.75
1988-08-09,28170.36,2079.13,134.75
1988-08-10,27554.87,2034.14,134.45
1988-08-11,27784.98,2039.3,133.86
1988-08-12,27833.51,2037.52,133.15
1988-08-13,27833.51,2037.52,133.15
1988-08-14,27833.51,2037.52,133.15
1988-08-15,27901.29,2004.27,133.25
1988-08-16,27896.55,2021.51,132.92
1988-08-17,28178.86,2025.96,134.07
1988-08-18,28129.36,2027.03,133.35
1988-08-19,28209.42,2016,133.45
1988-08-20,28209.42,2016,133.45
1988-08-21,28209.42,2016,133.45
1988-08-22,28079.18,1990.22,134.1
1988-08-23,27919.95,1989.33,133.85
1988-08-24,27799.67,2026.67,134.25
1988-08-25,27870.44,2010.85,133.35
1988-08-26,27565.41,2017.43,133.66
1988-08-27,27565.41,2017.43,133.66
1988-08-28,27565.41,2017.43,133.66
1988-08-29,27379.1,2041.43,134.13
1988-08-30,27511.65,2038.23,134.47
1988-08-31,27365.95,2031.65,136.52
1988-09-01,26934.26,2002.31,136.35
1988-09-02,27116.5,2054.59,136.1
1988-09-03,27116.5,2054.59,136.1
1988-09-04,27116.5,2054.59,136.1
1988-09-05,27341.58,2054.59,136.1
1988-09-06,27320.51,2065.26,135.3
1988-09-07,27504.01,2065.79,133.67
1988-09-08,27740.11,2063.12,133.87
1988-09-09,27647.1,2068.81,133.62
1988-09-10,27647.1,2068.81,133.62
1988-09-11,27647.1,2068.81,133.62
1988-09-12,27756.74,2072.37,133.5
1988-09-13,27794.16,2083.04,133.3
1988-09-14,27805.67,2100.64,134.6
1988-09-15,27805.67,2092.28,133.67
1988-09-16,27866.38,2098.15,134.3
1988-09-17,27866.38,2098.15,134.3
1988-09-18,27866.38,2098.15,134.3
1988-09-19,27901,2081.08,133.55
1988-09-20,27548.58,2087.48,133.9
1988-09-21,27712.66,2090.5,134.25
1988-09-22,27428.31,2080.01,134.63
1988-09-23,27428.31,2090.68,134.47
1988-09-24,27428.31,2090.68,134.47
1988-09-25,27428.31,2090.68,134.47
1988-09-26,27333.75,2085.17,134.65
1988-09-27,27499.56,2082.33,134.45
1988-09-28,27752.01,2085.53,134.23
1988-09-29,27700.13,2119.31,134.36
1988-09-30,27923.67,2112.91,133.9
1988-10-01,27923.67,2112.91,133.9
1988-10-02,27923.67,2112.91,133.9
1988-10-03,27545.53,2105.26,133.65
1988-10-04,27501.02,2102.06,133.26
1988-10-05,27405.49,2106.51,133.5
1988-10-06,27172.34,2107.75,133.41
1988-10-07,27258.27,2150.25,133.3
1988-10-08,27258.27,2150.25,133.3
1988-10-09,27258.27,2150.25,133.3
1988-10-10,27258.27,2158.96,133.3
1988-10-11,27469.6,2156.47,131.07
1988-10-12,27409.37,2126.24,128.96
1988-10-13,27273.3,2133.36,128.03
1988-10-14,27306.57,2133.18,127.15
1988-10-15,27306.57,2133.18,127.15
1988-10-16,27306.57,2133.18,127.15
1988-10-17,27268.74,2140.47,127.28
1988-10-18,27141.98,2159.85,126.67
1988-10-19,27293.67,2137.27,127.3
1988-10-20,27390.55,2181.19,127.2
1988-10-21,27401.42,2183.5,126.35
1988-10-22,27401.42,2183.5,126.35
1988-10-23,27401.42,2183.5,126.35
1988-10-24,27281.54,2170.34,126.83
1988-10-25,27421.49,2173.36,126.7
1988-10-26,27620.6,2165.18,125.7
1988-10-27,27722.92,2140.83,125.9
1988-10-28,27741.34,2149.89,125.85
1988-10-29,27741.34,2149.89,125.85
1988-10-30,27741.34,2149.89,125.85
1988-10-31,27982.54,2148.65,125.5
1988-11-01,28013.67,2150.96,125.3
1988-11-02,27985.26,2156.83,124.6
1988-11-03,27985.26,2170.34,124.2
1988-11-04,27953.25,2145.8,125.32
1988-11-05,27953.25,2145.8,125.32
1988-11-06,27953.25,2145.8,125.32
1988-11-07,27866.36,2124.64,124.72
1988-11-08,28007.27,2127.49,125.57
1988-11-09,28212.78,2118.24,124.25
1988-11-10,28166.42,2114.69,123.98
1988-11-11,28489.57,2067.03,123.98
1988-11-12,28489.57,2067.03,123.98
1988-11-13,28489.57,2067.03,123.98
1988-11-14,28520.9,2065.08,123.43
1988-11-15,28829.41,2077.17,123.42
1988-11-16,28996.12,2038.58,122.55
1988-11-17,29076.81,2052.45,122.73
1988-11-18,29180.2,2062.41,122.65
1988-11-19,29180.2,2062.41,122.65
1988-11-20,29180.2,2062.41,122.65
1988-11-21,29284.26,2065.97,121.95
1988-11-22,29430.12,2077.7,121.35
1988-11-23,29430.12,2092.28,121.3
1988-11-24,29340.03,2092.28,121.3
1988-11-25,29406.65,2074.68,121.1
1988-11-26,29406.65,2074.68,121.1
1988-11-27,29406.65,2074.68,121.1
1988-11-28,28983.32,2081.44,122.22
1988-11-29,29318.3,2101.53,121.5
1988-11-30,29578.9,2114.51,121.9
1988-12-01,29541.46,2101.88,121.6
1988-12-02,29532.25,2092.28,121.47
1988-12-03,29532.25,2092.28,121.47
1988-12-04,29532.25,2092.28,121.47
1988-12-05,29614.68,2123.76,121.5
1988-12-06,29669.38,2149.36,121.75
1988-12-07,30050.82,2153.63,123.5
1988-12-08,29758.9,2141.71,122.57
1988-12-09,29793.42,2143.49,122.35
1988-12-10,29793.42,2143.49,122.35
1988-12-11,29793.42,2143.49,122.35
1988-12-12,29672.29,2139.58,122.85
1988-12-13,29597.81,2143.49,123.15
1988-12-14,29754.73,2134.25,122.71
1988-12-15,29705.75,2133,123.37
1988-12-16,29536.71,2150.71,124.5
1988-12-17,29536.71,2150.71,124.5
1988-12-18,29536.71,2150.71,124.5
1988-12-19,29470.08,2172.68,124.1
1988-12-20,29567.94,2166.07,125.1
1988-12-21,29698.19,2164.64,124.35
1988-12-22,29774.61,2160.36,124.71
1988-12-23,29686.26,2168.93,124.85
1988-12-24,29686.26,2168.93,124.85
1988-12-25,29686.26,2168.93,124.85
1988-12-26,29868.01,2168.93,124.85
1988-12-27,30050.93,2162.68,124.85
1988-12-28,30159,2166.43,125.58
1988-12-29,30159,2182.68,125.85
1988-12-30,30159,2168.57,125.05
1988-12-31,30159,2168.57,125.05
1989-01-01,30159,2168.57,125.05
1989-01-02,30159,2168.57,125.05
1989-01-03,30159,2144.64,123.6
1989-01-04,30243.66,2177.68,125.05
1989-01-05,30183.79,2190.54,125.59
1989-01-06,30209.54,2194.29,126.62
1989-01-07,30209.54,2194.29,126.62
1989-01-08,30209.54,2194.29,126.62
1989-01-09,30678.39,2199.46,126.45
1989-01-10,31006.51,2193.21,126.3
1989-01-11,31143.45,2206.43,126.13
1989-01-12,31143.45,2222.32,126.17
1989-01-13,31298.38,2226.07,126.7
1989-01-14,31298.38,2226.07,126.7
1989-01-15,31298.38,2226.07,126.7
1989-01-16,31298.38,2224.64,126.7
1989-01-17,31227.52,2214.64,127.75
1989-01-18,31354.55,2238.75,128.5
1989-01-19,31311.4,2239.11,129.7
1989-01-20,31170.38,2235.36,128.27
1989-01-21,31170.38,2235.36,128.27
1989-01-22,31170.38,2235.36,128.27
1989-01-23,31332.88,2218.39,127.8
1989-01-24,31557.68,2256.43,127.65
1989-01-25,31567.79,2265.89,127.73
1989-01-26,31511.81,2291.07,128.15
1989-01-27,31646.13,2322.86,129.24
1989-01-28,31646.13,2322.86,129.24
1989-01-29,31646.13,2322.86,129.24
1989-01-30,31567.5,2324.11,129.35
1989-01-31,31581.3,2342.32,130.5
1989-02-01,31360.68,2338.21,129.6
1989-02-02,31498.3,2333.75,129.15
1989-02-03,31685.78,2331.25,129.65
1989-02-04,31685.78,2331.25,129.65
1989-02-05,31685.78,2331.25,129.65
1989-02-06,31828.75,2321.07,129.65
1989-02-07,31880.65,2347.14,129.29
1989-02-08,32065.12,2343.21,129.6
1989-02-09,32078.43,2323.04,128.58
1989-02-10,32131.99,2286.07,128.49
1989-02-11,32131.99,2286.07,128.49
1989-02-12,32131.99,2286.07,128.49
1989-02-13,31985.32,2282.5,128.4
1989-02-14,31982.89,2281.25,126.73
1989-02-15,32149.48,2303.93,126.4
1989-02-16,32083.58,2311.43,126.32
1989-02-17,32173.39,2324.82,125.9
1989-02-18,32173.39,2324.82,125.9
1989-02-19,32173.39,2324.82,125.9
1989-02-20,32177.08,2324.82,125.9
1989-02-21,31980.08,2326.43,126.75
1989-02-22,32311.93,2283.93,126.58
1989-02-23,32452.49,2289.46,126.2
1989-02-24,32452.49,2245.54,126.32
1989-02-25,32452.49,2245.54,126.32
1989-02-26,32452.49,2245.54,126.32
1989-02-27,32285.77,2250.36,126.53
1989-02-28,31985.6,2258.39,126.87
1989-03-01,31964.3,2243.04,128.1
1989-03-02,32073.73,2265.71,127.88
1989-03-03,32000.1,2274.29,127.7
1989-03-04,32000.1,2274.29,127.7
1989-03-05,32000.1,2274.29,127.7
1989-03-06,31876.86,2294.82,128.85
1989-03-07,31937.94,2290.71,128.74
1989-03-08,31837.66,2295.54,128.7
1989-03-09,31656.45,2291.43,129.05
1989-03-10,31701.78,2282.14,129.5
1989-03-11,31701.78,2282.14,129.5
1989-03-12,31701.78,2282.14,129.5
1989-03-13,31552.96,2306.25,129.88
1989-03-14,31724.35,2306.25,129.68
1989-03-15,32100.48,2320.54,130.6
1989-03-16,32098.24,2340.71,131.22
1989-03-17,32021.01,2292.14,131.6
1989-03-18,32021.01,2292.14,131.6
1989-03-19,32021.01,2292.14,131.6
1989-03-20,31654.8,2262.5,131.7
1989-03-21,31654.8,2266.25,131.28
1989-03-22,31443.24,2263.21,131.15
1989-03-23,31588.66,2243.04,131.2
1989-03-24,31568.52,2243.04,131.5
1989-03-25,31568.52,2243.04,131.5
1989-03-26,31568.52,2243.04,131.5
1989-03-27,31512.4,2257.86,132.7
1989-03-28,32306.36,2275.54,133.08
1989-03-29,32737.28,2281.52,132.83
1989-03-30,32826.13,2281.34,132.95
1989-03-31,32838.68,2293.62,132.77
1989-04-01,32838.68,2293.62,132.77
1989-04-02,32838.68,2293.62,132.77
1989-04-03,33042.07,2304.8,132.05
1989-04-04,33312.25,2298.2,130.9
1989-04-05,33360.79,2304.8,131.8
1989-04-06,32995.78,2291.97,131.93
1989-04-07,33185.05,2304.8,132.45
1989-04-08,33185.05,2304.8,132.45
1989-04-09,33185.05,2304.8,132.45
1989-04-10,32999.02,2301.87,132.63
1989-04-11,33249.58,2311.58,132.75
1989-04-12,33256.45,2319.65,132.98
1989-04-13,33063.94,2296,132.2
1989-04-14,33150.44,2337.06,132.15
1989-04-15,33150.44,2337.06,132.15
1989-04-16,33150.44,2337.06,132.15
1989-04-17,33308.33,2337.79,131.95
1989-04-18,33321.66,2379.4,131.52
1989-04-19,33363.83,2386.91,132.34
1989-04-20,33185.15,2377.38,131.35
1989-04-21,33029.81,2409.46,131.45
1989-04-22,33029.81,2409.46,131.45
1989-04-23,33029.81,2409.46,131.45
1989-04-24,32805.92,2402.68,131.6
1989-04-25,33244.78,2386.91,131.39
1989-04-26,33434.93,2389.11,132.25
1989-04-27,33500.83,2418.99,132.19
1989-04-28,33713.35,2418.8,132.85
1989-04-29,33713.35,2418.8,132.85
1989-04-30,33713.35,2418.8,132.85
1989-05-01,33793.17,2414.96,134.07
1989-05-02,33954.99,2402.86,133.81
1989-05-03,33954.99,2393.7,134.2
1989-05-04,33954.99,2384.9,133.95
1989-05-05,33954.99,2381.96,134.33
1989-05-06,33954.99,2381.96,134.33
1989-05-07,33954.99,2381.96,134.33
1989-05-08,34135.24,2376.47,134.8
1989-05-09,34031.87,2371.33,134.83
1989-05-10,33992.35,2374.45,134.43
1989-05-11,34081.49,2382.88,135.3
1989-05-12,33866.33,2439.7,135.95
1989-05-13,33866.33,2439.7,135.95
1989-05-14,33866.33,2439.7,135.95
1989-05-15,33716.29,2463.89,137.24
1989-05-16,33926.45,2453.45,137.3
1989-05-17,33992.45,2462.43,139.25
1989-05-18,33856.33,2470.12,138.65
1989-05-19,34001.96,2501.1,138.8
1989-05-20,34001.96,2501.1,138.8
1989-05-21,34001.96,2501.1,138.8
1989-05-22,34067.86,2502.02,142.05
1989-05-23,33816.61,2478.01,142
1989-05-24,33851.82,2483.87,142.8
1989-05-25,34005.39,2482.59,142
1989-05-26,34191.62,2493.77,141.43
1989-05-27,34191.62,2493.77,141.43
1989-05-28,34191.62,2493.77,141.43
1989-05-29,34160.83,2493.77,141.43
1989-05-30,34076.89,2475.55,143.48
1989-05-31,34266.75,2480.15,142.33
1989-06-01,33981.35,2490.63,142.73
1989-06-02,33667.42,2517.83,141.75
1989-06-03,33667.42,2517.83,141.75
1989-06-04,33667.42,2517.83,141.75
1989-06-05,33457.08,2480.7,141.82
1989-06-06,33452.01,2496.32,142.95
1989-06-07,33626.89,2512.32,142.5
1989-06-08,33718.29,2516.91,143.4
1989-06-09,33639.98,2513.42,146.15
1989-06-10,33639.98,2513.42,146.15
1989-06-11,33639.98,2513.42,146.15
1989-06-12,33398.01,2518.84,148.8
1989-06-13,33213.55,2503.54,149.2
1989-06-14,33402.99,2503.36,149.05
1989-06-15,32913.09,2475,149.62
1989-06-16,33055.17,2486.38,145.55
1989-06-17,33055.17,2486.38,145.55
1989-06-18,33055.17,2486.38,145.55
1989-06-19,33013.18,2479.89,144.45
1989-06-20,33233.47,2472.88,144.07
1989-06-21,33345.28,2464.91,143.85
1989-06-22,33324.97,2482.17,141.07
1989-06-23,33530.71,2531.87,138.5
1989-06-24,33530.71,2531.87,138.5
1989-06-25,33530.71,2531.87,138.5
1989-06-26,33625.82,2511.38,140.82
1989-06-27,33469.21,2526.37,141.1
1989-06-28,33245.6,2504.74,142.8
1989-06-29,32956.31,2458.27,143.4
1989-06-30,32948.69,2440.06,144
1989-07-01,32948.69,2440.06,144
1989-07-02,32948.69,2440.06,144
1989-07-03,33236.42,2452.77,141.25
1989-07-04,33190.38,2452.77,141.25
1989-07-05,33309.71,2456.56,138.9
1989-07-06,33423.48,2462.44,139.4
1989-07-07,33703.97,2487.86,139.8
1989-07-08,33703.97,2487.86,139.8
1989-07-09,33703.97,2487.86,139.8
1989-07-10,33676.02,2502.66,139
1989-07-11,33746.77,2514.61,140.3
1989-07-12,33701.52,2532.63,139.85
1989-07-13,33631.16,2538.32,139.45
1989-07-14,33574.77,2554.82,140.5
1989-07-15,33574.77,2554.82,140.5
1989-07-16,33574.77,2554.82,140.5
1989-07-17,33456.22,2553.49,141.55
1989-07-18,33343.73,2544.76,141.3
1989-07-19,33557.17,2584.41,141.95
1989-07-20,33664.87,2575.49,141.45
1989-07-21,33899.43,2607.36,141.92
1989-07-22,33899.43,2607.36,141.92
1989-07-23,33899.43,2607.36,141.92
1989-07-24,34093.33,2584.98,143.18
1989-07-25,34538.9,2583.08,142.55
1989-07-26,34515.83,2613.05,140.65
1989-07-27,34785.28,2635.43,138.95
1989-07-28,34705.63,2635.24,139.58
1989-07-29,34705.63,2635.24,139.58
1989-07-30,34705.63,2635.24,139.58
1989-07-31,34953.87,2660.66,136.95
1989-08-01,34898.46,2641.12,136.82
1989-08-02,34899.34,2657.44,136.15
1989-08-03,34779.81,2661.61,136.95
1989-08-04,34741.99,2653.45,139.45
1989-08-05,34741.99,2653.45,139.45
1989-08-06,34741.99,2653.45,139.45
1989-08-07,34630.38,2694.99,139.5
1989-08-08,34759.48,2699.17,138.8
1989-08-09,34859.27,2686.08,139.25
1989-08-10,34719.8,2712.63,139.08
1989-08-11,34712.96,2683.99,141.94
1989-08-12,34712.96,2683.99,141.94
1989-08-13,34712.96,2683.99,141.94
1989-08-14,34671.62,2677.92,141.7
1989-08-15,34810.69,2687.78,142.19
1989-08-16,35084.15,2693.29,142.15
1989-08-17,35090.11,2679.63,143.8
1989-08-18,35063.14,2687.97,145.85
1989-08-19,35063.14,2687.97,145.85
1989-08-20,35063.14,2687.97,145.85
1989-08-21,35140.83,2647,142.42
1989-08-22,35114.35,2650.99,142.58
1989-08-23,34893.28,2678.11,143.23
1989-08-24,34786.55,2734.64,143.34
1989-08-25,34739.93,2732.36,143.3
1989-08-26,34739.93,2732.36,143.3
1989-08-27,34739.93,2732.36,143.3
1989-08-28,34607.41,2743.36,144.2
1989-08-29,34687.65,2726.63,143.13
1989-08-30,34471.66,2728.15,143.73
1989-08-31,34431.2,2737.27,144.6
1989-09-01,34348.22,2752.09,145.85
1989-09-02,34348.22,2752.09,145.85
1989-09-03,34348.22,2752.09,145.85
1989-09-04,34483.78,2752.09,145.85
1989-09-05,34441.95,2744.68,147.05
1989-09-06,34271.31,2719.79,146.25
1989-09-07,34152.56,2706.88,146.9
1989-09-08,34115.81,2709.54,146.3
1989-09-09,34115.81,2709.54,146.3
1989-09-10,34115.81,2709.54,146.3
1989-09-11,34113.66,2704.41,146.82
1989-09-12,34332.88,2707.26,147.15
1989-09-13,34286.94,2679.52,146.95
1989-09-14,34401.88,2664.89,146.55
1989-09-15,34401.88,2674.58,148.75
1989-09-16,34401.88,2674.58,148.75
1989-09-17,34401.88,2674.58,148.75
1989-09-18,34472.54,2687.5,145.85
1989-09-19,34471.07,2687.31,145.65
1989-09-20,34470.58,2683.89,145.05
1989-09-21,34745.02,2680.28,145.35
1989-09-22,34771.79,2681.61,145.6
1989-09-23,34771.79,2681.61,145.6
1989-09-24,34771.79,2681.61,145.6
1989-09-25,34960.71,2659.19,142.7
1989-09-26,35444.82,2663.94,141.88
1989-09-27,35370.57,2673.06,140.6
1989-09-28,35689.98,2694.91,140.55
1989-09-29,35636.76,2692.82,139.6
1989-09-30,35636.76,2692.82,139.6
1989-10-01,35636.76,2692.82,139.6
1989-10-02,35622.97,2713.72,139.48
1989-10-03,35366.37,2754.56,141.13
1989-10-04,35382.8,2771.09,141.05
1989-10-05,35522.99,2773.56,142.4
1989-10-06,35209.35,2785.52,142.8
1989-10-07,35209.35,2785.52,142.8
1989-10-08,35209.35,2785.52,142.8
1989-10-09,35376.35,2791.41,142.8
1989-10-10,35376.35,2785.33,143.95
1989-10-11,35240.07,2773.36,144.8
1989-10-12,34795.05,2759.84,144.2
1989-10-13,35116.02,2569.26,143.2
1989-10-14,35116.02,2569.26,143.2
1989-10-15,35116.02,2569.26,143.2
1989-10-16,34468.69,2657.38,141.8
1989-10-17,34996.08,2638.73,141.5
1989-10-18,35107.56,2643.65,141.7
1989-10-19,35374.22,2683.2,141.95
1989-10-20,35486.38,2689.14,142.3
1989-10-21,35486.38,2689.14,142.3
1989-10-22,35486.38,2689.14,142.3
1989-10-23,35585.52,2662.91,142.35
1989-10-24,35526.55,2659.22,141.55
1989-10-25,35442.4,2653.28,141.65
1989-10-26,35678.49,2613.73,141.65
1989-10-27,35527.29,2596.72,142
1989-10-28,35527.29,2596.72,142
1989-10-29,35527.29,2596.72,142
1989-10-30,35417.44,2603.48,142.15
1989-10-31,35549.44,2645.08,142.73
1989-11-01,35564.43,2645.9,143.11
1989-11-02,35494.86,2631.56,143.7
1989-11-03,35494.86,2629.51,143.18
1989-11-04,35494.86,2629.51,143.18
1989-11-05,35494.86,2629.51,143.18
1989-11-06,35434,2582.17,143.7
1989-11-07,35270.46,2597.13,143.44
1989-11-08,35595.59,2623.36,143.14
1989-11-09,35657.42,2603.69,142.86
1989-11-10,35663.2,2625.61,143.3
1989-11-11,35663.2,2625.61,143.3
1989-11-12,35663.2,2625.61,143.3
1989-11-13,35750.12,2626.43,143.88
1989-11-14,35768.64,2610.25,143.68
1989-11-15,35852.23,2632.58,143.75
1989-11-16,35876.34,2635.66,143.8
1989-11-17,35963.74,2652.66,144.4
1989-11-18,35963.74,2652.66,144.4
1989-11-19,35963.74,2652.66,144.4
1989-11-20,35893.58,2632.04,144.5
1989-11-21,36059.87,2639.29,143.75
1989-11-22,36286.92,2656.78,143.85
1989-11-23,36286.92,2656.78,143.85
1989-11-24,36484.47,2675.55,143.5
1989-11-25,36484.47,2675.55,143.5
1989-11-26,36484.47,2675.55,143.5
1989-11-27,36881.53,2694.97,143.4
1989-11-28,36985.3,2702.01,143.72
1989-11-29,37021.46,2688.78,142.65
1989-11-30,37268.79,2706.27,142.91
1989-12-01,37132.68,2747.65,143.1
1989-12-02,37132.68,2747.65,143.1
1989-12-03,37132.68,2747.65,143.1
1989-12-04,37303.87,2753.63,143.58
1989-12-05,37494.17,2741.68,143.8
1989-12-06,37654.29,2736.77,143.85
1989-12-07,37858.11,2720.78,144.32
1989-12-08,37724.06,2731.44,144.28
1989-12-09,37724.06,2731.44,144.28
1989-12-10,37724.06,2731.44,144.28
1989-12-11,37752.67,2728.24,144.5
1989-12-12,37803.53,2752.13,143.9
1989-12-13,38062.42,2761.09,144.17
1989-12-14,38180.7,2753.63,144.1
1989-12-15,38271.04,2739.55,144.15
1989-12-16,38271.04,2739.55,144.15
1989-12-17,38271.04,2739.55,144.15
1989-12-18,38586.18,2697.53,144.1
1989-12-19,38439.1,2695.61,143.85
1989-12-20,38512,2687.93,144.02
1989-12-21,38215.48,2691.13,143.7
1989-12-22,38040.37,2711.39,142.88
1989-12-23,38040.37,2711.39,142.88
1989-12-24,38040.37,2711.39,142.88
1989-12-25,38423.62,2711.39,142.88
1989-12-26,38681.31,2709.26,142.15
1989-12-27,38801.63,2724.4,142.1
1989-12-28,38876.94,2732.3,143.35
1989-12-29,38915.87,2753.2,143.8
1989-12-30,38915.87,2753.2,143.8
1989-12-31,38915.87,2753.2,143.8
1990-01-01,38915.87,2753.2,143.8
1990-01-02,38915.87,2810.15,146.25
1990-01-03,38915.87,2809.73,145.7
1990-01-04,38712.88,2796.08,143.37
1990-01-05,38274.76,2773.25,143.82
1990-01-06,38274.76,2773.25,143.82
1990-01-07,38274.76,2773.25,143.82
1990-01-08,38294.96,2794.37,144.1
1990-01-09,37951.46,2766,145.2
1990-01-10,37696.51,2750.64,145.25
1990-01-11,38170.13,2760.67,145.4
1990-01-12,37516.77,2689.21,145.4
1990-01-13,37516.77,2689.21,145.4
1990-01-14,37516.77,2689.21,145.4
1990-01-15,37516.77,2669.37,145.4
1990-01-16,36850.36,2692.62,145.48
1990-01-17,36821.14,2659.13,145.49
1990-01-18,36729.46,2666.38,146.12
1990-01-19,36836.54,2677.9,145.65
1990-01-20,36836.54,2677.9,145.65
1990-01-21,36836.54,2677.9,145.65
1990-01-22,37257.01,2600.45,146.43
1990-01-23,37378.02,2615.32,146.09
1990-01-24,36778.98,2604.5,145.32
1990-01-25,36969.11,2561.04,144.42
1990-01-26,36874.07,2559.23,143.35
1990-01-27,36874.07,2559.23,143.35
1990-01-28,36874.07,2559.23,143.35
1990-01-29,37173.7,2553.38,143.13
1990-01-30,37215.67,2543.24,144.1
1990-01-31,37188.95,2590.54,144.55
1990-02-01,37206.42,2586.26,144.9
1990-02-02,37650.15,2602.7,145.38
1990-02-03,37650.15,2602.7,145.38
1990-02-04,37650.15,2602.7,145.38
1990-02-05,37631.41,2622.52,145.39
1990-02-06,37666.83,2606.31,145.13
1990-02-07,37301.87,2640.09,145.47
1990-02-08,37516.24,2644.37,145.4
1990-02-09,37288.14,2648.2,145.2
1990-02-10,37288.14,2648.2,145.2
1990-02-11,37288.14,2648.2,145.2
1990-02-12,37288.14,2619.14,144.2
1990-02-13,37107.03,2624.1,144.4
1990-02-14,37155.89,2624.32,144.27
1990-02-15,37471.99,2649.55,144.4
1990-02-16,37460.32,2635.59,144.15
1990-02-17,37460.32,2635.59,144.15
1990-02-18,37460.32,2635.59,144.15
1990-02-19,37222.6,2635.59,144.15
1990-02-20,36895.52,2596.85,145.45
1990-02-21,35734.33,2583.56,145.32
1990-02-22,35826.84,2574.77,145.89
1990-02-23,34890.97,2564.19,146.92
1990-02-24,34890.97,2564.19,146.92
1990-02-25,34890.97,2564.19,146.92
1990-02-26,33321.87,2602.48,148.85
1990-02-27,33897.95,2617.12,148.63
1990-02-28,34591.99,2627.25,148.82
1990-03-01,33829.58,2635.59,149.67
1990-03-02,34057.56,2660.36,150.28
1990-03-03,34057.56,2660.36,150.28
1990-03-04,34057.56,2660.36,150.28
1990-03-05,33845.2,2649.55,149.78
1990-03-06,33791.08,2676.8,149.8
1990-03-07,33362.34,2669.59,151.22
1990-03-08,33690.89,2696.17,150.83
1990-03-09,33993.12,2683.33,151.34
1990-03-10,33993.12,2683.33,151.34
1990-03-11,33993.12,2683.33,151.34
1990-03-12,33368.23,2686.71,152.38
1990-03-13,32620.57,2674.55,152.55
1990-03-14,32352.13,2687.84,152.24
1990-03-15,32671.64,2695.72,152.55
1990-03-16,32616.44,2741.22,152.38
1990-03-17,32616.44,2741.22,152.38
1990-03-18,32616.44,2741.22,152.38
1990-03-19,31263.24,2755.63,153.5
1990-03-20,30807.19,2738.74,153.88
1990-03-21,30807.19,2727.93,154.16
1990-03-22,29843.34,2695.72,155.1
1990-03-23,30372.16,2704.28,153.9
1990-03-24,30372.16,2704.28,153.9
1990-03-25,30372.16,2704.28,153.9
1990-03-26,31840.49,2707.66,156.5
1990-03-27,31825.96,2736.94,157.4
1990-03-28,31263.57,2743.69,158.75
1990-03-29,31026.16,2727.7,156.75
1990-03-30,29980.45,2707.21,157.82
1990-03-31,29980.45,2707.21,157.82
1990-04-01,29980.45,2707.21,157.82
1990-04-02,28002.07,2700.45,158.9
1990-04-03,28759.72,2736.71,159.13
1990-04-04,28442.94,2719.37,158.6
1990-04-05,28249.06,2721.17,157.68
1990-04-06,29278.78,2717.12,157.65
1990-04-07,29278.78,2717.12,157.65
1990-04-08,29278.78,2717.12,157.65
1990-04-09,30397.93,2722.07,157.5
1990-04-10,29624.68,2731.08,158.58
1990-04-11,29440.28,2729.73,158.28
1990-04-12,29623.2,2751.8,158.19
1990-04-13,29213.92,2751.8,158.75
1990-04-14,29213.92,2751.8,158.75
1990-04-15,29213.92,2751.8,158.75
1990-04-16,28463.18,2763.06,159.37
1990-04-17,28461.6,2765.77,159.9
1990-04-18,29249.06,2732.88,159.1
1990-04-19,29945.41,2711.94,156.5
1990-04-20,29835.44,2695.95,157.85
1990-04-21,29835.44,2695.95,157.85
1990-04-22,29835.44,2695.95,157.85
1990-04-23,29679.07,2666.67,157.7
1990-04-24,29501.38,2654.5,158.72
1990-04-25,29564.36,2666.44,158.73
1990-04-26,29424.58,2676.58,158.75
1990-04-27,29584.8,2645.05,158.9
1990-04-28,29584.8,2645.05,158.9
1990-04-29,29584.8,2645.05,158.9
1990-04-30,29584.8,2656.76,158.85
1990-05-01,29689.83,2668.92,158.85
1990-05-02,30173.64,2689.64,158.3
1990-05-03,30173.64,2696.17,158.15
1990-05-04,30173.64,2710.36,158.35
1990-05-05,30173.64,2710.36,158.35
1990-05-06,30173.64,2710.36,158.35
1990-05-07,30956.27,2721.62,158
1990-05-08,30970.58,2733.56,157.9
1990-05-09,30945.61,2732.88,156.45
1990-05-10,30980.26,2738.51,157
1990-05-11,31512.14,2801.58,152.73
1990-05-12,31512.14,2801.58,152.73
1990-05-13,31512.14,2801.58,152.73
1990-05-14,32042.65,2821.53,152.77
1990-05-15,31997.04,2822.45,151.4
1990-05-16,31967.62,2819.68,151.43
1990-05-17,32061.6,2831.71,152.35
1990-05-18,32013.72,2819.91,152.85
1990-05-19,32013.72,2819.91,152.85
1990-05-20,32013.72,2819.91,152.85
1990-05-21,31765.05,2844.68,153.53
1990-05-22,31938.3,2852.23,151.6
1990-05-23,32176.51,2856.26,151.23
1990-05-24,32311.75,2855.55,151.55
1990-05-25,32793.88,2820.92,149.69
1990-05-26,32793.88,2820.92,149.69
1990-05-27,32793.88,2820.92,149.69
1990-05-28,33191.61,2820.92,149.69
1990-05-29,32817.67,2870.49,150.88
1990-05-30,32926.26,2878.56,151.32
1990-05-31,33130.8,2876.66,152.64
1990-06-01,32891.12,2900.97,151.39
1990-06-02,32891.12,2900.97,151.39
1990-06-03,32891.12,2900.97,151.39
1990-06-04,32925.37,2935.19,151.6
1990-06-05,32921.62,2925,152.65
1990-06-06,32953.5,2911.65,152.55
1990-06-07,33192.5,2897.33,152.53
1990-06-08,32993.29,2862.38,153.53
1990-06-09,32993.29,2862.38,153.53
1990-06-10,32993.29,2862.38,153.53
1990-06-11,32540.18,2892.57,154.52
1990-06-12,32322.31,2933.42,154.44
1990-06-13,32371.77,2929.7,154.79
1990-06-14,32668.11,2928.22,154.07
1990-06-15,32538.4,2935.89,154.2
1990-06-16,32538.4,2935.89,154.2
1990-06-17,32538.4,2935.89,154.2
1990-06-18,32376.8,2882.18,153.7
1990-06-19,32040.38,2893.56,153.65
1990-06-20,32087.76,2895.3,154
1990-06-21,32087.27,2901.73,154.82
1990-06-22,31694.57,2857.18,154.75
1990-06-23,31694.57,2857.18,154.75
1990-06-24,31694.57,2857.18,154.75
1990-06-25,31124.19,2845.05,155.37
1990-06-26,31571.77,2842.33,155.15
1990-06-27,32312.75,2862.13,154.38
1990-06-28,32106.19,2878.71,153.17
1990-06-29,31940.24,2880.69,152.35
1990-06-30,31940.24,2880.69,152.35
1990-07-01,31940.24,2880.69,152.35
1990-07-02,32160.23,2899.26,151.27
1990-07-03,32414.6,2911.63,151.2
1990-07-04,32445.92,2911.63,151.2
1990-07-05,32351.67,2879.21,150.77
1990-07-06,32445.12,2904.95,151.03
1990-07-07,32445.12,2904.95,151.03
1990-07-08,32445.12,2904.95,151.03
1990-07-09,32538.28,2914.11,151.1
1990-07-10,32152.43,2890.84,148.9
1990-07-11,32294.18,2932.67,148.68
1990-07-12,32575.32,2969.8,148.6
1990-07-13,32644.37,2980.2,147.5
1990-07-14,32644.37,2980.2,147.5
1990-07-15,32644.37,2980.2,147.5
1990-07-16,33021.73,2999.75,148.05
1990-07-17,33172.28,2999.75,148.35
1990-07-18,33048.11,2981.68,147.3
1990-07-19,33055.62,2993.81,148.05
1990-07-20,32421.52,2961.14,148.97
1990-07-21,32421.52,2961.14,148.97
1990-07-22,32421.52,2961.14,148.97
1990-07-23,31894.79,2904.7,148.45
1990-07-24,31702.46,2922.52,148.35
1990-07-25,31701.27,2930.94,148.88
1990-07-26,31369.75,2920.79,150.45
1990-07-27,30863.48,2898.51,149.6
1990-07-28,30863.48,2898.51,149.6
1990-07-29,30863.48,2898.51,149.6
1990-07-30,30442.95,2917.33,148.2
1990-07-31,31035.66,2905.2,146.13
1990-08-01,30837.99,2899.26,147.25
1990-08-02,30245.18,2864.6,149.6
1990-08-03,29515.76,2809.65,149.9
1990-08-04,29515.76,2809.65,149.9
1990-08-05,29515.76,2809.65,149.9
1990-08-06,28599.53,2716.34,149.75
1990-08-07,27653.07,2710.64,149.8
1990-08-08,28509.14,2734.9,150.15
1990-08-09,27615.73,2758.91,149.82
1990-08-10,27329.55,2716.58,150.15
1990-08-11,27329.55,2716.58,150.15
1990-08-12,27329.55,2716.58,150.15
1990-08-13,26176.43,2746.78,150.35
1990-08-14,26672.53,2747.77,149.48
1990-08-15,28112.12,2748.27,147.45
1990-08-16,27549.44,2681.44,148.38
1990-08-17,26786.72,2644.8,147.57
1990-08-18,26786.72,2644.8,147.57
1990-08-19,26786.72,2644.8,147.57
1990-08-20,26490.47,2656.44,146.87
1990-08-21,26297.84,2603.96,146.4
1990-08-22,25210.91,2560.15,145.75
1990-08-23,23737.63,2483.42,146.6
1990-08-24,24165.76,2532.92,146.55
1990-08-25,24165.76,2532.92,146.55
1990-08-26,24165.76,2532.92,146.55
1990-08-27,25141.76,2611.63,144.45
1990-08-28,25710.76,2614.85,143.48
1990-08-29,24894.79,2632.43,143.62
1990-08-30,25669.96,2593.32,144.3
1990-08-31,25978.37,2614.36,143.93
1990-09-01,25978.37,2614.36,143.93
1990-09-02,25978.37,2614.36,143.93
1990-09-03,25420.43,2614.36,143.93
1990-09-04,24907.64,2613.37,143.55
1990-09-05,24078.34,2628.22,141.68
1990-09-06,23811.91,2596.29,141.05
1990-09-07,23962.07,2619.55,140.1
1990-09-08,23962.07,2619.55,140.1
1990-09-09,23962.07,2619.55,140.1
1990-09-10,25080.9,2615.59,139.2
1990-09-11,24604.66,2612.62,139.85
1990-09-12,25216.14,2625.74,137.7
1990-09-13,25075.08,2582.67,137.35
1990-09-14,24897.46,2564.11,136.67
1990-09-15,24897.46,2564.11,136.67
1990-09-16,24897.46,2564.11,136.67
1990-09-17,24365.6,2567.33,137
1990-09-18,23884.82,2571.29,137.5
1990-09-19,23726.17,2557.43,137.5
1990-09-20,23602.98,2518.32,136.93
1990-09-21,23777.83,2512.38,136.9
1990-09-22,23777.83,2512.38,136.9
1990-09-23,23777.83,2512.38,136.9
1990-09-24,23777.83,2452.97,136.1
1990-09-25,23359.32,2485.64,137.38
1990-09-26,22250.62,2459.65,137.27
1990-09-27,21771.91,2427.48,138.37
1990-09-28,20983.5,2452.48,138.27
1990-09-29,20983.5,2452.48,138.27
1990-09-30,20983.5,2452.48,138.27
1990-10-01,20221.86,2515.84,136.9
1990-10-02,22898.41,2505.2,136.95
1990-10-03,22849.39,2489.36,136.13
1990-10-04,22278.19,2516.83,133.9
1990-10-05,22827.65,2510.64,132.4
1990-10-06,22827.65,2510.64,132.4
1990-10-07,22827.65,2510.64,132.4
1990-10-08,23630,2523.76,132.4
1990-10-09,23495.11,2445.54,130.33
1990-10-10,23495.11,2407.92,129.97
1990-10-11,22585.63,2365.1,129.95
1990-10-12,22390.16,2398.02,128.65
1990-10-13,22390.16,2398.02,128.65
1990-10-14,22390.16,2398.02,128.65
1990-10-15,23109.2,2416.34,128.15
1990-10-16,23606.1,2381.19,127.25
1990-10-17,23859.36,2387.87,125.27
1990-10-18,24367.08,2452.72,125.05
1990-10-19,24481.49,2520.79,125.75
1990-10-20,24481.49,2520.79,125.75
1990-10-21,24481.49,2520.79,125.75
1990-10-22,25070.86,2516.09,126.05
1990-10-23,25298.3,2494.06,127.5
1990-10-24,24876.88,2504.21,128.05
1990-10-25,25352.63,2484.16,127.3
1990-10-26,25005.64,2436.14,128
1990-10-27,25005.64,2436.14,128
1990-10-28,25005.64,2436.14,128
1990-10-29,25329.31,2430.2,128.4
1990-10-30,25242.4,2448.02,129.1
1990-10-31,25194.1,2442.33,129.95
1990-11-01,24295.16,2454.95,130.48
1990-11-02,24194.99,2490.84,128.6
1990-11-03,24194.99,2490.84,128.6
1990-11-04,24194.99,2490.84,128.6
1990-11-05,24385.33,2502.23,126.8
1990-11-06,23965.75,2485.15,127.3
1990-11-07,23500.25,2440.84,128.15
1990-11-08,22969.81,2443.81,129.9
1990-11-09,22931.8,2488.61,129.73
1990-11-10,22931.8,2488.61,129.73
1990-11-11,22931.8,2488.61,129.73
1990-11-12,22931.8,2540.35,129.73
1990-11-13,23973.67,2535.4,129.6
1990-11-14,23937.44,2559.65,129.62
1990-11-15,23487.48,2545.05,129.27
1990-11-16,23171.63,2550.25,129.43
1990-11-17,23171.63,2550.25,129.43
1990-11-18,23171.63,2550.25,129.43
1990-11-19,23518.16,2565.35,129
1990-11-20,23205.48,2530.2,128.95
1990-11-21,22816.99,2539.36,127.65
1990-11-22,23400.28,2539.36,127.65
1990-11-23,23400.28,2527.23,127.35
1990-11-24,23400.28,2527.23,127.35
1990-11-25,23400.28,2527.23,127.35
1990-11-26,23762.86,2533.17,128.75
1990-11-27,23623.51,2543.81,128.33
1990-11-28,23053.88,2535.15,129.85
1990-11-29,22712.6,2518.81,132.45
1990-11-30,22454.63,2559.65,133.1
1990-12-01,22454.63,2559.65,133.1
1990-12-02,22454.63,2559.65,133.1
1990-12-03,22725.99,2565.59,134.4
1990-12-04,21862.61,2579.7,134.05
1990-12-05,22193.72,2610.4,134.53
1990-12-06,22553.1,2602.48,132.35
1990-12-07,23522.49,2590.1,131.05
1990-12-08,23522.49,2590.1,131.05
1990-12-09,23522.49,2590.1,131.05
1990-12-10,23784.67,2596.78,131.9
1990-12-11,23956.97,2586.14,132.1
1990-12-12,23999.41,2622.28,131.82
1990-12-13,24642.97,2614.36,132.13
1990-12-14,24349.5,2593.81,132.95
1990-12-15,24349.5,2593.81,132.95
1990-12-16,24349.5,2593.81,132.95
1990-12-17,24087.91,2593.32,133.25
1990-12-18,24424.02,2626.73,133.23
1990-12-19,24876.78,2626.73,134.15
1990-12-20,24524.94,2629.46,134.85
1990-12-21,24119.6,2633.66,135.6
1990-12-22,24119.6,2633.66,135.6
1990-12-23,24119.6,2633.66,135.6
1990-12-24,24119.6,2621.29,136.05
1990-12-25,23767.88,2621.29,136.05
1990-12-26,23887.56,2637.13,136.05
1990-12-27,23940.7,2625.5,136.45
1990-12-28,23848.71,2629.21,135.12
1990-12-29,23848.71,2629.21,135.12
1990-12-30,23848.71,2629.21,135.12
1990-12-31,23848.71,2633.66,135.75
1991-01-01,23848.71,2633.66,135.75
1991-01-02,23848.71,2610.64,134.6
1991-01-03,23848.71,2573.51,133.05
1991-01-04,24069.18,2566.09,135.1
1991-01-05,24069.18,2566.09,135.1
1991-01-06,24069.18,2566.09,135.1
1991-01-07,23736.57,2522.77,136.7
1991-01-08,22897.84,2509.41,136.45
1991-01-09,22969.27,2470.3,134.05
1991-01-10,23047.36,2498.76,134.6
1991-01-11,23241.02,2501.49,134.25
1991-01-12,23241.02,2501.49,134.25
1991-01-13,23241.02,2501.49,134.25
1991-01-14,23213.23,2483.91,135.05
1991-01-15,23213.23,2490.59,135.9
1991-01-16,22442.7,2508.91,136.85
1991-01-17,23446.81,2623.51,132.88
1991-01-18,23808.3,2646.78,132.8
1991-01-19,23808.3,2646.78,132.8
1991-01-20,23808.3,2646.78,132.8
1991-01-21,23352.19,2629.21,132.8
1991-01-22,23253.65,2603.22,131.7
1991-01-23,23050.1,2619.06,132.41
1991-01-24,23269.01,2643.07,132.23
1991-01-25,23573.25,2659.41,132.27
1991-01-26,23573.25,2659.41,132.27
1991-01-27,23573.25,2659.41,132.27
1991-01-28,23569.44,2654.46,132.2
1991-01-29,23460.12,2662.62,131.53
1991-01-30,23409.61,2713.12,131.6
1991-01-31,23293.14,2736.39,131.45
1991-02-01,23156.7,2730.69,131.45
1991-02-02,23156.7,2730.69,131.45
1991-02-03,23156.7,2730.69,131.45
1991-02-04,23287.36,2772.28,131.08
1991-02-05,23821.57,2788.37,129.73
1991-02-06,23952.04,2830.94,128.35
1991-02-07,24104.43,2810.64,127.95
1991-02-08,24296.08,2830.69,127.9
1991-02-09,24296.08,2830.69,127.9
1991-02-10,24296.08,2830.69,127.9
1991-02-11,24296.08,2902.23,127.72
1991-02-12,24935.01,2874.75,128.3
1991-02-13,25139.47,2909.16,129.08
1991-02-14,25356.37,2877.23,129.8
1991-02-15,25343.74,2934.65,130.45
1991-02-16,25343.74,2934.65,130.45
1991-02-17,25343.74,2934.65,130.45
1991-02-18,26230.01,2934.65,130.45
1991-02-19,26166.98,2932.18,131.55
1991-02-20,26198.79,2899.01,131.8
1991-02-21,26024.37,2891.83,131.4
1991-02-22,25902.81,2889.36,132.2
1991-02-23,25902.81,2889.36,132.2
1991-02-24,25902.81,2889.36,132.2
1991-02-25,26462.76,2887.87,133.35
1991-02-26,26282.96,2864.6,132.85
1991-02-27,26094.25,2889.11,132.27
1991-02-28,26409.22,2882.18,132.95
1991-03-01,25881.57,2909.9,134.55
1991-03-02,25881.57,2909.9,134.55
1991-03-03,25881.57,2909.9,134.55
1991-03-04,25976.02,2914.11,135.55
1991-03-05,25913.48,2972.52,135.39
1991-03-06,26382.99,2973.27,136.25
1991-03-07,26397.96,2963.37,135.8
1991-03-08,26607.52,2955.2,136.25
1991-03-09,26607.52,2955.2,136.25
1991-03-10,26607.52,2955.2,136.25
1991-03-11,26669.37,2939.36,138.1
1991-03-12,26727.42,2922.52,136.3
1991-03-13,26418.32,2955.2,136.4
1991-03-14,26542.33,2952.23,135.95
1991-03-15,26843.1,2948.27,137.2
1991-03-16,26843.1,2948.27,137.2
1991-03-17,26843.1,2948.27,137.2
1991-03-18,27146.91,2929.95,138.15
1991-03-19,27006.66,2867.82,138.15
1991-03-20,26449.35,2872.03,138.6
1991-03-21,26449.35,2855.45,137.6
1991-03-22,26613.19,2858.91,137.2
1991-03-23,26613.19,2858.91,137.2
1991-03-24,26613.19,2858.91,137.2
1991-03-25,26645.79,2865.84,138.43
1991-03-26,26339.38,2914.85,138.35
1991-03-27,26104.65,2917.57,139.1
1991-03-28,26206.92,2913.86,141.2
1991-03-29,26292.04,2913.86,140.6
1991-03-30,26292.04,2913.86,140.6
1991-03-31,26292.04,2913.86,140.6
1991-04-01,26007.4,2881.19,140.2
1991-04-02,26252,2945.05,138.3
1991-04-03,26780.06,2926.73,137.4
1991-04-04,26689.81,2924.5,135.97
1991-04-05,26767.33,2896.78,136.9
1991-04-06,26767.33,2896.78,136.9
1991-04-07,26767.33,2896.78,136.9
1991-04-08,26607.65,2918.56,137.25
1991-04-09,26317.39,2873.02,135.1
1991-04-10,26268.86,2874.5,136.35
1991-04-11,26425.19,2905.45,135.95
1991-04-12,26582.5,2920.79,136.3
1991-04-13,26582.5,2920.79,136.3
1991-04-14,26582.5,2920.79,136.3
1991-04-15,26695.53,2933.17,134.48
1991-04-16,26813.3,2986.88,134.85
1991-04-17,26980.37,3004.46,136.35
1991-04-18,26798.9,2999.26,136.8
1991-04-19,26541.97,2965.59,138.58
1991-04-20,26541.97,2965.59,138.58
1991-04-21,26541.97,2965.59,138.58
1991-04-22,26237.01,2927.72,139.45
1991-04-23,26491.57,2930.45,137.94
1991-04-24,26330.21,2949.5,138.05
1991-04-25,26038.86,2921.04,138.05
1991-04-26,26123.68,2912.38,138.13
1991-04-27,26123.68,2912.38,138.13
1991-04-28,26123.68,2912.38,138.13
1991-04-29,26123.68,2876.98,137.7
1991-04-30,26111.25,2887.87,136.38
1991-05-01,26489,2930.2,137.6
1991-05-02,26477.86,2938.61,138.1
1991-05-03,26477.86,2938.86,138.55
1991-05-04,26477.86,2938.86,138.55
1991-05-05,26477.86,2938.86,138.55
1991-05-06,26477.86,2941.64,138.47
1991-05-07,26342.14,2917.49,137.95
1991-05-08,26309.79,2930.9,138.35
1991-05-09,26438.5,2971.15,139.3
1991-05-10,26274.29,2920.17,138.75
1991-05-11,26274.29,2920.17,138.75
1991-05-12,26274.29,2920.17,138.75
1991-05-13,26093.2,2924.42,139.42
1991-05-14,26030.08,2886.85,138.15
1991-05-15,25822.47,2865.38,137.99
1991-05-16,25520.27,2894.01,137.55
1991-05-17,25701.94,2886.63,138.5
1991-05-18,25701.94,2886.63,138.5
1991-05-19,25701.94,2886.63,138.5
1991-05-20,25523.03,2892.22,138.22
1991-05-21,25481.21,2906.08,137.5
1991-05-22,25398.66,2910.33,138.05
1991-05-23,25643.65,2900.04,137.73
1991-05-24,25529.14,2913.91,138.4
1991-05-25,25529.14,2913.91,138.4
1991-05-26,25529.14,2913.91,138.4
1991-05-27,25425.88,2913.91,138.4
1991-05-28,25390.67,2958.86,137.8
1991-05-29,25495.41,2969.59,138.2
1991-05-30,25647.4,3000.45,137.85
1991-05-31,25789.62,3027.5,138.45
1991-06-01,25789.62,3027.5,138.45
1991-06-02,25789.62,3027.5,138.45
1991-06-03,25912.61,3035.33,139.08
1991-06-04,25556.86,3027.95,138.66
1991-06-05,25289.57,3005.37,139.13
1991-06-06,24984.12,2994.86,139.18
1991-06-07,25035.11,2976.74,140.31
1991-06-08,25035.11,2976.74,140.31
1991-06-09,25035.11,2976.74,140.31
1991-06-10,24598.38,2975.4,141.9
1991-06-11,24662.59,2985.91,141.2
1991-06-12,24482.69,2961.99,141.9
1991-06-13,24808.17,2965.12,141.33
1991-06-14,25093.89,3000.45,140.55
1991-06-15,25093.89,3000.45,140.55
1991-06-16,25093.89,3000.45,140.55
1991-06-17,24943.09,2993.96,140.97
1991-06-18,24685.47,2986.81,140.9
1991-06-19,23996.75,2955.5,140.08
1991-06-20,24082.26,2953.94,138.74
1991-06-21,24275.08,2965.56,139
1991-06-22,24275.08,2965.56,139
1991-06-23,24275.08,2965.56,139
1991-06-24,23765.46,2913.01,138.9
1991-06-25,23907.42,2910.11,138.82
1991-06-26,23766.38,2913.01,138.3
1991-06-27,23543.03,2934.93,138.1
1991-06-28,23290.96,2906.75,137.9
1991-06-29,23290.96,2906.75,137.9
1991-06-30,23290.96,2906.75,137.9
1991-07-01,24108.76,2958.41,138.4
1991-07-02,23995.76,2972.72,138.78
1991-07-03,23373.47,2934.7,139.5
1991-07-04,23135.61,2934.7,139.5
1991-07-05,22898.34,2932.47,138.35
1991-07-06,22898.34,2932.47,138.35
1991-07-07,22898.34,2932.47,138.35
1991-07-08,22176.17,2961.99,138.73
1991-07-09,22608.96,2947.23,138.65
1991-07-10,23121.3,2944.77,138.53
1991-07-11,22937.92,2959.75,138.58
1991-07-12,23137.78,2980.77,136.75
1991-07-13,23137.78,2980.77,136.75
1991-07-14,23137.78,2980.77,136.75
1991-07-15,23459.04,2990.61,136.7
1991-07-16,23375.15,2983.9,137.15
1991-07-17,23060.7,2978.76,136.8
1991-07-18,22908.71,3016.32,136.8
1991-07-19,22866.36,3016.32,136.45
1991-07-20,22866.36,3016.32,136.45
1991-07-21,22866.36,3016.32,136.45
1991-07-22,22705.29,3012.97,137.45
1991-07-23,22758.98,2983.23,136.98
1991-07-24,23297.47,2966.23,137.38
1991-07-25,23332.71,2980.1,138.85
1991-07-26,23519.07,2972.5,137.9
1991-07-27,23519.07,2972.5,137.9
1991-07-28,23519.07,2972.5,137.9
1991-07-29,23443.58,2985.24,138.18
1991-07-30,23872.63,3016.32,137.93
1991-07-31,24120.75,3024.82,137.42
1991-08-01,24072.73,3017.67,137.67
1991-08-02,24027.97,3006.26,136.74
1991-08-03,24027.97,3006.26,136.74
1991-08-04,24027.97,3006.26,136.74
1991-08-05,23833.25,2989.04,136.68
1991-08-06,23464.96,3027.28,135.73
1991-08-07,23691.02,3026.61,135.85
1991-08-08,23482.46,3013.86,136.47
1991-08-09,23434.62,2996.2,136.9
1991-08-10,23434.62,2996.2,136.9
1991-08-11,23434.62,2996.2,136.9
1991-08-12,22985.67,3001.34,136.54
1991-08-13,22872,3008.72,136.52
1991-08-14,23393.3,3005.37,136.61
1991-08-15,23018.68,2998.43,136.47
1991-08-16,22814.37,2968.02,137.25
1991-08-17,22814.37,2968.02,137.25
1991-08-18,22814.37,2968.02,137.25
1991-08-19,21456.76,2898.03,138.3
1991-08-20,21687.06,2913.69,137.45
1991-08-21,22051.6,3001.79,136.8
1991-08-22,22515.77,3007.38,136.43
1991-08-23,22065.34,3040.25,137.1
1991-08-24,22065.34,3040.25,137.1
1991-08-25,22065.34,3040.25,137.1
1991-08-26,21592.27,3039.36,137
1991-08-27,21641.3,3026.16,137
1991-08-28,21621.63,3055.23,136.6
1991-08-29,22002.17,3049.64,137
1991-08-30,22335.87,3043.6,136.85
1991-08-31,22335.87,3043.6,136.85
1991-09-01,22335.87,3043.6,136.85
1991-09-02,22469.01,3043.6,136.85
1991-09-03,22469.8,3017.67,136.02
1991-09-04,22402.69,3008.5,135.3
1991-09-05,22499.65,3008.5,135.87
1991-09-06,22692.6,3011.63,136.15
1991-09-07,22692.6,3011.63,136.15
1991-09-08,22692.6,3011.63,136.15
1991-09-09,22573.98,3007.16,134.95
1991-09-10,22411.58,2982.56,134.85
1991-09-11,22504.79,2987.03,134.95
1991-09-12,22530.2,3007.83,134.06
1991-09-13,23134.43,2985.69,133.98
1991-09-14,23134.43,2985.69,133.98
1991-09-15,23134.43,2985.69,133.98
1991-09-16,23134.43,3015.21,133.65
1991-09-17,23443.61,3013.19,133.82
1991-09-18,23317.78,3017.89,134.17
1991-09-19,23332.31,3024.37,134.5
1991-09-20,23192.74,3019.23,134.37
1991-09-21,23192.74,3019.23,134.37
1991-09-22,23192.74,3019.23,134.37
1991-09-23,23192.74,3010.51,133.05
1991-09-24,23333.7,3029.07,133.08
1991-09-25,23577.42,3021.02,133.3
1991-09-26,23968.08,3017.22,133.67
1991-09-27,23969.47,3006.04,133.4
1991-09-28,23969.47,3006.04,133.4
1991-09-29,23969.47,3006.04,133.4
1991-09-30,23916.44,3016.77,132.85
1991-10-01,24377.01,3018.34,133.2
1991-10-02,24375.11,3012.52,132.68
1991-10-03,24711.44,2984.79,130.77
1991-10-04,24596.9,2961.76,130.03
1991-10-05,24596.9,2961.76,130.03
1991-10-06,24596.9,2961.76,130.03
1991-10-07,24330.83,2942.75,129.3
1991-10-08,24155.62,2963.77,130.1
1991-10-09,24485.26,2946.33,130.25
1991-10-10,24485.26,2976.52,130.35
1991-10-11,24157.72,2983.68,129.73
1991-10-12,24157.72,2983.68,129.73
1991-10-13,24157.72,2983.68,129.73
1991-10-14,23860.67,3019.45,129.73
1991-10-15,24307.65,3041.37,130.22
1991-10-16,24334.67,3061.72,130.02
1991-10-17,24439.85,3053,129.83
1991-10-18,24894.82,3077.15,129.77
1991-10-19,24894.82,3077.15,129.77
1991-10-20,24894.82,3077.15,129.77
1991-10-21,25016.81,3060.38,130.73
1991-10-22,24954.66,3039.8,131.2
1991-10-23,24799.94,3040.92,131.55
1991-10-24,24949.26,3016.32,131.18
1991-10-25,24906.43,3004.92,131.4
1991-10-26,24906.43,3004.92,131.4
1991-10-27,24906.43,3004.92,131.4
1991-10-28,24901.72,3045.62,132.25
1991-10-29,25140.61,3061.94,130.75
1991-10-30,24981.18,3071.78,131.08
1991-10-31,25222.28,3069.1,130.6
1991-11-01,25044.24,3056.35,130.3
1991-11-02,25044.24,3056.35,130.3
1991-11-03,25044.24,3056.35,130.3
1991-11-04,25044.24,3045.62,128.9
1991-11-05,24950.86,3031.31,129.8
1991-11-06,24750.2,3038.46,129.9
1991-11-07,24446.76,3054.11,129.7
1991-11-08,24486.49,3045.62,130.32
1991-11-09,24486.49,3045.62,130.32
1991-11-10,24486.49,3045.62,130.32
1991-11-11,24232.99,3042.26,130.32
1991-11-12,24667.73,3054.11,129.65
1991-11-13,24416.23,3065.3,130.12
1991-11-14,24176.54,3063.51,129.87
1991-11-15,24099.18,2943.2,130.05
1991-11-16,24099.18,2943.2,130.05
1991-11-17,24099.18,2943.2,130.05
1991-11-18,23400.12,2972.72,129.3
1991-11-19,23326.86,2931.57,129.95
1991-11-20,23199.86,2930.01,129.77
1991-11-21,23177.84,2932.69,129.62
1991-11-22,23117.39,2902.73,129.53
1991-11-23,23117.39,2902.73,129.53
1991-11-24,23117.39,2902.73,129.53
1991-11-25,22868.69,2902.06,127.77
1991-11-26,23112.09,2916.14,128.1
1991-11-27,22973.28,2900.04,130.28
1991-11-28,22780.42,2900.04,130.28
1991-11-29,22687.35,2894.68,130.08
1991-11-30,22687.35,2894.68,130.08
1991-12-01,22687.35,2894.68,130.08
1991-12-02,21992.29,2935.38,129.95
1991-12-03,22166.83,2929.56,129.55
1991-12-04,22669.44,2911.67,129.55
1991-12-05,22459.17,2889.09,128.77
1991-12-06,22445.06,2886.4,128.2
1991-12-07,22445.06,2886.4,128.2
1991-12-08,22445.06,2886.4,128.2
1991-12-09,22352.88,2871.65,128.4
1991-12-10,21953.06,2863.82,128.7
1991-12-11,21502.9,2865.38,129.15
1991-12-12,21712.57,2895.13,129.24
1991-12-13,22754.9,2914.36,128.8
1991-12-14,22754.9,2914.36,128.8
1991-12-15,22754.9,2914.36,128.8
1991-12-16,22836.67,2919.05,128.47
1991-12-17,22736.29,2902.28,128.6
1991-12-18,22629.9,2908.09,128.45
1991-12-19,21991.19,2914.36,128.33
1991-12-20,21777.12,2934.48,127.57
1991-12-21,21777.12,2934.48,127.57
1991-12-22,21777.12,2934.48,127.57
1991-12-23,21777.12,3022.58,126.55
1991-12-24,21664.53,3050.98,127.55
1991-12-25,22461.17,3050.98,127.55
1991-12-26,22555.07,3082.96,126.78
1991-12-27,22437.32,3101.52,125.57
1991-12-28,22437.32,3101.52,125.57
1991-12-29,22437.32,3101.52,125.57
1991-12-30,22983.77,3163.91,125.75
1991-12-31,22983.77,3168.83,124.9
1992-01-01,22983.77,3168.83,124.9
1992-01-02,22983.77,3172.4,124.5
1992-01-03,22983.77,3201.5,124.8
1992-01-04,22983.77,3201.5,124.8
1992-01-05,22983.77,3201.5,124.8
1992-01-06,23801.18,3200.1,124.1
1992-01-07,23566.39,3204.8,124.4
1992-01-08,22715,3203.9,124.9
1992-01-09,23113.64,3209.5,125.4
1992-01-10,22381.9,3199.5,127.05
1992-01-11,22381.9,3199.5,127.05
1992-01-12,22381.9,3199.5,127.05
1992-01-13,21696.86,3185.6,126.85
1992-01-14,21775.13,3246.2,126.8
1992-01-15,21775.13,3258.5,128.4
1992-01-16,21612.19,3249.6,128.28
1992-01-17,21321.37,3265,127.45
1992-01-18,21321.37,3265,127.45
1992-01-19,21321.37,3265,127.45
1992-01-20,20913.82,3254,127.45
1992-01-21,20858.3,3223.4,123.2
1992-01-22,21534.12,3255.8,123.22
1992-01-23,21580.72,3226.7,123.9
1992-01-24,21072.15,3232.8,123.42
1992-01-25,21072.15,3232.8,123.42
1992-01-26,21072.15,3232.8,123.42
1992-01-27,21007.11,3240.6,125.4
1992-01-28,21390.52,3272.1,125.62
1992-01-29,21362.26,3225,125.45
1992-01-30,21557.67,3244.9,126
1992-01-31,22023.05,3223.4,125.55
1992-02-01,22023.05,3223.4,125.55
1992-02-02,22023.05,3223.4,125.55
1992-02-03,22139.59,3234.1,125.95
1992-02-04,21999.6,3272.8,126.15
1992-02-05,21936.37,3257.6,125.83
1992-02-06,22104.92,3255.6,125.65
1992-02-07,22107.12,3225.4,125.22
1992-02-08,22107.12,3225.4,125.22
1992-02-09,22107.12,3225.4,125.22
1992-02-10,21819.52,3245.1,126.7
1992-02-11,21819.52,3251.6,126.93
1992-02-12,21541.64,3276.8,127.68
1992-02-13,21391.02,3246.7,127.68
1992-02-14,20883.86,3246,127.93
1992-02-15,20883.86,3246,127.93
1992-02-16,20883.86,3246,127.93
1992-02-17,21324.98,3246,127.93
1992-02-18,20872.03,3224.7,128
1992-02-19,20618.3,3230.3,128.4
1992-02-20,20771.92,3280.6,128.65
1992-02-21,21291.81,3280.2,128.72
1992-02-22,21291.81,3280.2,128.72
1992-02-23,21291.81,3280.2,128.72
1992-02-24,20973.24,3282.4,129.1
1992-02-25,21025.55,3257.8,129.45
1992-02-26,21364.77,3283.3,129.68
1992-02-27,21333.7,3269.5,129.41
1992-02-28,21338.81,3267.7,129.15
1992-02-29,21338.81,3267.7,129.15
1992-03-01,21338.81,3267.7,129.15
1992-03-02,21487.82,3275.3,129.63
1992-03-03,21051.71,3290.3,130.84
1992-03-04,21105.42,3268.6,132.11
1992-03-05,20864.42,3241.5,131.85
1992-03-06,20992.99,3221.6,131.76
1992-03-07,20992.99,3221.6,131.76
1992-03-08,20992.99,3221.6,131.76
1992-03-09,20797.68,3215.1,131.92
1992-03-10,20854.59,3231,132.88
1992-03-11,20592.14,3208.6,133.45
1992-03-12,20561.88,3208.6,134.25
1992-03-13,20456.06,3235.9,133.6
1992-03-14,20456.06,3235.9,133.6
1992-03-15,20456.06,3235.9,133.6
1992-03-16,19837.16,3236.4,133.98
1992-03-17,19917.63,3256,133.45
1992-03-18,19764.31,3254.3,132.05
1992-03-19,20185.09,3261.4,133.27
1992-03-20,20185.09,3276.4,134.15
1992-03-21,20185.09,3276.4,134.15
1992-03-22,20185.09,3276.4,134.15
1992-03-23,20239.6,3272.1,133.7
1992-03-24,19891.57,3261,133.69
1992-03-25,20226.78,3259.4,133.35
1992-03-26,19885.49,3267.7,133.95
1992-03-27,19636.99,3231.4,133.12
1992-03-28,19636.99,3231.4,133.12
1992-03-29,19636.99,3231.4,133.12
1992-03-30,19669.31,3235.2,133.06
1992-03-31,19345.95,3235.5,132.92
1992-04-01,18581.79,3249.3,134.5
1992-04-02,18286.03,3234.1,133.83
1992-04-03,18559.71,3249.1,133.25
1992-04-04,18559.71,3249.1,133.25
1992-04-05,18559.71,3249.1,133.25
1992-04-06,18436.37,3275.5,132.72
1992-04-07,17791.55,3213.6,133.28
1992-04-08,17175.53,3181.4,132.6
1992-04-09,16598.15,3225,132.23
1992-04-10,17850.66,3255.4,132.9
1992-04-11,17850.66,3255.4,132.9
1992-04-12,17850.66,3255.4,132.9
1992-04-13,17236.65,3269.9,133.28
1992-04-14,17439.58,3306.1,132.79
1992-04-15,17948.01,3353.8,133.39
1992-04-16,17959.76,3366.5,133.9
1992-04-17,17580.69,3366.5,134
1992-04-18,17580.69,3366.5,134
1992-04-19,17580.69,3366.5,134
1992-04-20,17071.36,3336.3,134.5
1992-04-21,16787.33,3343.3,134.23
1992-04-22,16839.12,3338.8,134.15
1992-04-23,17402.05,3348.6,134.53
1992-04-24,17542.45,3324.5,134.53
1992-04-25,17542.45,3324.5,134.53
1992-04-26,17542.45,3324.5,134.53
1992-04-27,17450.52,3304.56,133.13
1992-04-28,17527.4,3307.9,133.33
1992-04-29,17527.4,3333.2,133.5
1992-04-30,17390.71,3359.1,133.3
1992-05-01,17303.39,3336.1,132.75
1992-05-02,17303.39,3336.1,132.75
1992-05-03,17303.39,3336.1,132.75
1992-05-04,17303.39,3378.1,132.7
1992-05-05,17303.39,3359.4,133.07
1992-05-06,17878.66,3369.4,132.5
1992-05-07,18410.88,3363.4,132.7
1992-05-08,18375.95,3369.4,133.4
1992-05-09,18375.95,3369.4,133.4
1992-05-10,18375.95,3369.4,133.4
1992-05-11,18608.09,3397.6,133.17
1992-05-12,18508.53,3385.1,130.5
1992-05-13,18768.57,3392,130.4
1992-05-14,18804.6,3368.9,130.2
1992-05-15,18074.27,3353.1,130.25
1992-05-16,18074.27,3353.1,130.25
1992-05-17,18074.27,3353.1,130.25
1992-05-18,18443.1,3376,128.8
1992-05-19,18754.11,3398,129.1
1992-05-20,18674.93,3393.8,129.58
1992-05-21,18691.29,3378.7,130.25
1992-05-22,18221,3386.8,129.4
1992-05-23,18221,3386.8,129.4
1992-05-24,18221,3386.8,129.4
1992-05-25,18555,3386.8,129.4
1992-05-26,18204.64,3364.2,129.33
1992-05-27,17822.56,3370.4,129.95
1992-05-28,17931.25,3398.4,129.62
1992-05-29,18347.75,3396.9,127.75
1992-05-30,18347.75,3396.9,127.75
1992-05-31,18347.75,3396.9,127.75
1992-06-01,18004.11,3413.2,127.45
1992-06-02,18125.55,3396.1,127.53
1992-06-03,18188.68,3407,127.8
1992-06-04,17964.07,3399.7,127.57
1992-06-05,17790.04,3398.7,126.8
1992-06-06,17790.04,3398.7,126.8
1992-06-07,17790.04,3398.7,126.8
1992-06-08,17655.06,3404.1,127.2
1992-06-09,17845.04,3369.9,127.55
1992-06-10,17742.87,3343.2,127.65
1992-06-11,17709.05,3351.5,126.75
1992-06-12,17383.68,3354.4,126.65
1992-06-13,17383.68,3354.4,126.65
1992-06-14,17383.68,3354.4,126.65
1992-06-15,16953.23,3354.9,126.8
1992-06-16,16953.53,3329.5,126.7
1992-06-17,16445.8,3287.8,127.05
1992-06-18,16045.56,3274.1,126.65
1992-06-19,16519.87,3285.4,126.93
1992-06-20,16519.87,3285.4,126.93
1992-06-21,16519.87,3285.4,126.93
1992-06-22,15921.22,3280.8,127.1
1992-06-23,16106.99,3285.6,127.23
1992-06-24,15853.67,3290.7,126.68
1992-06-25,16143.72,3284,125.45
1992-06-26,15812.73,3282.4,125.72
1992-06-27,15812.73,3282.4,125.72
1992-06-28,15812.73,3282.4,125.72
1992-06-29,15741.27,3319.86,125.25
1992-06-30,15951.73,3318.5,125.87
1992-07-01,16325.07,3354.1,124.92
1992-07-02,16757.63,3330.3,124.6
1992-07-03,16717.78,3330.3,124.8
1992-07-04,16717.78,3330.3,124.8
1992-07-05,16717.78,3330.3,124.8
1992-07-06,16657.07,3339.2,124.55
1992-07-07,16459.55,3295.2,124.42
1992-07-08,16600.26,3293.3,124.85
1992-07-09,16848.66,3324.1,125.8
1992-07-10,16783.72,3330.6,125.4
1992-07-11,16783.72,3330.6,125.4
1992-07-12,16783.72,3330.6,125.4
1992-07-13,17201.73,3337.3,124.95
1992-07-14,17064.63,3358.4,126
1992-07-15,17116.92,3345.4,125
1992-07-16,16987.66,3361.6,125.45
1992-07-17,16548.07,3331.6,124.55
1992-07-18,16548.07,3331.6,124.55
1992-07-19,16548.07,3331.6,124.55
1992-07-20,15884.48,3303,125.25
1992-07-21,16002.41,3308.4,125.3
1992-07-22,15541.95,3277.6,126.9
1992-07-23,16039.94,3290,126.63
1992-07-24,15497.79,3285.7,127.67
1992-07-25,15497.79,3285.7,127.67
1992-07-26,15497.79,3285.7,127.67
1992-07-27,15373.34,3282.2,127.73
1992-07-28,15426.64,3334.1,127.58
1992-07-29,15095.95,3379.2,127.93
1992-07-30,15555.6,3391.9,127.65
1992-07-31,15910.28,3393.8,127.35
1992-08-01,15910.28,3393.8,127.35
1992-08-02,15910.28,3393.8,127.35
1992-08-03,15709.45,3395.4,127.28
1992-08-04,15692.59,3384.3,127.25
1992-08-05,15983.64,3365.1,127.4
1992-08-06,15926.44,3340.6,127.75
1992-08-07,15518.27,3332.2,127.5
1992-08-08,15518.27,3332.2,127.5
1992-08-09,15518.27,3332.2,127.5
1992-08-10,15066.34,3337.56,128.05
1992-08-11,14822.56,3331.1,128.05
1992-08-12,14773.79,3320.8,127.72
1992-08-13,14768.17,3313.3,127.27
1992-08-14,14820.25,3328.9,126.25
1992-08-15,14820.25,3328.9,126.25
1992-08-16,14820.25,3328.9,126.25
1992-08-17,14929.55,3324.9,125.75
1992-08-18,14309.41,3329.5,126.25
1992-08-19,14650.74,3307.1,126.3
1992-08-20,15267.76,3304.9,126.32
1992-08-21,16216.88,3254.1,126.07
1992-08-22,16216.88,3254.1,126.07
1992-08-23,16216.88,3254.1,126.07
1992-08-24,16627.96,3228.2,124.68
1992-08-25,16380.77,3232.2,124.9
1992-08-26,16541.65,3246.8,124.95
1992-08-27,17555,3254.6,124.9
1992-08-28,17970.79,3267.6,123.26
1992-08-29,17970.79,3267.6,123.26
1992-08-30,17970.79,3267.6,123.26
1992-08-31,18061.12,3257.4,122.95
1992-09-01,17740.06,3266.26,122.95
1992-09-02,17587.72,3290.3,123
1992-09-03,18386.49,3292.2,124
1992-09-04,18555.3,3281.9,123.22
1992-09-05,18555.3,3281.9,123.22
1992-09-06,18555.3,3281.9,123.22
1992-09-07,18440.18,3281.9,123.22
1992-09-08,18282.42,3260.6,122.68
1992-09-09,18875.55,3271.4,123.23
1992-09-10,18908.47,3305.2,122.98
1992-09-11,18107.69,3305.7,124.23
1992-09-12,18107.69,3305.7,124.23
1992-09-13,18107.69,3305.7,124.23
1992-09-14,18471.4,3376.2,124.25
1992-09-15,18471.4,3327.3,124.38
1992-09-16,17944.7,3319.2,124.95
1992-09-17,18116.52,3315.7,124.43
1992-09-18,18166.8,3327.1,124.63
1992-09-19,18166.8,3327.1,124.63
1992-09-20,18166.8,3327.1,124.63
1992-09-21,18066.24,3320.8,123.72
1992-09-22,18282.72,3280.9,121.2
1992-09-23,18282.72,3278.7,120.15
1992-09-24,18609.95,3287.9,120.7
1992-09-25,18394.76,3250.3,120.5
1992-09-26,18394.76,3250.3,120.5
1992-09-27,18394.76,3250.3,120.5
1992-09-28,17972.61,3276.26,119.58
1992-09-29,17748.09,3266.8,119.75
1992-09-30,17399.08,3271.7,120
1992-10-01,17369.91,3254.4,120
1992-10-02,17324.07,3200.6,119.35
1992-10-03,17324.07,3200.6,119.35
1992-10-04,17324.07,3200.6,119.35
1992-10-05,17101.5,3179,119.65
1992-10-06,17268.1,3178.2,119.92
1992-10-07,17111.74,3152.3,120.02
1992-10-08,17335.51,3176,120.97
1992-10-09,17059.78,3136.6,122
1992-10-10,17059.78,3136.6,122
1992-10-11,17059.78,3136.6,122
1992-10-12,17302.01,3174.4,122
1992-10-13,17490.67,3201.4,121.5
1992-10-14,17344.03,3195.5,121.02
1992-10-15,17628.49,3174.7,120.4
1992-10-16,17369.81,3174.4,119.85
1992-10-17,17369.81,3174.4,119.85
1992-10-18,17369.81,3174.4,119.85
1992-10-19,16903.81,3188.5,119.85
1992-10-20,16987.66,3186,121.95
1992-10-21,17141.52,3187.1,121.8
1992-10-22,17013.04,3200.9,120.75
1992-10-23,17117.65,3207.6,121.77
1992-10-24,17117.65,3207.6,121.77
1992-10-25,17117.65,3207.6,121.77
1992-10-26,17011.33,3244.1,122.03
1992-10-27,17185.26,3235.7,122.48
1992-10-28,17068.41,3251.4,122.5
1992-10-29,16937.71,3246.3,123.36
1992-10-30,16767.4,3226.3,123.3
1992-10-31,16767.4,3226.3,123.3
1992-11-01,16767.4,3226.3,123.3
1992-11-02,16853.36,3262.2,123.95
1992-11-03,16853.36,3252.5,122.25
1992-11-04,17065.2,3223,122.8
1992-11-05,17031.59,3243.8,122.67
1992-11-06,16869.81,3240.1,123.2
1992-11-07,16869.81,3240.1,123.2
1992-11-08,16869.81,3240.1,123.2
1992-11-09,16417.05,3240.9,123.9
1992-11-10,16437.11,3225.5,124.4
1992-11-11,16318.15,3240.3,124.4
1992-11-12,16376.93,3239.8,124.12
1992-11-13,16330.79,3233,123.85
1992-11-14,16330.79,3233,123.85
1992-11-15,16330.79,3233,123.85
1992-11-16,16162.99,3205.7,124.85
1992-11-17,15993.48,3193.3,124.55
1992-11-18,16778.84,3207.4,124.38
1992-11-19,16871.31,3209.5,123.55
1992-11-20,17033.6,3227.4,124.22
1992-11-21,17033.6,3227.4,124.22
1992-11-22,17033.6,3227.4,124.22
1992-11-23,17033.6,3223,124.18
1992-11-24,17096.09,3248.7,124.1
1992-11-25,17302.01,3266.3,123.93
1992-11-26,17479.04,3266.3,123.93
1992-11-27,17470.61,3282.2,124.4
1992-11-28,17470.61,3282.2,124.4
1992-11-29,17470.61,3282.2,124.4
1992-11-30,17683.65,3305.2,124.42
1992-12-01,17313.04,3294.4,124.4
1992-12-02,17393.68,3286.3,124.41
1992-12-03,17260.08,3276.5,124.67
1992-12-04,17295.69,3288.7,124.9
1992-12-05,17295.69,3288.7,124.9
1992-12-06,17295.69,3288.7,124.9
1992-12-07,17207.12,3307.3,124.44
1992-12-08,17281.85,3322.2,124
1992-12-09,17406.22,3323.8,124.1
1992-12-10,17501.3,3312.2,123.73
1992-12-11,17441.02,3304.1,123.89
1992-12-12,17441.02,3304.1,123.89
1992-12-13,17441.02,3304.1,123.89
1992-12-14,17289.97,3292.2,123.85
1992-12-15,17480.74,3284.4,124.1
1992-12-16,17268.71,3255.2,122.9
1992-12-17,17437.91,3269.2,123.1
1992-12-18,17680.74,3313.3,123.28
1992-12-19,17680.74,3313.3,123.28
1992-12-20,17680.74,3313.3,123.28
1992-12-21,17645.44,3312.5,122.97
1992-12-22,17690.67,3321.1,123.52
1992-12-23,17690.67,3313.54,123.85
1992-12-24,17648.85,3326.2,123.9
1992-12-25,17557.04,3326.2,123.9
1992-12-26,17557.04,3326.2,123.9
1992-12-27,17557.04,3326.2,123.9
1992-12-28,17188.62,3333.26,124.75
1992-12-29,17285.64,3310.8,124.7
1992-12-30,16924.95,3321.1,124.59
1992-12-31,16924.95,3301.11,124.85
1993-01-01,16924.95,3301.11,124.85
1993-01-02,16924.95,3301.11,124.85
1993-01-03,16924.95,3301.11,124.85
1993-01-04,16994.08,3309.2,125.4
1993-01-05,16842.58,3307.9,125.11
1993-01-06,16782.88,3305.2,125.1
1993-01-07,16780.98,3269,125.25
1993-01-08,16634.69,3251.7,125.27
1993-01-09,16634.69,3251.7,125.27
1993-01-10,16634.69,3251.7,125.27
1993-01-11,16589.55,3262.75,125.05
1993-01-12,16681.05,3264.6,125.3
1993-01-13,16517.91,3263.6,126.03
1993-01-14,16515.6,3267.9,125.75
1993-01-15,16515.6,3271.1,126.1
1993-01-16,16515.6,3271.1,126.1
1993-01-17,16515.6,3271.1,126.1
1993-01-18,16617.24,3274.9,126.1
1993-01-19,16798.64,3256,125.55
1993-01-20,16510.18,3242,124.9
1993-01-21,16538.68,3253,125
1993-01-22,16336.81,3256.8,124.85
1993-01-23,16336.81,3256.8,124.85
1993-01-24,16336.81,3256.8,124.85
1993-01-25,16287.45,3292.2,123.28
1993-01-26,16492.63,3299,123.63
1993-01-27,16509.68,3291.4,124.1
1993-01-28,17063.41,3306.3,124.23
1993-01-29,17023.78,3310,124.97
1993-01-30,17023.78,3310,124.97
1993-01-31,17023.78,3310,124.97
1993-02-01,17133.64,3332.2,124.95
1993-02-02,17186.31,3328.7,124.86
1993-02-03,17222.03,3373.8,124.33
1993-02-04,17190.63,3416.7,124.58
1993-02-05,17332.9,3442.1,124.43
1993-02-06,17332.9,3442.1,124.43
1993-02-07,17332.9,3442.1,124.43
1993-02-08,17281.73,3437.5,124.02
1993-02-09,17022.27,3414.6,121.38
1993-02-10,17089.9,3412.4,120.97
1993-02-11,17089.9,3422.7,120.5
1993-02-12,16851.51,3392.43,120.9
1993-02-13,16851.51,3392.43,120.9
1993-02-14,16851.51,3392.43,120.9
1993-02-15,17117.99,3392.43,120.9
1993-02-16,16916.32,3309.5,119.8
1993-02-17,17009.63,3312.2,119.4
1993-02-18,16982.14,3302.2,119.6
1993-02-19,17010.03,3322.18,119.11
1993-02-20,17010.03,3322.18,119.11
1993-02-21,17010.03,3322.18,119.11
1993-02-22,16820.61,3342.99,116.45
1993-02-23,16863.15,3323.27,116.65
1993-02-24,16798.94,3356.5,116.9
1993-02-25,16907.39,3365.14,117.5
1993-02-26,16953.35,3370.81,118.1
1993-02-27,16953.35,3370.81,118.1
1993-02-28,16953.35,3370.81,118.1
1993-03-01,16879.6,3355.41,118.75
1993-03-02,16864.25,3400.53,117.77
1993-03-03,16853.92,3404.04,117.25
1993-03-04,16759.61,3398.91,116.8
1993-03-05,16817.7,3404.58,117.65
1993-03-06,16817.7,3404.58,117.65
1993-03-07,16817.7,3404.58,117.65
1993-03-08,17686.47,3469.42,116.62
1993-03-09,17848.3,3472.12,117.4
1993-03-10,17858.63,3478.34,118.12
1993-03-11,17904.79,3457,117.57
1993-03-12,18037.52,3427.82,117.8
1993-03-13,18037.52,3427.82,117.8
1993-03-14,18037.52,3427.82,117.8
1993-03-15,18086.18,3442.41,118.45
1993-03-16,17968.3,3442.95,116.9
1993-03-17,18173.37,3426.74,117.25
1993-03-18,18727.9,3465.64,116.88
1993-03-19,18537.17,3471.58,115.95
1993-03-20,18537.17,3471.58,115.95
1993-03-21,18537.17,3471.58,115.95
1993-03-22,18784.39,3463.48,115.67
1993-03-23,18491.62,3461.86,115.7
1993-03-24,18450.69,3445.38,116.88
1993-03-25,18764.92,3461.32,117.3
1993-03-26,18788.7,3439.98,116.4
1993-03-27,18788.7,3439.98,116.4
1993-03-28,18788.7,3439.98,116.4
1993-03-29,19048.38,3455.1,116.77
1993-03-30,18963.16,3457.27,116.62
1993-03-31,18591.45,3435.11,114.9
1993-04-01,19099.09,3439.44,114.1
1993-04-02,19446.94,3370.81,114.2
1993-04-03,19446.94,3370.81,114.2
1993-04-04,19446.94,3370.81,114.2
1993-04-05,19759.46,3379.19,113.6
1993-04-06,19486.8,3377.57,114
1993-04-07,19829.23,3397.02,113.7
1993-04-08,19967.27,3396.48,113.45
1993-04-09,19892.18,3396.48,113.2
1993-04-10,19892.18,3396.48,113.2
1993-04-11,19892.18,3396.48,113.2
1993-04-12,19882.14,3428.09,112.75
1993-04-13,20740.29,3444.03,113.4
1993-04-14,20533.38,3455.64,113.9
1993-04-15,20675.84,3455.92,113.4
1993-04-16,20297.86,3478.61,112.63
1993-04-17,20297.86,3478.61,112.63
1993-04-18,20297.86,3478.61,112.63
1993-04-19,20112.34,3466.99,111.03
1993-04-20,19828.43,3443.49,110.8
1993-04-21,19773.01,3439.44,111.1
1993-04-22,19591.31,3429.17,110.05
1993-04-23,19704.15,3413.77,110.62
1993-04-24,19704.15,3413.77,110.62
1993-04-25,19704.15,3413.77,110.62
1993-04-26,19623.63,3398.37,110.45
1993-04-27,20206.71,3415.93,111.25
1993-04-28,20454.57,3413.5,112.4
1993-04-29,20454.57,3425.12,111.75
1993-04-30,20919.18,3427.55,111.27
1993-05-01,20919.18,3427.55,111.27
1993-05-02,20919.18,3427.55,111.27
1993-05-03,20919.18,3446.46,110.9
1993-05-04,20919.18,3446.19,110.3
1993-05-05,20919.18,3449.1,110.25
1993-05-06,20622.03,3441.9,110.3
1993-05-07,20811.36,3437.19,110.35
1993-05-08,20811.36,3437.19,110.35
1993-05-09,20811.36,3437.19,110.35
1993-05-10,21054.71,3443.28,111.75
1993-05-11,20940.37,3468.75,111.05
1993-05-12,20615.2,3482.31,111.5
1993-05-13,20532.78,3447.99,111.7
1993-05-14,20474.15,3443.01,110.85
1993-05-15,20474.15,3443.01,110.85
1993-05-16,20474.15,3443.01,110.85
1993-05-17,20565.51,3449.93,111.4
1993-05-18,20229.39,3444.39,111.59
1993-05-19,20380.79,3500.03,110.52
1993-05-20,20330.39,3523.28,110.5
1993-05-21,20557.47,3492.83,110.43
1993-05-22,20557.47,3492.83,110.43
1993-05-23,20557.47,3492.83,110.43
1993-05-24,20476.16,3507.78,110.35
1993-05-25,20631.76,3516.63,109.5
1993-05-26,20895.99,3540.16,108.65
1993-05-27,20852.63,3554.83,107.8
1993-05-28,20843.69,3527.43,107.17
1993-05-29,20843.69,3527.43,107.17
1993-05-30,20843.69,3527.43,107.17
1993-05-31,20552.35,3527.43,107.17
1993-06-01,20591.41,3552.34,107.23
1993-06-02,20691.7,3553.45,107.68
1993-06-03,21076,3544.87,107.4
1993-06-04,20882.24,3545.14,107.75
1993-06-05,20882.24,3545.14,107.75
1993-06-06,20882.24,3545.14,107.75
1993-06-07,20844.19,3532.13,107.36
1993-06-08,20575.24,3510.54,106.3
1993-06-09,20575.24,3511.93,106.55
1993-06-10,20493.32,3491.72,106.16
1993-06-11,20500.95,3505.01,106.1
1993-06-12,20500.95,3505.01,106.1
1993-06-13,20500.95,3505.01,106.1
1993-06-14,20397.35,3514.69,105.15
1993-06-15,20045.88,3492,105.6
1993-06-16,19902.42,3511.65,106.6
1993-06-17,19925.51,3521.89,106.75
1993-06-18,19804.54,3494.77,109.5
1993-06-19,19804.54,3494.77,109.5
1993-06-20,19804.54,3494.77,109.5
1993-06-21,19212.43,3510.82,111.05
1993-06-22,19538.3,3497.53,111.35
1993-06-23,19492.52,3466.81,109.15
1993-06-24,19685.07,3490.61,109.25
1993-06-25,19659.57,3490.89,106.15
1993-06-26,19659.57,3490.89,106.15
1993-06-27,19659.57,3490.89,106.15
1993-06-28,19886.76,3530.2,106.05
1993-06-29,19543.42,3518.85,107.13
1993-06-30,19590,3516.08,106.8
1993-07-01,19924.61,3510.54,107.85
1993-07-02,19621.46,3483.97,108.7
1993-07-03,19621.46,3483.97,108.7
1993-07-04,19621.46,3483.97,108.7
1993-07-05,19623.06,3483.97,108.7
1993-07-06,19829.78,3449.93,108.28
1993-07-07,19720.67,3475.67,107.7
1993-07-08,19688.67,3514.42,108.75
1993-07-09,19877.39,3521.06,109.67
1993-07-10,19877.39,3521.06,109.67
1993-07-11,19877.39,3521.06,109.67
1993-07-12,19980,3524.38,109.65
1993-07-13,20180.42,3515.44,108.34
1993-07-14,20139.11,3542.55,107.5
1993-07-15,20158.02,3550.93,108.25
1993-07-16,20331.53,3528.29,107.8
1993-07-17,20331.53,3528.29,107.8
1993-07-18,20331.53,3528.29,107.8
1993-07-19,20150.92,3535.28,108.5
1993-07-20,20038,3544.78,108.4
1993-07-21,20080.91,3555.4,108.5
1993-07-22,20115.81,3525.22,106.9
1993-07-23,19734.57,3546.74,106.8
1993-07-24,19734.57,3546.74,106.8
1993-07-25,19734.57,3546.74,106.8
1993-07-26,19822.08,3567.7,106.9
1993-07-27,19891.39,3565.46,106.35
1993-07-28,19829.58,3553.45,105.33
1993-07-29,20456.85,3567.42,106.3
1993-07-30,20380.14,3539.47,105.05
1993-07-31,20380.14,3539.47,105.05
1993-08-01,20380.14,3539.47,105.05
1993-08-02,20343.53,3560.99,104.35
1993-08-03,20357.64,3561.27,104.43
1993-08-04,20497.55,3552.05,104.8
1993-08-05,20425.64,3548.97,104.25
1993-08-06,20357.94,3560.43,104.45
1993-08-07,20357.94,3560.43,104.45
1993-08-08,20357.94,3560.43,104.45
1993-08-09,20493.05,3576.08,104.93
1993-08-10,20493.75,3572.73,104.67
1993-08-11,20732.57,3583.35,103.68
1993-08-12,20765.28,3569.09,103.17
1993-08-13,20745.17,3569.65,102.18
1993-08-14,20745.17,3569.65,102.18
1993-08-15,20745.17,3569.65,102.18
1993-08-16,20901.49,3579.15,101.1
1993-08-17,20841.98,3586.98,101.55
1993-08-18,20773.18,3604.86,101.6
1993-08-19,20687.47,3612.13,103.95
1993-08-20,20607.26,3615.48,104.85
1993-08-21,20607.26,3615.48,104.85
1993-08-22,20607.26,3615.48,104.85
1993-08-23,20414.14,3605.98,103.12
1993-08-24,20431.84,3638.96,103.73
1993-08-25,20521.45,3652.09,104.95
1993-08-26,20591.76,3648.18,104.4
1993-08-27,20791.68,3640.63,104
1993-08-28,20791.68,3640.63,104
1993-08-29,20791.68,3640.63,104
1993-08-30,20912.69,3643.99,103.94
1993-08-31,21026.6,3651.25,104.73
1993-09-01,20953.3,3645.1,105.7
1993-09-02,20983.2,3626.1,106
1993-09-03,21116.21,3633.93,105.05
1993-09-04,21116.21,3633.93,105.05
1993-09-05,21116.21,3633.93,105.05
1993-09-06,21060.81,3633.93,105.05
1993-09-07,20962.1,3607.1,104.05
1993-09-08,20918.19,3588.93,105.64
1993-09-09,20825.58,3589.49,105.2
1993-09-10,20817.98,3621.63,106.2
1993-09-11,20817.98,3621.63,106.2
1993-09-12,20817.98,3621.63,106.2
1993-09-13,21148.11,3634.21,106.3
1993-09-14,20947.79,3615.76,105.85
1993-09-15,20947.79,3633.65,106.3
1993-09-16,20502.15,3630.85,104.45
1993-09-17,20391.04,3613.25,104.5
1993-09-18,20391.04,3613.25,104.5
1993-09-19,20391.04,3613.25,104.5
1993-09-20,20266.03,3575.8,104.31
1993-09-21,20466.65,3537.24,106.5
1993-09-22,20174.62,3547.02,106.5
1993-09-23,20174.62,3539.75,106.07
1993-09-24,20307.53,3543.11,106.05
1993-09-25,20307.53,3543.11,106.05
1993-09-26,20307.53,3543.11,106.05
1993-09-27,20094.11,3567.7,105.9
1993-09-28,20172.72,3566.02,105.25
1993-09-29,20077.41,3566.3,105.2
1993-09-30,20105.71,3555.12,106.05
1993-10-01,20283.13,3581.11,106.05
1993-10-02,20283.13,3581.11,106.05
1993-10-03,20283.13,3581.11,106.05
1993-10-04,20264.43,3577.76,105.8
1993-10-05,20321.93,3587.26,105.57
1993-10-06,20500.25,3598.99,105.6
1993-10-07,20265.63,3583.63,105.15
1993-10-08,20378.64,3584.74,105.57
1993-10-09,20378.64,3584.74,105.57
1993-10-10,20378.64,3584.74,105.57
1993-10-11,20378.64,3593.41,105.57
1993-10-12,20137.31,3593.13,105.95
1993-10-13,20038.4,3603.19,106.02
1993-10-14,20082.81,3621.63,107.43
1993-10-15,20174.42,3629.73,107.08
1993-10-16,20174.42,3629.73,107.08
1993-10-17,20174.42,3629.73,107.08
1993-10-18,20072.21,3642.31,107.47
1993-10-19,20069.91,3635.32,107.07
1993-10-20,20173.42,3645.1,107.31
1993-10-21,20179.42,3636.16,108.35
1993-10-22,20264.83,3649.3,108.16
1993-10-23,20264.83,3649.3,108.16
1993-10-24,20264.83,3649.3,108.16
1993-10-25,20309.33,3673.61,108.36
1993-10-26,20023.6,3672.49,108.14
1993-10-27,19838.78,3664.66,108.47
1993-10-28,19479.45,3687.86,108.5
1993-10-29,19702.97,3680.59,108.35
1993-10-30,19702.97,3680.59,108.35
1993-10-31,19702.97,3680.59,108.35
1993-11-01,19438.24,3692.61,108.28
1993-11-02,19381.24,3697.64,107.57
1993-11-03,19381.24,3661.87,107.3
1993-11-04,18949.79,3624.98,108.27
1993-11-05,18590.46,3643.43,108.2
1993-11-06,18590.46,3643.43,108.2
1993-11-07,18590.46,3643.43,108.2
1993-11-08,18625.16,3647.9,108.07
1993-11-09,18125.71,3640.07,108.26
1993-11-10,18121.71,3663.55,107.28
1993-11-11,18158.52,3662.43,107.28
1993-11-12,18493.55,3684.5,106.3
1993-11-13,18493.55,3684.5,106.3
1993-11-14,18493.55,3684.5,106.3
1993-11-15,18074.61,3677.52,106.9
1993-11-16,18246.12,3710.77,106.73
1993-11-17,18108.71,3704.35,107
1993-11-18,18166.32,3685.34,107.1
1993-11-19,17941.19,3694.01,108.3
1993-11-20,17941.19,3694.01,108.3
1993-11-21,17941.19,3694.01,108.3
1993-11-22,17384.84,3670.25,108.27
1993-11-23,17384.84,3674.17,108.45
1993-11-24,17067.11,3687.58,108.15
1993-11-25,17222.92,3687.58,108.15
1993-11-26,16726.37,3683.95,108.75
1993-11-27,16726.37,3683.95,108.75
1993-11-28,16726.37,3683.95,108.75
1993-11-29,16078.71,3677.8,109.27
1993-11-30,16406.54,3683.95,109.08
1993-12-01,17125.31,3697.08,108.7
1993-12-02,17458.75,3702.11,108.74
1993-12-03,17459.35,3704.07,108.46
1993-12-04,17459.35,3704.07,108.46
1993-12-05,17459.35,3704.07,108.46
1993-12-06,16840.38,3710.21,108.23
1993-12-07,16903.49,3718.88,107.6
1993-12-08,16507.95,3734.53,108.62
1993-12-09,17061.91,3729.78,108.75
1993-12-10,17257.43,3740.67,109.18
1993-12-11,17257.43,3740.67,109.18
1993-12-12,17257.43,3740.67,109.18
1993-12-13,17327.33,3764.43,108.98
1993-12-14,17308.73,3742.63,109.38
1993-12-15,17489.15,3716.92,109.66
1993-12-16,17789.28,3726.14,109.72
1993-12-17,18051.91,3751.57,110.1
1993-12-18,18051.91,3751.57,110.1
1993-12-19,18051.91,3751.57,110.1
1993-12-20,17404.24,3755.21,110.55
1993-12-21,17315.43,3745.15,111.08
1993-12-22,17445.74,3762.19,110.57
1993-12-23,17445.74,3757.72,110.55
1993-12-24,17141.11,3757.72,110.95
1993-12-25,17141.11,3757.72,110.95
1993-12-26,17141.11,3757.72,110.95
1993-12-27,16819.88,3792.93,111.53
1993-12-28,17131.21,3793.77,111.35
1993-12-29,17272.03,3794.33,111.6
1993-12-30,17417.24,3775.88,112
1993-12-31,17417.24,3754.09,111.7
1994-01-01,17417.24,3754.09,111.7
1994-01-02,17417.24,3754.09,111.7
1994-01-03,17417.24,3756.6,112.5
1994-01-04,17369.74,3783.9,112.75
1994-01-05,17783.48,3798.82,113.1
1994-01-06,17881.99,3803.88,112.75
1994-01-07,18124.01,3820.77,111.97
1994-01-08,18124.01,3820.77,111.97
1994-01-09,18124.01,3820.77,111.97
1994-01-10,18443.44,3865.51,112.38
1994-01-11,18485.25,3850.31,112.35
1994-01-12,18793.88,3848.63,112.4
1994-01-13,18577.26,3842.43,111.92
1994-01-14,18973.7,3867.2,111.24
1994-01-15,18973.7,3867.2,111.24
1994-01-16,18973.7,3867.2,111.24
1994-01-17,18725.37,3870.29,111.24
1994-01-18,18514.55,3870.29,110.75
1994-01-19,19039.4,3884.37,110.85
1994-01-20,19183.92,3891.96,111.6
1994-01-21,19307.43,3914.48,111.25
1994-01-22,19307.43,3914.48,111.25
1994-01-23,19307.43,3914.48,111.25
1994-01-24,18353.24,3912.79,111.8
1994-01-25,18648.36,3895.34,111.15
1994-01-26,19138.21,3908,110.28
1994-01-27,18891.79,3926.3,109.62
1994-01-28,18757.88,3945.43,109.45
1994-01-29,18757.88,3945.43,109.45
1994-01-30,18757.88,3945.43,109.45
1994-01-31,20229.12,3978.36,108.72
1994-02-01,20416.34,3964.01,108.05
1994-02-02,20250.03,3975.54,108.03
1994-02-03,20174.82,3967.66,108.18
1994-02-04,20301.43,3871.42,108.98
1994-02-05,20301.43,3871.42,108.98
1994-02-06,20301.43,3871.42,108.98
1994-02-07,20014.4,3906.32,108.56
1994-02-08,20251.23,3906.03,108.66
1994-02-09,19841.38,3931.92,107.89
1994-02-10,19990.7,3895.34,108.45
1994-02-11,19990.7,3894.78,107.67
1994-02-12,19990.7,3894.78,107.67
1994-02-13,19990.7,3894.78,107.67
1994-02-14,19459.25,3904.06,104.08
1994-02-15,18974.6,3928.27,103.95
1994-02-16,19052.11,3937.27,103.8
1994-02-17,18931.39,3922.64,104.2
1994-02-18,18959.6,3887.46,104.15
1994-02-19,18959.6,3887.46,104.15
1994-02-20,18959.6,3887.46,104.15
1994-02-21,19393.94,3887.46,104.15
1994-02-22,19342.63,3911.66,105.27
1994-02-23,19341.83,3891.68,105.8
1994-02-24,19765.48,3839.9,105.15
1994-02-25,19803.38,3838.78,104.63
1994-02-26,19803.38,3838.78,104.63
1994-02-27,19803.38,3838.78,104.63
1994-02-28,19997.2,3832.02,104.22
1994-03-01,20216.62,3809.23,104.8
1994-03-02,19744.77,3831.74,103.7
1994-03-03,19605.86,3824.42,103.73
1994-03-04,19966,3832.3,105.6
1994-03-05,19966,3832.3,105.6
1994-03-06,19966,3832.3,105.6
1994-03-07,19811.88,3856.22,105.73
1994-03-08,19898.39,3851.72,105.3
1994-03-09,19839.18,3853.41,105.88
1994-03-10,20090.71,3830.62,105.7
1994-03-11,20115.31,3862.7,105.05
1994-03-12,20115.31,3862.7,105.05
1994-03-13,20115.31,3862.7,105.05
1994-03-14,20526.15,3862.98,106
1994-03-15,20508.85,3849.59,105.97
1994-03-16,20677.77,3848.15,105.85
1994-03-17,20592.16,3865.14,105.82
1994-03-18,20469.45,3895.65,106.05
1994-03-19,20469.45,3895.65,106.05
1994-03-20,20469.45,3895.65,106.05
1994-03-21,20469.45,3864.85,106.25
1994-03-22,20253.53,3862.55,106
1994-03-23,19962.1,3869.46,106.4
1994-03-24,20037.9,3821.09,105.52
1994-03-25,19836.48,3774.73,104.85
1994-03-26,19836.48,3774.73,104.85
1994-03-27,19836.48,3774.73,104.85
1994-03-28,19941.79,3762.35,104.12
1994-03-29,19709.74,3699.02,103.45
1994-03-30,19559.91,3626.75,103.07
1994-03-31,19111.92,3635.96,102.4
1994-04-01,19277.16,3635.96,103.75
1994-04-02,19277.16,3635.96,103.75
1994-04-03,19277.16,3635.96,103.75
1994-04-04,19122.22,3593.35,103.3
1994-04-05,19563.21,3675.41,103.85
1994-04-06,19696.74,3679.73,104.45
1994-04-07,19890.98,3693.26,104.85
1994-04-08,19934.99,3674.26,105.02
1994-04-09,19934.99,3674.26,105.02
1994-04-10,19934.99,3674.26,105.02
1994-04-11,19898.08,3688.83,103.45
1994-04-12,19648.33,3681.69,103.62
1994-04-13,20060.41,3661.47,103.57
1994-04-14,19987.2,3663.25,104.15
1994-04-15,20164.63,3661.47,103.6
1994-04-16,20164.63,3661.47,103.6
1994-04-17,20164.63,3661.47,103.6
1994-04-18,20277.36,3620.42,103.4
1994-04-19,20192.34,3619.82,103.23
1994-04-20,19882.18,3598.71,103.3
1994-04-21,19799.36,3652.54,103.65
1994-04-22,19964.39,3648.68,103.6
1994-04-23,19964.39,3648.68,103.6
1994-04-24,19964.39,3648.68,103.6
1994-04-25,19709.14,3705.78,103.26
1994-04-26,19628.93,3699.54,102.95
1994-04-27,19729.15,3699.54,102.35
1994-04-28,19725.25,3668.31,101.77
1994-04-29,19725.25,3681.69,102.05
1994-04-30,19725.25,3681.69,102.05
1994-05-01,19725.25,3681.69,102.05
1994-05-02,19570.21,3701.02,101.79
1994-05-03,19570.21,3714.41,101.2
1994-05-04,19570.21,3697.75,102
1994-05-05,19570.21,3695.97,102.7
1994-05-06,19862.47,3669.5,102.72
1994-05-07,19862.47,3669.5,102.72
1994-05-08,19862.47,3669.5,102.72
1994-05-09,19786.96,3629.04,102.7
1994-05-10,19917.78,3656.41,104
1994-05-11,20150.13,3629.04,104.42
1994-05-12,20224.24,3652.84,104.23
1994-05-13,20270.75,3659.68,104.9
1994-05-14,20270.75,3659.68,104.9
1994-05-15,20270.75,3659.68,104.9
1994-05-16,20188.44,3671.5,104.8
1994-05-17,20133.53,3720.61,104.37
1994-05-18,20152.73,3732.89,103.55
1994-05-19,20221.34,3758.98,104.25
1994-05-20,20342.17,3766.35,103.97
1994-05-21,20342.17,3766.35,103.97
1994-05-22,20342.17,3766.35,103.97
1994-05-23,20568.71,3742.41,104.33
1994-05-24,20622.12,3745.17,104.9
1994-05-25,20663.63,3755.3,104.5
1994-05-26,20495.8,3753.46,104.45
1994-05-27,20777.16,3757.14,104.3
1994-05-28,20777.16,3757.14,104.3
1994-05-29,20777.16,3757.14,104.3
1994-05-30,20838.97,3757.14,104.3
1994-05-31,20973.59,3758.37,104.74
1994-06-01,21053.11,3760.83,104.7
1994-06-02,21009,3758.99,104.98
1994-06-03,20954.19,3772.22,105.38
1994-06-04,20954.19,3772.22,105.38
1994-06-05,20954.19,3772.22,105.38
1994-06-06,20726.65,3768.52,105.25
1994-06-07,21042.71,3755.91,104.9
1994-06-08,21261.95,3749.45,104.05
1994-06-09,21402.78,3753.14,104.45
1994-06-10,21395.18,3773.45,103.7
1994-06-11,21395.18,3773.45,103.7
1994-06-12,21395.18,3773.45,103.7
1994-06-13,21552.81,3783.12,103
1994-06-14,21353.97,3814.83,102.5
1994-06-15,21282.96,3790.41,102.78
1994-06-16,21367.47,3811.34,103.28
1994-06-17,21503.3,3776.78,102.75
1994-06-18,21503.3,3776.78,102.75
1994-06-19,21503.3,3776.78,102.75
1994-06-20,21152.03,3741.9,101.9
1994-06-21,20813.16,3707.97,101.78
1994-06-22,20581.32,3724.77,101.17
1994-06-23,21040.21,3699.09,101.1
1994-06-24,20766.75,3636.94,100.5
1994-06-25,20766.75,3636.94,100.5
1994-06-26,20766.75,3636.94,100.5
1994-06-27,20300.96,3685.5,100.05
1994-06-28,20639.23,3669.64,100.03
1994-06-29,20481,3667.05,98.82
1994-06-30,20643.93,3624.96,98.51
1994-07-01,20543.41,3646.65,98.51
1994-07-02,20543.41,3646.65,98.51
1994-07-03,20543.41,3646.65,98.51
1994-07-04,20631.93,3646.65,98.51
1994-07-05,20834.37,3652.48,98.87
1994-07-06,20629.03,3674.5,98.23
1994-07-07,20620.02,3688.42,98.86
1994-07-08,20526.51,3709.14,98.1
1994-07-09,20526.51,3709.14,98.1
1994-07-10,20526.51,3709.14,98.1
1994-07-11,20473.09,3702.99,97.37
1994-07-12,20400.48,3702.66,96.81
1994-07-13,20540.41,3704.28,97.9
1994-07-14,20718.04,3739.25,98.4
1994-07-15,20770.15,3753.81,98.1
1994-07-16,20770.15,3753.81,98.1
1994-07-17,20770.15,3753.81,98.1
1994-07-18,20717.64,3755.43,98.51
1994-07-19,20775.16,3748.31,99.2
1994-07-20,20780.76,3727.27,98.55
1994-07-21,20622.92,3732.45,98.55
1994-07-22,20462.89,3735.04,98.55
1994-07-23,20462.89,3735.04,98.55
1994-07-24,20462.89,3735.04,98.55
1994-07-25,20297.66,3741.84,98.95
1994-07-26,20345.37,3735.68,98.03
1994-07-27,20137.23,3720.47,98.18
1994-07-28,20247.85,3730.83,99.18
1994-07-29,20449.39,3764.5,100.05
1994-07-30,20449.39,3764.5,100.05
1994-07-31,20449.39,3764.5,100.05
1994-08-01,20271.35,3798.17,99.35
1994-08-02,20660.13,3796.22,100.37
1994-08-03,20632.73,3792.66,100.42
1994-08-04,20676.84,3765.79,100.2
1994-08-05,20521.7,3747.02,100.37
1994-08-06,20521.7,3747.02,100.37
1994-08-07,20521.7,3747.02,100.37
1994-08-08,20635.83,3753.81,101.33
1994-08-09,20590.22,3755.76,101.2
1994-08-10,20770.25,3766.76,101.2
1994-08-11,20821.36,3750.9,100.85
1994-08-12,20663.83,3768.71,100.27
1994-08-13,20663.83,3768.71,100.27
1994-08-14,20663.83,3768.71,100.27
1994-08-15,20626.33,3760.29,100.1
1994-08-16,20786.36,3784.57,100.31
1994-08-17,20824.56,3776.48,100.31
1994-08-18,20862.77,3755.43,98.85
1994-08-19,20512.7,3755.11,98.57
1994-08-20,20512.7,3755.11,98.57
1994-08-21,20512.7,3755.11,98.57
1994-08-22,20394.58,3751.22,98.01
1994-08-23,20380.78,3775.83,98.4
1994-08-24,20511.6,3846.73,98.62
1994-08-25,20443.29,3829.89,99.71
1994-08-26,20471.49,3881.05,100.4
1994-08-27,20471.49,3881.05,100.4
1994-08-28,20471.49,3881.05,100.4
1994-08-29,20600.42,3898.85,100.05
1994-08-30,20592.12,3917.3,99.63
1994-08-31,20628.53,3913.42,100.11
1994-09-01,20642.93,3901.44,99.63
1994-09-02,20653.83,3885.58,99.2
1994-09-03,20653.83,3885.58,99.2
1994-09-04,20653.83,3885.58,99.2
1994-09-05,20409.18,3885.58,99.2
1994-09-06,20393.98,3898.7,98.77
1994-09-07,20023.8,3886.25,99.25
1994-09-08,19917.78,3908.46,99.48
1994-09-09,19897.88,3874.81,99.2
1994-09-10,19897.88,3874.81,99.2
1994-09-11,19897.88,3874.81,99.2
1994-09-12,19917.28,3860.34,99
1994-09-13,20046.11,3879.86,98.96
1994-09-14,19919.38,3895.33,99.05
1994-09-15,19919.38,3953.88,99.45
1994-09-16,19796.26,3933.35,98.72
1994-09-17,19796.26,3933.35,98.72
1994-09-18,19796.26,3933.35,98.72
1994-09-19,19554.11,3936.72,98.58
1994-09-20,19837.27,3869.09,97.79
1994-09-21,19885.38,3851.6,97.92
1994-09-22,19833.67,3837.13,98.05
1994-09-23,19833.67,3831.75,97.7
1994-09-24,19833.67,3831.75,97.7
1994-09-25,19833.67,3831.75,97.7
1994-09-26,19814.36,3849.24,98.65
1994-09-27,19468.89,3863.04,98.37
1994-09-28,19507.6,3878.18,98.77
1994-09-29,19615.12,3854.63,98.67
1994-09-30,19563.81,3843.19,99.05
1994-10-01,19563.81,3843.19,99.05
1994-10-02,19563.81,3843.19,99.05
1994-10-03,19650.03,3846.89,99.5
1994-10-04,19568.61,3801.13,99.65
1994-10-05,19751.55,3787.34,99.47
1994-10-06,19655.23,3775.56,99.65
1994-10-07,19744.75,3797.43,100.37
1994-10-08,19744.75,3797.43,100.37
1994-10-09,19744.75,3797.43,100.37
1994-10-10,19744.75,3821.32,100.37
1994-10-11,19821.46,3876.83,100.5
1994-10-12,20089.72,3875.15,99.95
1994-10-13,20148.83,3889.95,99.75
1994-10-14,19969.29,3910.47,98.43
1994-10-15,19969.29,3910.47,98.43
1994-10-16,19969.29,3910.47,98.43
1994-10-17,19958.29,3923.93,97.68
1994-10-18,19992.4,3917.54,97.79
1994-10-19,19868.87,3936.04,97.3
1994-10-20,19991.9,3911.15,97.2
1994-10-21,19899.08,3891.3,97.37
1994-10-22,19899.08,3891.3,97.37
1994-10-23,19899.08,3891.3,97.37
1994-10-24,19852.37,3855.3,97.2
1994-10-25,19732.15,3850.59,96.95
1994-10-26,19746.35,3848.23,97.05
1994-10-27,19796.36,3875.15,96.95
1994-10-28,19805.16,3930.66,97.4
1994-10-29,19805.16,3930.66,97.4
1994-10-30,19805.16,3930.66,97.4
1994-10-31,19989.6,3908.12,96.9
1994-11-01,19916.48,3863.37,96.77
1994-11-02,19750.65,3837.13,97
1994-11-03,19750.65,3845.88,98.2
1994-11-04,19811.56,3807.52,97.65
1994-11-05,19811.56,3807.52,97.65
1994-11-06,19811.56,3807.52,97.65
1994-11-07,19619.22,3808.87,97.24
1994-11-08,19609.02,3830.74,96.93
1994-11-09,19423.88,3831.75,97.78
1994-11-10,19264.85,3821.99,97.92
1994-11-11,19284.36,3801.47,97.92
1994-11-12,19284.36,3801.47,97.92
1994-11-13,19284.36,3801.47,97.92
1994-11-14,19261.45,3829.73,98.07
1994-11-15,19391.68,3826.36,98.28
1994-11-16,19306.66,3845.2,98.37
1994-11-17,19336.57,3828.05,98.1
1994-11-18,19302.56,3815.26,98.5
1994-11-19,19302.56,3815.26,98.5
1994-11-20,19302.56,3815.26,98.5
1994-11-21,19121.72,3769.51,98.41
1994-11-22,18962.99,3677.99,98.19
1994-11-23,18962.99,3674.63,98.27
1994-11-24,18701.24,3674.63,98.27
1994-11-25,18666.93,3708.27,98.75
1994-11-26,18666.93,3708.27,98.75
1994-11-27,18666.93,3708.27,98.75
1994-11-28,18811.36,3739.56,98.59
1994-11-29,18926.49,3738.55,98.95
1994-11-30,19075.62,3739.23,98.91
1994-12-01,19013.6,3700.87,99.4
1994-12-02,18998.3,3745.62,100.39
1994-12-03,18998.3,3745.62,100.39
1994-12-04,18998.3,3745.62,100.39
1994-12-05,19305.66,3741.92,100.32
1994-12-06,19340.47,3745.95,100.35
1994-12-07,19174.23,3735.52,100.13
1994-12-08,19180.04,3685.73,100.41
1994-12-09,18978.3,3691.11,100.22
1994-12-10,18978.3,3691.11,100.22
1994-12-11,18978.3,3691.11,100.22
1994-12-12,18975.1,3718.37,100.04
1994-12-13,18875.48,3715.34,100.32
1994-12-14,18931.49,3746.29,100.3
1994-12-15,19121.12,3765.47,100.26
1994-12-16,19163.43,3807.19,100.28
1994-12-17,19163.43,3807.19,100.28
1994-12-18,19163.43,3807.19,100.28
1994-12-19,19270.85,3790.7,100.15
1994-12-20,19406.98,3767.15,100.32
1994-12-21,19340.67,3801.8,100.23
1994-12-22,19633.53,3814.92,100.45
1994-12-23,19633.53,3833.43,100.22
1994-12-24,19633.53,3833.43,100.22
1994-12-25,19633.53,3833.43,100.22
1994-12-26,19726.75,3833.43,100.22
1994-12-27,19711.36,3861.69,100.46
1994-12-28,19665.53,3839.49,100.33
1994-12-29,19752.98,3833.43,99.65
1994-12-30,19723.06,3834.44,99.6
1994-12-31,19723.06,3834.44,99.6
1995-01-01,19723.06,3834.44,99.6
1995-01-02,19723.06,3834.44,99.6
1995-01-03,19723.06,3838.48,100.52
1995-01-04,19684.04,3857.65,101.4
1995-01-05,19616.11,3850.92,100.97
1995-01-06,19519.46,3867.41,101.37
1995-01-07,19519.46,3867.41,101.37
1995-01-08,19519.46,3867.41,101.37
1995-01-09,19444.92,3861.35,100.33
1995-01-10,19501.45,3866.74,100.4
1995-01-11,19548.47,3862.03,99.9
1995-01-12,19410.01,3859,98.8
1995-01-13,19331.17,3908.46,98.77
1995-01-14,19331.17,3908.46,98.77
1995-01-15,19331.17,3908.46,98.77
1995-01-16,19331.17,3932.34,98.77
1995-01-17,19241.32,3930.66,99
1995-01-18,19223.31,3928.98,99.55
1995-01-19,19075.74,3882.21,99.43
1995-01-20,18840.22,3869.43,99.4
1995-01-21,18840.22,3869.43,99.4
1995-01-22,18840.22,3869.43,99.4
1995-01-23,17785.49,3867.41,99.75
1995-01-24,18060.73,3862.7,99.64
1995-01-25,18159.48,3871.45,99.6
1995-01-26,18070.84,3870.44,99.31
1995-01-27,18104.35,3857.99,99.35
1995-01-28,18104.35,3857.99,99.35
1995-01-29,18104.35,3857.99,99.35
1995-01-30,18752.88,3832.08,98.4
1995-01-31,18649.82,3843.86,99.43
1995-02-01,18739.47,3847.56,99.4
1995-02-02,18604.3,3870.77,99.5
1995-02-03,18538.97,3928.64,99.75
1995-02-04,18538.97,3928.64,99.75
1995-02-05,18538.97,3928.64,99.75
1995-02-06,18667.23,3937.73,99.3
1995-02-07,18500.55,3937.39,99.42
1995-02-08,18290.25,3935.37,98.98
1995-02-09,18099.55,3932.68,98.85
1995-02-10,18291.35,3939.07,98.86
1995-02-11,18291.35,3939.07,98.86
1995-02-12,18291.35,3939.07,98.86
1995-02-13,18313.86,3954.21,98.66
1995-02-14,18138.47,3958.25,98.65
1995-02-15,17991,3986.17,98.52
1995-02-16,17780.59,3987.52,97.55
1995-02-17,18020.51,3953.54,97.48
1995-02-18,18020.51,3953.54,97.48
1995-02-19,18020.51,3953.54,97.48
1995-02-20,17956.48,3953.54,97.48
1995-02-21,18096.25,3963.97,97.3
1995-02-22,18106.65,3973.05,97.03
1995-02-23,17830.02,4003.33,96.8
1995-02-24,17472.94,4011.74,97.1
1995-02-25,17472.94,4011.74,97.1
1995-02-26,17472.94,4011.74,97.1
1995-02-27,16808.7,3988.57,96.75
1995-02-28,17053.43,4011.05,96.6
1995-03-01,16618.71,3994.8,96.75
1995-03-02,16963.18,3979.93,95.81
1995-03-03,17039.62,3989.61,94.4
1995-03-04,17039.62,3989.61,94.4
1995-03-05,17039.62,3989.61,94.4
1995-03-06,17040.72,3997.56,92.6
1995-03-07,16955.28,3962.63,90.85
1995-03-08,16621.31,3979.23,91.27
1995-03-09,16763.08,3983.39,90.57
1995-03-10,16358.38,4035.61,91.23
1995-03-11,16358.38,4035.61,91.23
1995-03-12,16358.38,4035.61,91.23
1995-03-13,16477.64,4025.23,90.5
1995-03-14,16245.82,4048.75,90.97
1995-03-15,16666.83,4038.37,89.4
1995-03-16,16355.68,4069.15,90.3
1995-03-17,16251.23,4073.65,89.19
1995-03-18,16251.23,4073.65,89.19
1995-03-19,16251.23,4073.65,89.19
1995-03-20,16129.96,4083.68,89.42
1995-03-21,16129.96,4072.61,89.38
1995-03-22,15904.85,4082.99,88.92
1995-03-23,15813.41,4087.83,88.31
1995-03-24,15749.77,4138.67,89.1
1995-03-25,15749.77,4138.67,89.1
1995-03-26,15749.77,4138.67,89.1
1995-03-27,16096.25,4157.34,89.07
1995-03-28,16681.73,4151.81,89.22
1995-03-29,16460.73,4160.8,88.31
1995-03-30,16512.22,4172.56,89.53
1995-03-31,16139.95,4157.69,86.85
1995-04-01,16139.95,4157.69,86.85
1995-04-02,16139.95,4157.69,86.85
1995-04-03,15381.29,4168.41,86.25
1995-04-04,15630.53,4201.61,86.36
1995-04-05,15882.49,4200.57,86.25
1995-04-06,15815.87,4205.41,85.47
1995-04-07,15719.5,4192.62,84.32
1995-04-08,15719.5,4192.62,84.32
1995-04-09,15719.5,4192.62,84.32
1995-04-10,16163.09,4198.15,83.1
1995-04-11,16268.88,4187.08,83.8
1995-04-12,16344.92,4197.81,84
1995-04-13,16438.79,4208.18,83.59
1995-04-14,16047.89,4208.18,83.35
1995-04-15,16047.89,4208.18,83.35
1995-04-16,16047.89,4208.18,83.35
1995-04-17,16304.15,4195.38,82.1
1995-04-18,16225.11,4179.13,81.4
1995-04-19,16376.08,4207.49,81.12
1995-04-20,16643.06,4230.66,82.95
1995-04-21,16968.24,4270.09,82.92
1995-04-22,16968.24,4270.09,82.92
1995-04-23,16968.24,4270.09,82.92
1995-04-24,16804.05,4303.98,83.26
1995-04-25,16910.54,4300.17,81.95
1995-04-26,16826.49,4299.83,83.98
1995-04-27,16883.99,4314.7,83.58
1995-04-28,16806.75,4321.27,84.04
1995-04-29,16806.75,4321.27,84.04
1995-04-30,16806.75,4321.27,84.04
1995-05-01,16811.46,4316.08,83.53
1995-05-02,17088.66,4328.88,83.69
1995-05-03,17088.66,4373.15,83.45
1995-05-04,17088.66,4359.66,83.62
1995-05-05,17088.66,4343.4,84.03
1995-05-06,17088.66,4343.4,84.03
1995-05-07,17088.66,4343.4,84.03
1995-05-08,17103.69,4383.87,83
1995-05-09,16958.22,4390.78,82.95
1995-05-10,16826.49,4404.62,83.87
1995-05-11,16461.73,4411.19,85.8
1995-05-12,16420.76,4430.56,87
1995-05-13,16420.76,4430.56,87
1995-05-14,16420.76,4430.56,87
1995-05-15,16609.7,4437.47,86.86
1995-05-16,16388.9,4435.05,86.2
1995-05-17,16471.35,4422.6,86.73
1995-05-18,16312.56,4340.64,87.43
1995-05-19,16140.85,4341.33,86.77
1995-05-20,16140.85,4341.33,86.77
1995-05-21,16140.85,4341.33,86.77
1995-05-22,15789.12,4395.63,87.47
1995-05-23,15916.15,4436.44,87.38
1995-05-24,15970.75,4438.16,87.15
1995-05-25,15579.44,4412.23,85.05
1995-05-26,15694.25,4369,82.85
1995-05-27,15694.25,4369,82.85
1995-05-28,15694.25,4369,82.85
1995-05-29,15574.03,4369,82.85
1995-05-30,15762.97,4378.68,83
1995-05-31,15436.79,4465.14,84.65
1995-06-01,15594.57,4472.75,84.95
1995-06-02,15849.13,4444.39,84.9
1995-06-03,15849.13,4444.39,84.9
1995-06-04,15849.13,4444.39,84.9
1995-06-05,15897.32,4476.55,84.63
1995-06-06,15660.99,4485.2,85.1
1995-06-07,15679.62,4462.03,84.24
1995-06-08,15442.3,4458.57,84.9
1995-06-09,15044.18,4423.99,84.4
1995-06-10,15044.18,4423.99,84.4
1995-06-11,15044.18,4423.99,84.4
1995-06-12,14813.46,4446.46,83.92
1995-06-13,14599.68,4484.51,84.33
1995-06-14,14660.49,4491.08,84.4
1995-06-15,14867.26,4496.27,84.82
1995-06-16,14703.17,4510.79,84.66
1995-06-17,14703.17,4510.79,84.66
1995-06-18,14703.17,4510.79,84.66
1995-06-19,14700.06,4553.68,84.95
1995-06-20,14665.7,4550.56,84.65
1995-06-21,14951.21,4547.1,84.38
1995-06-22,14926.37,4589.64,84.65
1995-06-23,15265.18,4585.84,84.5
1995-06-24,15265.18,4585.84,84.5
1995-06-25,15265.18,4585.84,84.5
1995-06-26,15145.36,4551.25,84.34
1995-06-27,14759.05,4542.61,84.08
1995-06-28,14618.07,4556.79,85.7
1995-06-29,14507.17,4550.56,84.7
1995-06-30,14517.4,4556.1,84.78
1995-07-01,14517.4,4556.1,84.78
1995-07-02,14517.4,4556.1,84.78
1995-07-03,14485.41,4585.15,84.8
1995-07-04,14755.74,4585.15,84.8
1995-07-05,14830.44,4615.23,84.94
1995-07-06,15256.89,4664,85.18
1995-07-07,16213.08,4702.73,86.77
1995-07-08,16213.08,4702.73,86.77
1995-07-09,16213.08,4702.73,86.77
1995-07-10,16242.66,4702.39,87.09
1995-07-11,16588.19,4680.6,87.45
1995-07-12,16605.74,4727.29,87.51
1995-07-13,16505.67,4727.48,87.4
1995-07-14,16517.7,4708.82,87.89
1995-07-15,16517.7,4708.82,87.89
1995-07-16,16517.7,4708.82,87.89
1995-07-17,16842.47,4736.29,88.65
1995-07-18,16574.35,4686.28,88.35
1995-07-19,16422.44,4628.87,87.75
1995-07-20,16453.42,4641.55,87.76
1995-07-21,16589.09,4641.55,88.55
1995-07-22,16589.09,4641.55,88.55
1995-07-23,16589.09,4641.55,88.55
1995-07-24,16591.5,4668.67,87.55
1995-07-25,16148.4,4714.45,87.88
1995-07-26,16387.25,4707.06,87.95
1995-07-27,16625.19,4732.77,87.95
1995-07-28,16649.45,4715.51,88.18
1995-07-29,16649.45,4715.51,88.18
1995-07-30,16649.45,4715.51,88.18
1995-07-31,16677.53,4708.47,88.34
1995-08-01,16358.57,4700.37,88.43
1995-08-02,16720.75,4690.15,90.82
1995-08-03,16893.71,4701.42,90.45
1995-08-04,16741.2,4683.46,91.25
1995-08-05,16741.2,4683.46,91.25
1995-08-06,16741.2,4683.46,91.25
1995-08-07,16615.46,4693.32,91.3
1995-08-08,16838.97,4693.32,91.77
1995-08-09,16789.33,4671.49,91.57
1995-08-10,16728.97,4643.66,92.83
1995-08-11,16792.34,4618.3,93.77
1995-08-12,16792.34,4618.3,93.77
1995-08-13,16792.34,4618.3,93.77
1995-08-14,16916.57,4659.86,93.61
1995-08-15,17452.72,4640.84,96.68
1995-08-16,18158.73,4639.08,97.8
1995-08-17,18149.7,4630.63,97.85
1995-08-18,18032.49,4617.6,96.95
1995-08-19,18032.49,4617.6,96.95
1995-08-20,18032.49,4617.6,96.95
1995-08-21,17871.05,4614.78,96.55
1995-08-22,17877.77,4620.42,96.73
1995-08-23,17731.98,4584.85,96.5
1995-08-24,17921.99,4580.62,96.55
1995-08-25,17770.68,4601.4,96.64
1995-08-26,17770.68,4601.4,96.64
1995-08-27,17770.68,4601.4,96.64
1995-08-28,17847.29,4594,96.6
1995-08-29,18135.16,4608.44,97.63
1995-08-30,17983.86,4604.6,98.95
1995-08-31,18117.22,4610.56,97.75
1995-09-01,18120.73,4647.54,97.49
1995-09-02,18120.73,4647.54,97.49
1995-09-03,18120.73,4647.54,97.49
1995-09-04,17748.52,4647.54,97.49
1995-09-05,17794.04,4670.08,97.77
1995-09-06,17620.38,4683.81,98.79
1995-09-07,17621.18,4669.72,98.58
1995-09-08,18279.55,4700.72,99.75
1995-09-09,18279.55,4700.72,99.75
1995-09-10,18279.55,4700.72,99.75
1995-09-11,18486.11,4704.94,99.78
1995-09-12,18472.17,4747.21,100.87
1995-09-13,18614.26,4765.52,102.5
1995-09-14,18758.55,4801.8,102.55
1995-09-15,18758.55,4797.57,103.52
1995-09-16,18758.55,4797.57,103.52
1995-09-17,18758.55,4797.57,103.52
1995-09-18,18319.16,4780.41,103.55
1995-09-19,18474.38,4767.04,104.2
1995-09-20,18198.64,4792.69,103.25
1995-09-21,18034.79,4767.4,100.1
1995-09-22,17713.93,4764.15,98.5
1995-09-23,17713.93,4764.15,98.5
1995-09-24,17713.93,4764.15,98.5
1995-09-25,17566.43,4769.93,99.88
1995-09-26,17921.98,4765.6,100.83
1995-09-27,18262.43,4762.35,100.17
1995-09-28,18022.86,4787.64,99.73
1995-09-29,17913.06,4789.08,99.1
1995-09-30,17913.06,4789.08,99.1
1995-10-01,17913.06,4789.08,99.1
1995-10-02,17739.84,4761.26,100.72
1995-10-03,18142.99,4749.7,101.65
1995-10-04,18145.08,4740.67,100.73
1995-10-05,18220.41,4762.71,100.25
1995-10-06,18506.28,4769.21,100.85
1995-10-07,18506.28,4769.21,100.85
1995-10-08,18506.28,4769.21,100.85
1995-10-09,18176.27,4726.22,100.85
1995-10-10,18176.27,4720.8,100.64
1995-10-11,17891.19,4735.25,100.9
1995-10-12,17971.4,4764.88,100.28
1995-10-13,17880.83,4793.78,100.8
1995-10-14,17880.83,4793.78,100.8
1995-10-15,17880.83,4793.78,100.8
1995-10-16,18016.44,4784.38,100.45
1995-10-17,17916.6,4795.95,100.33
1995-10-18,17895.97,4777.52,100.62
1995-10-19,17955.36,4802.45,100.59
1995-10-20,18157.33,4794.86,100.25
1995-10-21,18157.33,4794.86,100.25
1995-10-22,18157.33,4794.86,100.25
1995-10-23,18156.24,4755.48,99.7
1995-10-24,18014.25,4783.66,100.17
1995-10-25,17970.81,4753.68,101.27
1995-10-26,17726.68,4703.82,101.8
1995-10-27,17337.19,4741.75,101.71
1995-10-28,17337.19,4741.75,101.71
1995-10-29,17337.19,4741.75,101.71
1995-10-30,17509.17,4756.57,101.65
1995-10-31,17654.64,4755.48,102.26
1995-11-01,17474.49,4766.68,103.07
1995-11-02,18028.8,4808.59,103.59
1995-11-03,18028.8,4825.57,103.88
1995-11-04,18028.8,4825.57,103.88
1995-11-05,18028.8,4825.57,103.88
1995-11-06,18036.97,4814.01,103.2
1995-11-07,18021.22,4797.03,103.18
1995-11-08,17863.29,4852.67,102.5
1995-11-09,17821.04,4864.23,100.75
1995-11-10,17843.56,4870.37,100.95
1995-11-11,17843.56,4870.37,100.95
1995-11-12,17843.56,4870.37,100.95
1995-11-13,17789.46,4872.9,101.7
1995-11-14,17802.51,4871.81,101.68
1995-11-15,17682.74,4922.75,100.9
1995-11-16,17939.52,4969.36,102.15
1995-11-17,18151.16,4989.95,102.03
1995-11-18,18151.16,4989.95,102.03
1995-11-19,18151.16,4989.95,102.03
1995-11-20,18383.82,4983.09,101.35
1995-11-21,18384.32,5023.55,101.63
1995-11-22,18239.84,5041.61,100.5
1995-11-23,18239.84,5041.61,100.5
1995-11-24,18215.23,5048.84,101.5
1995-11-25,18215.23,5048.84,101.5
1995-11-26,18215.23,5048.84,101.5
1995-11-27,18543.14,5070.88,101.8
1995-11-28,18688.42,5078.1,101.12
1995-11-29,18533.98,5105.56,101.46
1995-11-30,18744.42,5074.49,101.8
1995-12-01,18833.1,5087.13,101.2
1995-12-02,18833.1,5087.13,101.2
1995-12-03,18833.1,5087.13,101.2
1995-12-04,18897.37,5139.52,101.05
1995-12-05,18879.53,5177.45,101.42
1995-12-06,19067.86,5199.13,101.37
1995-12-07,19412.32,5159.39,101.4
1995-12-08,19286.97,5156.86,100.95
1995-12-09,19286.97,5156.86,100.95
1995-12-10,19286.97,5156.86,100.95
1995-12-11,19226.78,5184.32,101.07
1995-12-12,19312.77,5174.92,101.85
1995-12-13,19283.48,5216.47,101.75
1995-12-14,19499.3,5182.15,101.5
1995-12-15,19346.55,5176.73,102.14
1995-12-16,19346.55,5176.73,102.14
1995-12-17,19346.55,5176.73,102.14
1995-12-18,19311.08,5075.21,101.7
1995-12-19,19140.49,5109.89,101.85
1995-12-20,19448.59,5059.32,102
1995-12-21,19653.25,5096.53,101.81
1995-12-22,19744.42,5097.97,102.6
1995-12-23,19744.42,5097.97,102.6
1995-12-24,19744.42,5097.97,102.6
1995-12-25,19775.41,5097.97,102.6
1995-12-26,19904.72,5110.26,102.38
1995-12-27,20011.76,5105.92,102.8
1995-12-28,19873.13,5095.8,102.87
1995-12-29,19868.15,5117.12,103.28
1995-12-30,19868.15,5117.12,103.28
1995-12-31,19868.15,5117.12,103.28
1996-01-01,19868.15,5117.12,103.28
1996-01-02,19868.15,5177.45,103.92
1996-01-03,19868.15,5194.07,104.35
1996-01-04,20618,5173.84,106.41
1996-01-05,20669.03,5181.43,105.13
1996-01-06,20669.03,5181.43,105.13
1996-01-07,20669.03,5181.43,105.13
1996-01-08,20563.58,5197.7,105.8
1996-01-09,20652.08,5130.13,104.9
1996-01-10,20612.32,5032.94,105.28
1996-01-11,20377.92,5065.1,104.8
1996-01-12,20287.42,5061.12,105.07
1996-01-13,20287.42,5061.12,105.07
1996-01-14,20287.42,5061.12,105.07
1996-01-15,20287.42,5043.78,105.07
1996-01-16,20567.07,5088.22,105.88
1996-01-17,20570.26,5066.9,105.38
1996-01-18,20370.04,5124.35,105.44
1996-01-19,20365.76,5184.68,105.4
1996-01-20,20365.76,5184.68,105.4
1996-01-21,20365.76,5184.68,105.4
1996-01-22,20196.53,5219.36,105.76
1996-01-23,20080.92,5192.27,105.8
1996-01-24,20312.74,5242.84,106.92
1996-01-25,20414.69,5216.83,106.9
1996-01-26,20663.84,5271.75,106.6
1996-01-27,20663.84,5271.75,106.6
1996-01-28,20663.84,5271.75,106.6
1996-01-29,20589.2,5304.98,106.8
1996-01-30,20722.44,5381.21,107.29
1996-01-31,20812.74,5395.3,106.95
1996-02-01,20935.12,5405.06,107.08
1996-02-02,20904.03,5373.99,106.7
1996-02-03,20904.03,5373.99,106.7
1996-02-04,20904.03,5373.99,106.7
1996-02-05,20653.38,5407.59,105.02
1996-02-06,20751.15,5459.61,105.54
1996-02-07,20943.49,5492.12,106.2
1996-02-08,21118.3,5539.45,106.9
1996-02-09,20934.82,5541.62,107.1
1996-02-10,20934.82,5541.62,107.1
1996-02-11,20934.82,5541.62,107.1
1996-02-12,20934.82,5600.15,106.67
1996-02-13,20784.23,5601.23,106.93
1996-02-14,20943.59,5579.55,106.77
1996-02-15,20886.19,5551.37,106.18
1996-02-16,20802.77,5503.32,105.35
1996-02-17,20802.77,5503.32,105.35
1996-02-18,20802.77,5503.32,105.35
1996-02-19,20721.25,5503.32,105.35
1996-02-20,20655.67,5458.53,106.1
1996-02-21,20372.23,5515.97,105.25
1996-02-22,20340.94,5608.46,104.95
1996-02-23,20300.38,5630.49,104.73
1996-02-24,20300.38,5630.49,104.73
1996-02-25,20300.38,5630.49,104.73
1996-02-26,20480.27,5565.1,104.33
1996-02-27,20000.4,5549.21,104.37
1996-02-28,19919.97,5506.21,104.47
1996-02-29,20125.37,5485.62,105.12
1996-03-01,20168.63,5536.56,105.7
1996-03-02,20168.63,5536.56,105.7
1996-03-03,20168.63,5536.56,105.7
1996-03-04,20063.88,5600.15,105.05
1996-03-05,20183.87,5642.42,105.1
1996-03-06,20241.18,5629.77,105.37
1996-03-07,19957.15,5641.69,105.25
1996-03-08,20155.87,5470.45,105.94
1996-03-09,20155.87,5470.45,105.94
1996-03-10,20155.87,5470.45,105.94
1996-03-11,19796.29,5581,105.35
1996-03-12,19950.27,5583.89,105.54
1996-03-13,19734.7,5568.72,105.29
1996-03-14,19923.66,5586.06,105.48
1996-03-15,20190.85,5584.97,105.87
1996-03-16,20190.85,5584.97,105.87
1996-03-17,20190.85,5584.97,105.87
1996-03-18,20285.13,5683.6,106.02
1996-03-19,20442.6,5669.51,106.26
1996-03-20,20442.6,5655.42,106.44
1996-03-21,20727.53,5626.88,106.72
1996-03-22,20700.92,5636.64,106.8
1996-03-23,20700.92,5636.64,106.8
1996-03-24,20700.92,5636.64,106.8
1996-03-25,20915.44,5643.86,106.19
1996-03-26,21014.77,5670.6,106.39
1996-03-27,21329.98,5626.88,106.64
1996-03-28,21295.82,5630.85,106.34
1996-03-29,21406.85,5587.14,107
1996-03-30,21406.85,5587.14,107
1996-03-31,21406.85,5587.14,107
1996-04-01,21560.39,5637.72,107.53
1996-04-02,21600.08,5671.68,107.48
1996-04-03,21464.73,5689.74,106.94
1996-04-04,21471.16,5682.88,107.09
1996-04-05,21695.84,5682.88,107.67
1996-04-06,21695.84,5682.88,107.67
1996-04-07,21695.84,5682.88,107.67
1996-04-08,21424.24,5594.37,107.42
1996-04-09,21744.17,5560.41,108.18
1996-04-10,21791.7,5485.98,108.56
1996-04-11,21694.43,5487.07,108.52
1996-04-12,21660.47,5532.59,108.67
1996-04-13,21660.47,5532.59,108.67
1996-04-14,21660.47,5532.59,108.67
1996-04-15,21883.04,5592.92,108.36
1996-04-16,21868.17,5620.02,108.28
1996-04-17,21816.22,5549.93,108.27
1996-04-18,21812.5,5551.74,107.1
1996-04-19,21883.84,5535.48,107.1
1996-04-20,21883.84,5535.48,107.1
1996-04-21,21883.84,5535.48,107.1
1996-04-22,22123.89,5564.74,106.7
1996-04-23,22119.88,5588.59,106.59
1996-04-24,22282.05,5553.9,106.77
1996-04-25,22230.1,5566.91,106.47
1996-04-26,22235.03,5567.99,105.54
1996-04-27,22235.03,5567.99,105.54
1996-04-28,22235.03,5567.99,105.54
1996-04-29,22235.03,5573.41,104.52
1996-04-30,22041.3,5569.08,104.63
1996-05-01,21815.01,5575.22,105.08
1996-05-02,21662.38,5498.27,104.49
1996-05-03,21662.38,5478.03,104.83
1996-05-04,21662.38,5478.03,104.83
1996-05-05,21662.38,5478.03,104.83
1996-05-06,21662.38,5464.31,104.93
1996-05-07,21495.28,5420.95,104.97
1996-05-08,21728.6,5474.06,105.15
1996-05-09,21411.88,5475.14,104.8
1996-05-10,21420.12,5518.14,105.5
1996-05-11,21420.12,5518.14,105.5
1996-05-12,21420.12,5518.14,105.5
1996-05-13,21171.82,5582.6,104.96
1996-05-14,21301.05,5624.71,105.8
1996-05-15,22055.97,5625.44,106.85
1996-05-16,22147.21,5635.05,106.67
1996-05-17,21916.6,5687.5,106.53
1996-05-18,21916.6,5687.5,106.53
1996-05-19,21916.6,5687.5,106.53
1996-05-20,21979,5748.82,107.14
1996-05-21,22091.74,5736.26,107
1996-05-22,21958,5778,107.04
1996-05-23,21724.08,5762.12,106.78
1996-05-24,21798.43,5762.86,107.9
1996-05-25,21798.43,5762.86,107.9
1996-05-26,21798.43,5762.86,107.9
1996-05-27,21699.76,5762.86,107.9
1996-05-28,21944.53,5709.67,108.7
1996-05-29,22021.5,5673.83,108.77
1996-05-30,21886.35,5693.41,107.65
1996-05-31,21956.19,5643.18,107.99
1996-06-01,21956.19,5643.18,107.99
1996-06-02,21956.19,5643.18,107.99
1996-06-03,21588.52,5624.71,108.37
1996-06-04,21858.12,5665.71,109.2
1996-06-05,21881.43,5697.48,108.84
1996-06-06,21804.46,5667.19,109.26
1996-06-07,21751.81,5697.11,109.23
1996-06-08,21751.81,5697.11,109.23
1996-06-09,21751.81,5697.11,109.23
1996-06-10,21719.15,5687.87,109.07
1996-06-11,21817.62,5668.66,109.5
1996-06-12,22104.8,5668.29,109.47
1996-06-13,22082.4,5657.95,108.85
1996-06-14,22289.39,5649.45,108.87
1996-06-15,22289.39,5649.45,108.87
1996-06-16,22289.39,5649.45,108.87
1996-06-17,22245.38,5652.78,108.85
1996-06-18,22332.4,5628.03,108.04
1996-06-19,22367.36,5648.35,108.05
1996-06-20,22437.3,5659.43,108.1
1996-06-21,22530.65,5705.23,109.1
1996-06-22,22530.65,5705.23,109.1
1996-06-23,22530.65,5705.23,109.1
1996-06-24,22603.2,5717.79,108.94
1996-06-25,22597.17,5719.27,109.03
1996-06-26,22666.8,5682.7,109.5
1996-06-27,22501.61,5677.53,109.45
1996-06-28,22530.75,5654.63,109.48
1996-06-29,22530.75,5654.63,109.48
1996-06-30,22530.75,5654.63,109.48
1996-07-01,22455.49,5729.98,109.56
1996-07-02,22347.97,5720.38,110.1
1996-07-03,22379.02,5703.02,110.31
1996-07-04,22292.91,5703.02,110.31
1996-07-05,22232.42,5588.14,110.95
1996-07-06,22232.42,5588.14,110.95
1996-07-07,22232.42,5588.14,110.95
1996-07-08,21924.94,5550.83,110.94
1996-07-09,21919.82,5581.86,110.28
1996-07-10,21778.94,5603.65,110.18
1996-07-11,21892.58,5520.54,110.18
1996-07-12,21656.45,5510.56,110.69
1996-07-13,21656.45,5510.56,110.69
1996-07-14,21656.45,5510.56,110.69
1996-07-15,21753.42,5349.51,110.45
1996-07-16,21406.35,5358.76,109.15
1996-07-17,21412.88,5376.88,108.62
1996-07-18,21566.42,5464.18,107.93
1996-07-19,21476.29,5426.82,108.22
1996-07-20,21476.29,5426.82,108.22
1996-07-21,21476.29,5426.82,108.22
1996-07-22,21005.63,5390.94,107.5
1996-07-23,21163.69,5346.55,108.09
1996-07-24,20631.03,5354.69,108.29
1996-07-25,20883.84,5422.01,108.38
1996-07-26,21124.9,5473.06,108.33
1996-07-27,21124.9,5473.06,108.33
1996-07-28,21124.9,5473.06,108.33
1996-07-29,20967.54,5434.59,109.2
1996-07-30,20880.33,5481.93,108.08
1996-07-31,20692.83,5528.91,106.77
1996-08-01,20984.83,5594.75,106.75
1996-08-02,20940.41,5679.83,107.05
1996-08-03,20940.41,5679.83,107.05
1996-08-04,20940.41,5679.83,107.05
1996-08-05,21077.47,5674.28,106.64
1996-08-06,20744.88,5696.11,106.92
1996-08-07,20477.59,5718.67,107.95
1996-08-08,20731.31,5713.49,108.14
1996-08-09,20551.05,5681.31,108.12
1996-08-10,20551.05,5681.31,108.12
1996-08-11,20551.05,5681.31,108.12
1996-08-12,20666.6,5704.98,107.72
1996-08-13,20864.95,5647.28,107.59
1996-08-14,20981.11,5666.9,107.94
1996-08-15,20968.25,5665.78,108.01
1996-08-16,20834,5689.45,107.96
1996-08-17,20834,5689.45,107.96
1996-08-18,20834,5689.45,107.96
1996-08-19,21106.41,5699.44,107.87
1996-08-20,21127.01,5721.26,108.3
1996-08-21,21275.02,5689.82,108.34
1996-08-22,21363.24,5733.47,108.23
1996-08-23,21228.8,5722.74,108.4
1996-08-24,21228.8,5722.74,108.4
1996-08-25,21228.8,5722.74,108.4
1996-08-26,20883.74,5693.89,107.7
1996-08-27,20910.27,5711.27,107.78
1996-08-28,20709.81,5712.38,108.44
1996-08-29,20553.16,5647.65,108.5
1996-08-30,20166.9,5616.21,108.7
1996-08-31,20166.9,5616.21,108.7
1996-09-01,20166.9,5616.21,108.7
1996-09-02,20107.11,5616.21,108.7
1996-09-03,20198.15,5648.39,109.28
1996-09-04,20201.87,5656.9,108.85
1996-09-05,20379.82,5606.96,109.09
1996-09-06,20152.53,5659.86,109.37
1996-09-07,20152.53,5659.86,109.37
1996-09-08,20152.53,5659.86,109.37
1996-09-09,20202.27,5733.84,109.19
1996-09-10,20559.59,5727.18,109.84
1996-09-11,20571.04,5754.92,110.25
1996-09-12,20443.93,5771.94,110.3
1996-09-13,20842.64,5838.52,110.44
1996-09-14,20842.64,5838.52,110.44
1996-09-15,20842.64,5838.52,110.44
1996-09-16,20842.64,5889.2,110.15
1996-09-17,21310.59,5888.83,110.39
1996-09-18,21156.75,5877.36,109.21
1996-09-19,21322.85,5867.74,109.38
1996-09-20,21112.24,5888.46,109.87
1996-09-21,21112.24,5888.46,109.87
1996-09-22,21112.24,5888.46,109.87
1996-09-23,21112.24,5894.74,109.86
1996-09-24,21171.99,5874.03,109.82
1996-09-25,21350.67,5877.36,110.38
1996-09-26,21461.37,5868.85,110.45
1996-09-27,21547.02,5872.92,110.85
1996-09-28,21547.02,5872.92,110.85
1996-09-29,21547.02,5872.92,110.85
1996-09-30,21556.4,5882.17,111.65
1996-10-01,21462.97,5904.9,111.37
1996-10-02,21498.6,5933.97,111.66
1996-10-03,21331.5,5932.85,111.48
1996-10-04,21148.03,5992.86,111.63
1996-10-05,21148.03,5992.86,111.63
1996-10-06,21148.03,5992.86,111.63
1996-10-07,21161.01,5979.81,111.27
1996-10-08,21038.53,5966.77,111.31
1996-10-09,20870.83,5930.62,111.47
1996-10-10,20870.83,5921.67,111.28
1996-10-11,20968.16,5969.38,111.66
1996-10-12,20968.16,5969.38,111.66
1996-10-13,20968.16,5969.38,111.66
1996-10-14,21029.25,6010,111.66
1996-10-15,21429.93,6004.78,112.28
1996-10-16,21397.19,6020.81,112.14
1996-10-17,21423.74,6059.2,112.22
1996-10-18,21612.3,6094.23,112.54
1996-10-19,21612.3,6094.23,112.54
1996-10-20,21612.3,6094.23,112.54
1996-10-21,21302.95,6090.87,112.76
1996-10-22,21123.68,6061.8,112.86
1996-10-23,21082.15,6036.46,112.97
1996-10-24,21003.49,5992.48,112.85
1996-10-25,20739.97,6007.02,113.33
1996-10-26,20739.97,6007.02,113.33
1996-10-27,20739.97,6007.02,113.33
1996-10-28,20885.41,5972.73,114.12
1996-10-29,20958.08,6007.02,114.11
1996-10-30,20681.67,5993.23,113.97
1996-10-31,20466.86,6029.38,113.79
1996-11-01,20633.06,6021.93,113.28
1996-11-02,20633.06,6021.93,113.28
1996-11-03,20633.06,6021.93,113.28
1996-11-04,20633.06,6041.68,113.97
1996-11-05,20592.33,6081.18,114.22
1996-11-06,20991.52,6177.71,113.98
1996-11-07,20771.11,6206.04,111.54
1996-11-08,21201.04,6219.82,111.63
1996-11-09,21201.04,6219.82,111.63
1996-11-10,21201.04,6219.82,111.63
1996-11-11,21065.08,6255.6,111.63
1996-11-12,21206.43,6266.04,111.5
1996-11-13,20979.44,6274.24,111.41
1996-11-14,21031.04,6313,111.29
1996-11-15,20929.73,6348.03,111.3
1996-11-16,20929.73,6348.03,111.3
1996-11-17,20929.73,6348.03,111.3
1996-11-18,20796.37,6346.91,111.31
1996-11-19,20956.18,6397.6,111.55
1996-11-20,21189.96,6430.02,111.25
1996-11-21,21143.34,6418.47,111.42
1996-11-22,21216.11,6471.76,111.41
1996-11-23,21216.11,6471.76,111.41
1996-11-24,21216.11,6471.76,111.41
1996-11-25,21293.57,6547.79,112.69
1996-11-26,21418.25,6528.41,112.66
1996-11-27,21345.28,6499.34,113.33
1996-11-28,21035.54,6499.34,113.33
1996-11-29,21020.36,6521.7,113.88
1996-11-30,21020.36,6521.7,113.88
1996-12-01,21020.36,6521.7,113.88
1996-12-02,20674.69,6521.7,113.8
1996-12-03,20630.56,6442.69,113.59
1996-12-04,20659.91,6422.94,113.13
1996-12-05,20943.9,6437.1,112.35
1996-12-06,20276.7,6381.94,112.84
1996-12-07,20276.7,6381.94,112.84
1996-12-08,20276.7,6381.94,112.84
1996-12-09,20603.71,6463.94,113.27
1996-12-10,20822.12,6473.25,113.28
1996-12-11,20568.38,6402.52,112.9
1996-12-12,20501.2,6303.71,113.55
1996-12-13,20341.39,6304.87,113.8
1996-12-14,20341.39,6304.87,113.8
1996-12-15,20341.39,6304.87,113.8
1996-12-16,20422.04,6268.35,114.24
1996-12-17,20413.46,6308.33,113.63
1996-12-18,20093.03,6346.77,113.65
1996-12-19,19570.67,6473.64,114
1996-12-20,19690.46,6484.4,114.25
1996-12-21,19690.46,6484.4,114.25
1996-12-22,19690.46,6484.4,114.25
1996-12-23,19690.46,6489.02,114.12
1996-12-24,19161.71,6522.85,114.5
1996-12-25,19549.41,6522.85,114.5
1996-12-26,19291.58,6546.68,114.92
1996-12-27,19369.04,6560.91,116.13
1996-12-28,19369.04,6560.91,116.13
1996-12-29,19369.04,6560.91,116.13
1996-12-30,19361.35,6549.37,115.88
1996-12-31,19361.35,6448.27,115.77
1997-01-01,19361.35,6448.27,115.77
1997-01-02,19361.35,6442.49,115.49
1997-01-03,19361.35,6544.09,116.33
1997-01-04,19361.35,6544.09,116.33
1997-01-05,19361.35,6544.09,116.33
1997-01-06,19446,6567.18,115.8
1997-01-07,18896.19,6600.66,115.34
1997-01-08,18680.38,6549.48,115.86
1997-01-09,18073.87,6625.67,116.19
1997-01-10,17303.65,6703.79,116.1
1997-01-11,17303.65,6703.79,116.1
1997-01-12,17303.65,6703.79,116.1
1997-01-13,18118.79,6709.18,116.41
1997-01-14,18093.13,6762.29,116.9
1997-01-15,18093.13,6726.88,117.24
1997-01-16,18144.34,6765.37,116.54
1997-01-17,18090.04,6833.1,117.11
1997-01-18,18090.04,6833.1,117.11
1997-01-19,18090.04,6833.1,117.11
1997-01-20,17480.34,6843.87,117.11
1997-01-21,17358.16,6883.9,117.8
1997-01-22,18013.88,6850.03,118.92
1997-01-23,17909.46,6755.75,119.65
1997-01-24,17689.36,6696.48,119.06
1997-01-25,17689.36,6696.48,119.06
1997-01-26,17689.36,6696.48,119.06
1997-01-27,17334.9,6660.69,119.45
1997-01-28,17796.57,6656.08,121.19
1997-01-29,18335.3,6740.74,121.98
1997-01-30,17864.04,6823.86,121.55
1997-01-31,18330.01,6813.09,121.25
1997-02-01,18330.01,6813.09,121.25
1997-02-02,18330.01,6813.09,121.25
1997-02-03,18085.95,6806.16,121.68
1997-02-04,18314.33,6833.48,122.34
1997-02-05,18185.97,6746.9,123.59
1997-02-06,18038.43,6773.06,123.82
1997-02-07,17867.04,6855.8,124.54
1997-02-08,17867.04,6855.8,124.54
1997-02-09,17867.04,6855.8,124.54
1997-02-10,18181.17,6806.54,122.74
1997-02-11,18314,6858.11,123.17
1997-02-12,18409.96,6961.63,124.02
1997-02-13,18688.06,7022.44,124.35
1997-02-14,18722,6988.96,124.06
1997-02-15,18722,6988.96,124.06
1997-02-16,18722,6988.96,124.06
1997-02-17,18750.65,6988.96,124.06
1997-02-18,18470.75,7067.46,123.92
1997-02-19,18599.12,7020.13,124.3
1997-02-20,19051.71,6927.38,122.83
1997-02-21,19034.54,6931.62,123.28
1997-02-22,19034.54,6931.62,123.28
1997-02-23,19034.54,6931.62,123.28
1997-02-24,18896.99,7008.2,122.18
1997-02-25,19070.07,7037.83,121.93
1997-02-26,18990.92,6983.18,121.9
1997-02-27,19021.56,6925.07,120.8
1997-02-28,18557,6877.74,120.83
1997-03-01,18557,6877.74,120.83
1997-03-02,18557,6877.74,120.83
1997-03-03,18429.13,6918.92,121.15
1997-03-04,18564.78,6852.72,121.95
1997-03-05,18273.51,6945.85,121.5
1997-03-06,18041.33,6944.7,121.28
1997-03-07,18198.74,7000.89,121.88
1997-03-08,18198.74,7000.89,121.88
1997-03-09,18198.74,7000.89,121.88
1997-03-10,18113.89,7079.39,121.7
1997-03-11,18267.72,7085.16,121.77
1997-03-12,18183.27,7039.37,122.68
1997-03-13,17900.48,6878.89,123.24
1997-03-14,17923.64,6935.46,123.46
1997-03-15,17923.64,6935.46,123.46
1997-03-16,17923.64,6935.46,123.46
1997-03-17,18053.5,6955.48,123.65
1997-03-18,18445.2,6896.56,122.45
1997-03-19,18493.71,6877.68,122.8
1997-03-20,18493.71,6820.28,123.59
1997-03-21,18633.16,6804.79,122.82
1997-03-22,18633.16,6804.79,122.82
1997-03-23,18633.16,6804.79,122.82
1997-03-24,18043.82,6905.25,122.93
1997-03-25,18439.61,6876.17,123.9
1997-03-26,18472.45,6880.7,124.23
1997-03-27,18210.42,6740.59,123.65
1997-03-28,18189.72,6740.59,123.9
1997-03-29,18189.72,6740.59,123.9
1997-03-30,18189.72,6740.59,123.9
1997-03-31,18003.4,6583.48,123.72
1997-04-01,17869.59,6611.05,122.7
1997-04-02,18037.3,6517,122.72
1997-04-03,18129.31,6477.4,122.8
1997-04-04,17860.59,6526.1,124.27
1997-04-05,17860.59,6526.1,124.27
1997-04-06,17860.59,6526.1,124.27
1997-04-07,17715.67,6555.9,125.67
1997-04-08,18021.7,6609.2,126.08
1997-04-09,17703.37,6563.8,126.86
1997-04-10,17485.75,6540.05,125.95
1997-04-11,17846.98,6391.7,126.04
1997-04-12,17846.98,6391.7,126.04
1997-04-13,17846.98,6391.7,126.04
1997-04-14,17692.47,6451.9,126.48
1997-04-15,17933.59,6587.16,126.35
1997-04-16,18031.2,6679.87,125.75
1997-04-17,18093.41,6658.6,126.05
1997-04-18,18352.14,6703.35,125.88
1997-04-19,18352.14,6703.35,125.88
1997-04-20,18352.14,6703.35,125.88
1997-04-21,18551.66,6660.2,125.66
1997-04-22,18544.45,6833.6,126.25
1997-04-23,18735.47,6812.7,126.16
1997-04-24,18698.07,6792.3,125.96
1997-04-25,18612.86,6738.9,125.88
1997-04-26,18612.86,6738.9,125.88
1997-04-27,18612.86,6738.9,125.88
1997-04-28,18670.37,6783,126.68
1997-04-29,18670.37,6962,126.81
1997-04-30,19151.12,7009,127.03
1997-05-01,19275.33,6976.5,126.64
1997-05-02,19514.75,7071.2,126.57
1997-05-03,19514.75,7071.2,126.57
1997-05-04,19514.75,7071.2,126.57
1997-05-05,19514.75,7213.68,126.7
1997-05-06,20180.92,7225.3,125.45
1997-05-07,20048.9,7085.65,125.09
1997-05-08,20061.81,7136.6,123.85
1997-05-09,19802.78,7169.5,120.73
1997-05-10,19802.78,7169.5,120.73
1997-05-11,19802.78,7169.5,120.73
1997-05-12,20143.51,7292.8,118.95
1997-05-13,20129.11,7274.2,118.75
1997-05-14,20209.72,7286.2,118.33
1997-05-15,20056.31,7333.5,116.28
1997-05-16,20324.73,7194.7,115.43
1997-05-17,20324.73,7194.7,115.43
1997-05-18,20324.73,7194.7,115.43
1997-05-19,20489.75,7228.9,116.05
1997-05-20,20332.83,7303.5,113.8
1997-05-21,19841.98,7290.7,114.08
1997-05-22,19877.39,7258.1,115.96
1997-05-23,20009,7345.9,115.8
1997-05-24,20009,7345.9,115.8
1997-05-25,20009,7345.9,115.8
1997-05-26,20043.5,7345.9,115.8
1997-05-27,19889.89,7383.4,116.45
1997-05-28,20351.34,7357.2,115.52
1997-05-29,20312.23,7330.2,116.21
1997-05-30,20068.81,7331,116.4
1997-05-31,20068.81,7331,116.4
1997-06-01,20068.81,7331,116.4
1997-06-02,20451.85,7289.4,116.74
1997-06-03,20563.16,7312.1,116.15
1997-06-04,20611.56,7269.7,116.3
1997-06-05,20488.15,7305.3,115.67
1997-06-06,20485.75,7435.8,115.4
1997-06-07,20485.75,7435.8,115.4
1997-06-08,20485.75,7435.8,115.4
1997-06-09,20223.82,7478.5,112.63
1997-06-10,20532.55,7539.27,112.6
1997-06-11,20289.93,7575.8,111.42
1997-06-12,20564.46,7711.5,113.98
1997-06-13,20528.35,7782,113.5
1997-06-14,20528.35,7782,113.5
1997-06-15,20528.35,7782,113.5
1997-06-16,20681.07,7772.1,113.49
1997-06-17,20593.66,7760.8,113.35
1997-06-18,20497.85,7718.7,113.5
1997-06-19,20507.85,7777.1,114.09
1997-06-20,20385.54,7796.5,114.62
1997-06-21,20385.54,7796.5,114.62
1997-06-22,20385.54,7796.5,114.62
1997-06-23,20436.14,7604.3,115.3
1997-06-24,20341.93,7758.06,114.8
1997-06-25,20679.27,7690,113.95
1997-06-26,20624.76,7654.3,113.23
1997-06-27,20523.75,7687.7,114.67
1997-06-28,20523.75,7687.7,114.67
1997-06-29,20523.75,7687.7,114.67
1997-06-30,20604.96,7672.8,114.61
1997-07-01,20175.52,7722.3,114.93
1997-07-02,20196.42,7795.38,114.52
1997-07-03,20121.41,7895.8,113.46
1997-07-04,19968,7895.8,113.46
1997-07-05,19968,7895.8,113.46
1997-07-06,19968,7895.8,113.46
1997-07-07,19705.17,7858.5,112.6
1997-07-08,19853.89,7962.3,112.76
1997-07-09,19697.17,7842.4,112.97
1997-07-10,19754.78,7886.8,113.08
1997-07-11,19875.49,7921.8,113.88
1997-07-12,19875.49,7921.8,113.88
1997-07-13,19875.49,7921.8,113.88
1997-07-14,20228.72,7923,113.76
1997-07-15,20069.41,7975.7,115.87
1997-07-16,20358.74,8038.9,116.28
1997-07-17,20519.25,8020.8,116.13
1997-07-18,20249.32,7890.5,115.46
1997-07-19,20249.32,7890.5,115.46
1997-07-20,20249.32,7890.5,115.46
1997-07-21,20249.32,7906.7,115.88
1997-07-22,20157.02,8061.6,115.68
1997-07-23,20130.51,8088.36,115.85
1997-07-24,20286.23,8116.9,115.95
1997-07-25,20389.54,8113.4,116.75
1997-07-26,20389.54,8113.4,116.75
1997-07-27,20389.54,8113.4,116.75
1997-07-28,20575.26,8121.1,117.76
1997-07-29,20402.74,8174.5,118
1997-07-30,20212.82,8254.9,118.33
1997-07-31,20331.43,8222.6,118.37
1997-08-01,19804.38,8194,118.47
1997-08-02,19804.38,8194,118.47
1997-08-03,19804.38,8194,118.47
1997-08-04,19668.07,8198.5,118.34
1997-08-05,19514.45,8187.5,119.26
1997-08-06,19702.07,8259.3,118.65
1997-08-07,19475.85,8188,118.4
1997-08-08,19604.46,8031.2,115.3
1997-08-09,19604.46,8031.2,115.3
1997-08-10,19604.46,8031.2,115.3
1997-08-11,18824.18,8062.1,115.85
1997-08-12,19099.11,7960.8,116.21
1997-08-13,19008.6,7928.3,115.78
1997-08-14,19222.62,7942,117.75
1997-08-15,19326.03,7694.7,117.8
1997-08-16,19326.03,7694.7,117.8
1997-08-17,19326.03,7694.7,117.8
1997-08-18,19041.1,7803.36,117.81
1997-08-19,18961,7918.1,118.45
1997-08-20,19252.23,8021.2,118.08
1997-08-21,19157.12,7894,117.78
1997-08-22,18650.17,7887.9,117.26
1997-08-23,18650.17,7887.9,117.26
1997-08-24,18650.17,7887.9,117.26
1997-08-25,18656.17,7859.6,118.73
1997-08-26,18814.98,7782.2,118.32
1997-08-27,18441.94,7787.3,118.88
1997-08-28,18451.45,7694.4,118.75
1997-08-29,18229.42,7622.4,120.65
1997-08-30,18229.42,7622.4,120.65
1997-08-31,18229.42,7622.4,120.65
1997-09-01,17974.3,7622.4,120.65
1997-09-02,18232.52,7879.8,121.55
1997-09-03,18735.17,7894.6,121.03
1997-09-04,18615.06,7867.2,120.72
1997-09-05,18650.17,7822.4,121.09
1997-09-06,18650.17,7822.4,121.09
1997-09-07,18650.17,7822.4,121.09
1997-09-08,18633.86,7835.2,121.02
1997-09-09,18695.97,7851.9,119.05
1997-09-10,18704.77,7719.3,119.26
1997-09-11,18282.23,7661,119.58
1997-09-12,17965.8,7743,120.93
1997-09-13,17965.8,7743,120.93
1997-09-14,17965.8,7743,120.93
1997-09-15,17965.8,7721.1,120.4
1997-09-16,17974.5,7895.9,121.1
1997-09-17,17683.27,7886.4,120.99
1997-09-18,17930.09,7922.7,121.98
1997-09-19,18058.21,7917.3,121.93
1997-09-20,18058.21,7917.3,121.93
1997-09-21,18058.21,7917.3,121.93
1997-09-22,18201.32,7996.8,122.25
1997-09-23,18201.32,7970.1,121.53
1997-09-24,18420.08,7906.7,120.4
1997-09-25,18341.96,7848,121.3
1997-09-26,17994.71,7922.2,120.87
1997-09-27,17994.71,7922.2,120.87
1997-09-28,17994.71,7922.2,120.87
1997-09-29,17987.21,7991.4,121
1997-09-30,17887.71,7945.3,120.71
1997-10-01,17842.16,8015.5,120.8
1997-10-02,17455.04,8027.5,121.8
1997-10-03,17647.45,8038.6,121.93
1997-10-04,17647.45,8038.6,121.93
1997-10-05,17647.45,8038.6,121.93
1997-10-06,17824.78,8100.2,121.93
1997-10-07,17511.19,8178.3,122.01
1997-10-08,17619.18,8095.1,121.09
1997-10-09,17376.92,8061.4,121.18
1997-10-10,17376.92,8045.2,120.13
1997-10-11,17376.92,8045.2,120.13
1997-10-12,17376.92,8045.2,120.13
1997-10-13,17204.7,8072.2,120.13
1997-10-14,17306.39,8096.3,121.75
1997-10-15,17331.37,8058,121.31
1997-10-16,17707.49,7938.9,119.87
1997-10-17,17478.42,7847,120.19
1997-10-18,17478.42,7847,120.19
1997-10-19,17478.42,7847,120.19
1997-10-20,17294.51,7921.4,121.4
1997-10-21,17210.09,8060.4,120.66
1997-10-22,17687.61,8034.6,120.71
1997-10-23,17151.55,7847.8,121.67
1997-10-24,17363.74,7715.4,121.73
1997-10-25,17363.74,7715.4,121.73
1997-10-26,17363.74,7715.4,121.73
1997-10-27,17038.36,7161.2,121.87
1997-10-28,16312.69,7498.3,119.7
1997-10-29,16857.04,7506.7,120.53
1997-10-30,16364.94,7381.7,120.68
1997-10-31,16458.94,7442.1,120.39
1997-11-01,16458.94,7442.1,120.39
1997-11-02,16458.94,7442.1,120.39
1997-11-03,16458.94,7674.4,121.04
1997-11-04,16500.1,7689.1,121.83
1997-11-05,16448.05,7692.6,122.56
1997-11-06,16533.87,7683.2,123.16
1997-11-07,15836.36,7581.3,123.97
1997-11-08,15836.36,7581.3,123.97
1997-11-09,15836.36,7581.3,123.97
1997-11-10,15697.2,7552.6,124.15
1997-11-11,15867.23,7558.7,124.15
1997-11-12,15434.17,7401.3,126.1
1997-11-13,15427.27,7487.8,125.93
1997-11-14,15082.52,7572.5,126.78
1997-11-15,15082.52,7572.5,126.78
1997-11-16,15082.52,7572.5,126.78
1997-11-17,16283.32,7698.2,125.85
1997-11-18,16726.57,7650.8,125.85
1997-11-19,15842.46,7724.7,127.22
1997-11-20,16308.49,7826.6,126.81
1997-11-21,16721.58,7881.07,125.85
1997-11-22,16721.58,7881.07,125.85
1997-11-23,16721.58,7881.07,125.85
1997-11-24,16721.58,7767.9,127.07
1997-11-25,15867.53,7809,127.45
1997-11-26,16045.55,7794.8,127.51
1997-11-27,16603.2,7794.8,127.51
1997-11-28,16636.26,7823.1,127.74
1997-11-29,16636.26,7823.1,127.74
1997-11-30,16636.26,7823.1,127.74
1997-12-01,17007.59,8013.1,129.15
1997-12-02,16910.29,8018.8,128.77
1997-12-03,16585.51,8032,128.72
1997-12-04,16306.79,8050.2,129.4
1997-12-05,16424.48,8149.1,130.2
1997-12-06,16424.48,8149.1,130.2
1997-12-07,16424.48,8149.1,130.2
1997-12-08,16131.57,8110.8,130.5
1997-12-09,16686.51,8049.7,129.8
1997-12-10,16478.12,7978.8,129.09
1997-12-11,16050.15,7849,129.92
1997-12-12,15904.3,7838.3,130.73
1997-12-13,15904.3,7838.3,130.73
1997-12-14,15904.3,7838.3,130.73
1997-12-15,15909.39,7922.6,131.08
1997-12-16,15985.21,7976.3,130.87
1997-12-17,16541.06,7957.4,127
1997-12-18,16161.64,7846.5,128.53
1997-12-19,15314.89,7756.3,129.1
1997-12-20,15314.89,7756.3,129.1
1997-12-21,15314.89,7756.3,129.1
1997-12-22,14799.4,7819.3,130.38
1997-12-23,14799.4,7691.8,130
1997-12-24,14924.98,7660.13,130.06
1997-12-25,15300.1,7660.13,130.06
1997-12-26,14802.6,7679.3,130.3
1997-12-27,14802.6,7679.3,130.3
1997-12-28,14802.6,7679.3,130.3
1997-12-29,14775.22,7792.4,130.05
1997-12-30,15258.74,7916,130.05
1997-12-31,15258.74,7908.3,130.45
1998-01-01,15258.74,7908.3,130.45
1998-01-02,15258.74,7965,132.4
1998-01-03,15258.74,7965,132.4
1998-01-04,15258.74,7965,132.4
1998-01-05,14956.84,7979,133.99
1998-01-06,14896.4,7906.25,133.88
1998-01-07,15028.17,7902.3,131.7
1998-01-08,15019.18,7802.6,132.49
1998-01-09,14995.1,7580.4,131.52
1998-01-10,14995.1,7580.4,131.52
1998-01-11,14995.1,7580.4,131.52
1998-01-12,14664.44,7647.2,132.83
1998-01-13,14755.94,7732.1,131.72
1998-01-14,15121.98,7784.7,131.43
1998-01-15,15121.98,7691.8,130.41
1998-01-16,16046.45,7753.5,128.88
1998-01-17,16046.45,7753.5,128.88
1998-01-18,16046.45,7753.5,128.88
1998-01-19,16262.04,7753.5,128.88
1998-01-20,16366.53,7873.1,128.8
1998-01-21,16684.42,7794.4,127.5
1998-01-22,16405.69,7730.9,127.22
1998-01-23,16789.11,7700.7,125.78
1998-01-24,16789.11,7700.7,125.78
1998-01-25,16789.11,7700.7,125.78
1998-01-26,17073.33,7712.94,126.64
1998-01-27,16981.62,7815.08,126.02
1998-01-28,16973.83,7915.47,125.26
1998-01-29,17014.59,7973.02,125.38
1998-01-30,16628.47,7906.5,127.1
1998-01-31,16628.47,7906.5,127.1
1998-02-01,16628.47,7906.5,127.1
1998-02-02,16776.82,8107.78,126.65
1998-02-03,17022.98,8160.35,126.02
1998-02-04,16882.62,8129.71,123.78
1998-02-05,17003.3,8117.25,123.31
1998-02-06,17040.06,8189.49,124.26
1998-02-07,17040.06,8189.49,124.26
1998-02-08,17040.06,8189.49,124.26
1998-02-09,17205,8180.52,124.28
1998-02-10,17205.09,8295.61,123.47
1998-02-11,17205.09,8314.55,123.53
1998-02-12,17174.93,8369.6,123.78
1998-02-13,16791.01,8370.1,125.37
1998-02-14,16791.01,8370.1,125.37
1998-02-15,16791.01,8370.1,125.37
1998-02-16,16775.52,8370.1,125.37
1998-02-17,16790.71,8398.5,126.87
1998-02-18,16613.89,8451.06,126.35
1998-02-19,16616.48,8375.58,126.25
1998-02-20,16756.24,8413.94,127.73
1998-02-21,16756.24,8413.94,127.73
1998-02-22,16756.24,8413.94,127.73
1998-02-23,16609.49,8410.2,128.92
1998-02-24,16198,8370.1,128.15
1998-02-25,16360.64,8457.78,128.62
1998-02-26,16501.7,8490.67,127.72
1998-02-27,16831.67,8545.72,126.12
1998-02-28,16831.67,8545.72,126.12
1998-03-01,16831.67,8545.72,126.12
1998-03-02,17264.34,8550.45,125.38
1998-03-03,17168.33,8584.83,126.05
1998-03-04,17095.6,8539.24,126.79
1998-03-05,16848.55,8444.33,127.61
1998-03-06,17131.97,8569.39,128.42
1998-03-07,17131.97,8569.39,128.42
1998-03-08,17131.97,8569.39,128.42
1998-03-09,16972.53,8567.14,127.78
1998-03-10,16982.82,8643.12,127.63
1998-03-11,16756.14,8675.75,129.3
1998-03-12,16575.22,8659.56,129.25
1998-03-13,17060.14,8602.52,128.23
1998-03-14,17060.14,8602.52,128.23
1998-03-15,17060.14,8602.52,128.23
1998-03-16,16861.14,8718.85,129.4
1998-03-17,16997.2,8749.99,129.41
1998-03-18,16619.68,8775.4,130.17
1998-03-19,16679.02,8803.05,130.43
1998-03-20,16830.47,8906.43,130.34
1998-03-21,16830.47,8906.43,130.34
1998-03-22,16830.47,8906.43,130.34
1998-03-23,16868.83,8816.25,130.28
1998-03-24,16606.39,8904.44,130.25
1998-03-25,16658.34,8872.8,128.76
1998-03-26,16980.62,8846.89,128.71
1998-03-27,16739.26,8796.08,130.17
1998-03-28,16739.26,8796.08,130.17
1998-03-29,16739.26,8796.08,130.17
1998-03-30,16263.04,8782.12,132.16
1998-03-31,16527.17,8799.81,133.29
1998-04-01,16241.66,8868.32,133.76
1998-04-02,15702.9,8986.64,133.5
1998-04-03,15517.78,8983.41,135.05
1998-04-04,15517.78,8983.41,135.05
1998-04-05,15517.78,8983.41,135.05
1998-04-06,15705.99,9033.23,134.71
1998-04-07,15978.72,8956.5,133.68
1998-04-08,16376.62,8891.48,132.64
1998-04-09,16536.66,8994.86,130.21
1998-04-10,16481.12,8994.86,128.96
1998-04-11,16481.12,8994.86,128.96
1998-04-12,16481.12,8994.86,128.96
1998-04-13,16317.58,9012.3,129.52
1998-04-14,16277.32,9110.2,129.35
1998-04-15,16299.3,9162.27,129.45
1998-04-16,15883.77,9076.57,131.78
1998-04-17,15703.8,9167.5,131.85
1998-04-18,15703.8,9167.5,131.85
1998-04-19,15703.8,9167.5,131.85
1998-04-20,15697.1,9141.84,132.23
1998-04-21,15825.67,9184.94,131.33
1998-04-22,15761.54,9176.72,130.77
1998-04-23,15761.69,9143.33,130.19
1998-04-24,16011.24,9064.62,130.9
1998-04-25,16011.24,9064.62,130.9
1998-04-26,16011.24,9064.62,130.9
1998-04-27,15649.95,8917.64,132.09
1998-04-28,15395.43,8898.96,132.19
1998-04-29,15395.43,8951.52,132.05
1998-04-30,15641.26,9063.37,132.37
1998-05-01,15601.1,9147.07,133.01
1998-05-02,15601.1,9147.07,133.01
1998-05-03,15601.1,9147.07,133.01
1998-05-04,15601.1,9192.66,132.98
1998-05-05,15601.1,9147.57,131.74
1998-05-06,15243.84,9054.65,132.73
1998-05-07,15143.03,8976.68,133.09
1998-05-08,15149,9055.15,132.88
1998-05-09,15149,9055.15,132.88
1998-05-10,15149,9055.15,132.88
1998-05-11,15381.9,9091.52,132.84
1998-05-12,15322.48,9161.77,134
1998-05-13,15343.81,9211.84,134.18
1998-05-14,15307.69,9172.23,134.23
1998-05-15,15242.86,9096,134.39
1998-05-16,15242.86,9096,134.39
1998-05-17,15242.86,9096,134.39
1998-05-18,15384.47,9050.91,135.95
1998-05-19,15551.65,9054.65,136.34
1998-05-20,15652.95,9171.48,135.99
1998-05-21,15845.25,9132.37,135.65
1998-05-22,15801.65,9114.44,135.77
1998-05-23,15801.65,9114.44,135.77
1998-05-24,15801.65,9114.44,135.77
1998-05-25,15783.12,9114.44,135.77
1998-05-26,15884.82,8963.73,137.38
1998-05-27,15664.29,8936.57,137.36
1998-05-28,15796.55,8970.2,138.91
1998-05-29,15670.78,8899.95,138.5
1998-05-30,15670.78,8899.95,138.5
1998-05-31,15670.78,8899.95,138.5
1998-06-01,15321.03,8922.37,139.57
1998-06-02,15554.45,8891.24,138.97
1998-06-03,15347,8803.8,138.34
1998-06-04,15426.47,8870.56,138.4
1998-06-05,15323.43,9037.71,139.66
1998-06-06,15323.43,9037.71,139.66
1998-06-07,15323.43,9037.71,139.66
1998-06-08,15294.71,9069.6,140.58
1998-06-09,15530.17,9049.92,140.25
1998-06-10,15339.26,8971.7,141.52
1998-06-11,15014.04,8811.77,143.25
1998-06-12,15022.33,8834.94,144.36
1998-06-13,15022.33,8834.94,144.36
1998-06-14,15022.33,8834.94,144.36
1998-06-15,14825.17,8627.93,146.42
1998-06-16,14720.38,8665.29,144.05
1998-06-17,14715.38,8829.46,137.68
1998-06-18,15361.54,8813.01,137.61
1998-06-19,15267.98,8712.87,134.2
1998-06-20,15267.98,8712.87,134.2
1998-06-21,15267.98,8712.87,134.2
1998-06-22,15309.09,8711.13,137.9
1998-06-23,15054.6,8828.46,139.13
1998-06-24,15123.18,8923.87,140.75
1998-06-25,15132.22,8935.58,141.67
1998-06-26,15210.04,8944.54,142.75
1998-06-27,15210.04,8944.54,142.75
1998-06-28,15210.04,8944.54,142.75
1998-06-29,15365.73,8997.36,141.92
1998-06-30,15830.27,8952.02,138.29
1998-07-01,16362.89,9048.67,138.65
1998-07-02,16471.58,9025.26,141.44
1998-07-03,16511.24,9025.26,139.35
1998-07-04,16511.24,9025.26,139.35
1998-07-05,16511.24,9025.26,139.35
1998-07-06,16350.45,9091.77,140.18
1998-07-07,16416.28,9085.04,138.78
1998-07-08,16530.97,9174.97,139.6
1998-07-09,16446.95,9089.78,141.3
1998-07-10,16090.06,9105.74,141.05
1998-07-11,16090.06,9105.74,141.05
1998-07-12,16090.06,9105.74,141.05
1998-07-13,16360.39,9096.21,140.98
1998-07-14,16488.91,9245.54,139.84
1998-07-15,16614.14,9234.47,140.67
1998-07-16,16731.92,9328.19,140.25
1998-07-17,16570.78,9337.97,139.6
1998-07-18,16570.78,9337.97,139.6
1998-07-19,16570.78,9337.97,139.6
1998-07-20,16570.78,9295.75,138.85
1998-07-21,16556.69,9190.19,140.39
1998-07-22,16293.06,9128.91,141.1
1998-07-23,16188.01,8932.98,141.54
1998-07-24,16361.89,8937.36,140.93
1998-07-25,16361.89,8937.36,140.93
1998-07-26,16361.89,8937.36,140.93
1998-07-27,15944.36,9028.24,142.24
1998-07-28,16114.54,8934.78,141.75
1998-07-29,16158.09,8914.96,142.46
1998-07-30,16201.6,9026.95,142.51
1998-07-31,16378.97,8883.29,144.65
1998-08-01,16378.97,8883.29,144.65
1998-08-02,16378.97,8883.29,144.65
1998-08-03,16165.08,8786.74,145.8
1998-08-04,16023.58,8487.31,144.84
1998-08-05,15992.16,8546.78,144.38
1998-08-06,15876.22,8577.68,144.6
1998-08-07,15829.17,8598.02,146.3
1998-08-08,15829.17,8598.02,146.3
1998-08-09,15829.17,8598.02,146.3
1998-08-10,15626.42,8574.85,146.54
1998-08-11,15406.99,8462.85,147.14
1998-08-12,15378.97,8552.96,146.09
1998-08-13,15382.02,8459.5,145.05
1998-08-14,15123.93,8425,146.37
1998-08-15,15123.93,8425,146.37
1998-08-16,15123.93,8425,146.37
1998-08-17,14794.66,8574.85,145.78
1998-08-18,15063.79,8714.65,145.02
1998-08-19,15406.34,8693.28,143.85
1998-08-20,15391.41,8611.41,142.6
1998-08-21,15298.2,8533.65,144.94
1998-08-22,15298.2,8533.65,144.94
1998-08-23,15298.2,8533.65,144.94
1998-08-24,14988.36,8566.61,143.96
1998-08-25,15072.93,8602.65,144.94
1998-08-26,14866.03,8523.35,144.43
1998-08-27,14413.79,8165.99,142.2
1998-08-28,13915.63,8051.68,142.55
1998-08-29,13915.63,8051.68,142.55
1998-08-30,13915.63,8051.68,142.55
1998-08-31,14107.89,7539.07,140.9
1998-09-01,14369.63,7827.43,136.23
1998-09-02,14376.62,7782.37,137.76
1998-09-03,14261.24,7682.22,134.82
1998-09-04,14042.91,7640.25,133.99
1998-09-05,14042.91,7640.25,133.99
1998-09-06,14042.91,7640.25,133.99
1998-09-07,14790.06,7640.25,133.99
1998-09-08,14913.49,8020.78,132.1
1998-09-09,14755.54,7865.02,136.45
1998-09-10,14666.03,7615.54,134.32
1998-09-11,13916.98,7795.5,131.05
1998-09-12,13916.98,7795.5,131.05
1998-09-13,13916.98,7795.5,131.05
1998-09-14,14227.37,7945.35,133.22
1998-09-15,14227.37,8024.39,133.05
1998-09-16,14197.7,8089.78,134.92
1998-09-17,13859.14,7873.77,131.88
1998-09-18,13983.12,7895.66,132.63
1998-09-19,13983.12,7895.66,132.63
1998-09-20,13983.12,7895.66,132.63
1998-09-21,13597.3,7933.25,133.4
1998-09-22,13789.81,7897.2,135.2
1998-09-23,13789.81,8154.41,136.45
1998-09-24,14205.78,8001.99,135.33
1998-09-25,13723.84,8028.77,135.1
1998-09-26,13723.84,8028.77,135.1
1998-09-27,13723.84,8028.77,135.1
1998-09-28,13909.37,8108.84,135.7
1998-09-29,13821.43,8080.52,133.9
1998-09-30,13406.39,7842.62,136.59
1998-10-01,13197.12,7632.53,135.75
1998-10-02,13223.69,7784.69,135.6
1998-10-03,13223.69,7784.69,135.6
1998-10-04,13223.69,7784.69,135.6
1998-10-05,12948.12,7726.24,134.54
1998-10-06,13021.64,7742.98,131.15
1998-10-07,13825.61,7741.69,123.97
1998-10-08,13026.06,7731.91,118.85
1998-10-09,12879.97,7899.52,117
1998-10-10,12879.97,7899.52,117
1998-10-11,12879.97,7899.52,117
1998-10-12,13555.01,8001.47,117
1998-10-13,13242.79,7938.14,118.85
1998-10-14,13070.73,7968.78,119.27
1998-10-15,12995.37,8299.36,117.5
1998-10-16,13280.54,8416.76,115.45
1998-10-17,13280.54,8416.76,115.45
1998-10-18,13280.54,8416.76,115.45
1998-10-19,13567.2,8466.45,114.46
1998-10-20,13808.05,8505.85,118.09
1998-10-21,14216.33,8519.23,116.85
1998-10-22,14295.56,8533.14,117.88
1998-10-23,14144.7,8452.29,118.06
1998-10-24,14144.7,8452.29,118.06
1998-10-25,14144.7,8452.29,118.06
1998-10-26,13843.46,8432.21,118.84
1998-10-27,13820.68,8366.04,118.6
1998-10-28,13516.07,8371.97,117.56
1998-10-29,13668.72,8495.03,117.3
1998-10-30,13564.51,8592.1,116.45
1998-10-31,13564.51,8592.1,116.45
1998-11-01,13564.51,8592.1,116.45
1998-11-02,13952.75,8706.15,114.52
1998-11-03,13952.75,8706.15,115.5
1998-11-04,14527.81,8783.14,116.55
1998-11-05,14341.37,8915.47,117.45
1998-11-06,14121.97,8975.46,118.73
1998-11-07,14121.97,8975.46,118.73
1998-11-08,14121.97,8975.46,118.73
1998-11-09,14194.54,8897.96,121.98
1998-11-10,14108.09,8863.98,122.88
1998-11-11,14428.02,8823.82,122.88
1998-11-12,14075.06,8829.74,122.77
1998-11-13,14268.21,8919.59,122.68
1998-11-14,14268.21,8919.59,122.68
1998-11-15,14268.21,8919.59,122.68
1998-11-16,14428.27,9011.25,119.7
1998-11-17,14413,8986.28,121.3
1998-11-18,14599.23,9041.11,121.44
1998-11-19,14354.46,9056.05,119.65
1998-11-20,14779.94,9159.55,120.32
1998-11-21,14779.94,9159.55,120.32
1998-11-22,14779.94,9159.55,120.32
1998-11-23,14779.94,9374.27,120.93
1998-11-24,15164.64,9301.15,120.85
1998-11-25,15073.47,9314.28,121.8
1998-11-26,15207.77,9314.28,121.8
1998-11-27,15069.39,9333.08,123.24
1998-11-28,15069.39,9333.08,123.24
1998-11-29,15069.39,9333.08,123.24
1998-11-30,14883.7,9116.55,123.21
1998-12-01,14835.41,9133.54,122.2
1998-12-02,14986.62,9064.54,120.17
1998-12-03,14697.08,8879.68,118.79
1998-12-04,14639.97,9016.14,119.35
1998-12-05,14639.97,9016.14,119.35
1998-12-06,14639.97,9016.14,119.35
1998-12-07,14723.49,9070.47,119.63
1998-12-08,14808.2,9027.98,119.55
1998-12-09,14931.9,9009.19,118.08
1998-12-10,14807.8,8841.58,117.07
1998-12-11,14405.64,8821.76,116.78
1998-12-12,14405.64,8821.76,116.78
1998-12-13,14405.64,8821.76,116.78
1998-12-14,14111.62,8695.6,115.08
1998-12-15,14011.19,8823.3,116.73
1998-12-16,14096.3,8790.6,115.68
1998-12-17,14126.99,8875.82,116.33
1998-12-18,14194.29,8903.63,115.67
1998-12-19,14194.29,8903.63,115.67
1998-12-20,14194.29,8903.63,115.67
1998-12-21,14152.95,8988.85,116.08
1998-12-22,13779.45,9044.46,116.85
1998-12-23,13779.45,9202.03,116.02
1998-12-24,13706.73,9217.99,116.24
1998-12-25,13797.95,9217.99,116.24
1998-12-26,13797.95,9217.99,116.24
1998-12-27,13797.95,9217.99,116.24
1998-12-28,13709.06,9226.75,115.88
1998-12-29,13846.9,9320.98,115.42
1998-12-30,13842.17,9274.64,114.88
1998-12-31,13842.17,9181.43,113.08
1999-01-01,13842.17,9181.43,113.08
1999-01-02,13842.17,9181.43,113.08
1999-01-03,13842.17,9181.43,113.08
1999-01-04,13415.89,9184.27,112.15
1999-01-05,13232.74,9311.19,111.15
1999-01-06,13468.46,9544.97,112.78
1999-01-07,13536.56,9537.76,111.69
1999-01-08,13391.81,9643.32,111.52
1999-01-09,13391.81,9643.32,111.52
1999-01-10,13391.81,9643.32,111.52
1999-01-11,13368.48,9619.89,108.83
1999-01-12,13360.97,9474.68,112.07
1999-01-13,13403.6,9349.56,113.46
1999-01-14,13738.86,9120.93,113.25
1999-01-15,13738.86,9340.55,114.19
1999-01-16,13738.86,9340.55,114.19
1999-01-17,13738.86,9340.55,114.19
1999-01-18,13805.06,9340.55,114.19
1999-01-19,13770.44,9355.22,113.76
1999-01-20,14028.05,9335.91,113.45
1999-01-21,14245.42,9264.08,113.75
1999-01-22,14154.4,9120.67,114.65
1999-01-23,14154.4,9120.67,114.65
1999-01-24,14154.4,9120.67,114.65
1999-01-25,14208.81,9203.32,113.8
1999-01-26,14382.01,9324.58,114.03
1999-01-27,14450.06,9200.23,115.62
1999-01-28,14342.32,9281.33,116.36
1999-01-29,14499.25,9358.83,116
1999-01-30,14499.25,9358.83,116
1999-01-31,14499.25,9358.83,116
1999-02-01,14465.18,9345.7,115.09
1999-02-02,14349.83,9274.12,112.12
1999-02-03,14161.31,9366.81,112.46
1999-02-04,14086.85,9304.5,112.03
1999-02-05,13898.08,9304.24,113.14
1999-02-06,13898.08,9304.24,113.14
1999-02-07,13898.08,9304.24,113.14
1999-02-08,13992.49,9291.11,114.38
1999-02-09,13902.66,9133.03,114.42
1999-02-10,13952.4,9177.31,114.45
1999-02-11,13952.4,9363.46,114.7
1999-02-12,13973.69,9274.89,114.32
1999-02-13,13973.69,9274.89,114.32
1999-02-14,13973.69,9274.89,114.32
1999-02-15,14054.72,9274.89,114.32
1999-02-16,14232.64,9297.03,118.08
1999-02-17,14158.67,9195.47,119.03
1999-02-18,14146.79,9298.63,119.82
1999-02-19,14098.04,9339.95,121
1999-02-20,14098.04,9339.95,121
1999-02-21,14098.04,9339.95,121
1999-02-22,14256.67,9552.68,120.35
1999-02-23,14500.65,9544.42,121.45
1999-02-24,14355.45,9399.67,121.9
1999-02-25,14470.45,9366.34,119.26
1999-02-26,14367.54,9306.58,118.7
1999-02-27,14367.54,9306.58,118.7
1999-02-28,14367.54,9306.58,118.7
1999-03-01,14221.75,9324.78,119.79
1999-03-02,13921.06,9297.61,120.47
1999-03-03,14170.36,9275.88,121.68
1999-03-04,14183.45,9467.4,123.5
1999-03-05,14894,9736.08,122.57
1999-03-06,14894,9736.08,122.57
1999-03-07,14894,9736.08,122.57
1999-03-08,14779.05,9727.61,121.73
1999-03-09,15096.7,9693.76,121.4
1999-03-10,15480,9772.84,119.84
1999-03-11,15502.14,9897.44,119.57
1999-03-12,15488.86,9876.35,118.99
1999-03-13,15488.86,9876.35,118.99
1999-03-14,15488.86,9876.35,118.99
1999-03-15,15779.6,9958.77,117.7
1999-03-16,16072.82,9930.47,117.74
1999-03-17,16268.11,9879.41,118.15
1999-03-18,15717.92,9997.62,117.53
1999-03-19,16378.78,9903.55,117.05
1999-03-20,16378.78,9903.55,117.05
1999-03-21,16378.78,9903.55,117.05
1999-03-22,16378.78,9890.51,118.14
1999-03-23,16019.1,9671.83,118.02
1999-03-24,15515.47,9666.84,117.35
1999-03-25,15986.04,9836.39,118.05
1999-03-26,16016.99,9822.24,120.3
1999-03-27,16016.99,9822.24,120.3
1999-03-28,16016.99,9822.24,120.3
1999-03-29,16008.84,10006.78,119.78
1999-03-30,15859.12,9913.26,120.1
1999-03-31,15836.59,9786.16,118.43
1999-04-01,16327.56,9832.51,120.19
1999-04-02,16290.19,9832.51,120.6
1999-04-03,16290.19,9832.51,120.6
1999-04-04,16290.19,9832.51,120.6
1999-04-05,16334.78,10007.33,122
1999-04-06,16479.71,9963.49,120.74
1999-04-07,16554.5,10085.31,121.34
1999-04-08,16846.69,10197.7,120.85
1999-04-09,16855.63,10173.84,121.09
1999-04-10,16855.63,10173.84,121.09
1999-04-11,16855.63,10173.84,121.09
1999-04-12,16507.4,10339.51,120.14
1999-04-13,16715.16,10395.01,120.04
1999-04-14,16764.68,10411.66,118.89
1999-04-15,16727.08,10462.72,119.04
1999-04-16,16851.58,10493.89,117.86
1999-04-17,16851.58,10493.89,117.86
1999-04-18,16851.58,10493.89,117.86
1999-04-19,16674.21,10440.53,117.99
1999-04-20,16697.11,10448.55,118.18
1999-04-21,16495.02,10581.42,119.76
1999-04-22,16665.88,10727.18,119.84
1999-04-23,16923.25,10689.67,119.26
1999-04-24,16923.25,10689.67,119.26
1999-04-25,16923.25,10689.67,119.26
1999-04-26,16918.51,10718.59,119.13
1999-04-27,16957.27,10831.71,120.23
1999-04-28,16942.24,10845.45,119.13
1999-04-29,16942.24,10878.38,119.26
1999-04-30,16701.53,10789.04,119.43
1999-05-01,16701.53,10789.04,119.43
1999-05-02,16701.53,10789.04,119.43
1999-05-03,16701.53,11014.69,120.14
1999-05-04,16701.53,10886.11,120.94
1999-05-05,16701.53,10955.41,120.91
1999-05-06,17300.61,10946.82,120.77
1999-05-07,16946.52,11031.59,120.78
1999-05-08,16946.52,11031.59,120.78
1999-05-09,16946.52,11031.59,120.78
1999-05-10,16977.01,11007.25,120.68
1999-05-11,16743.18,11026.15,120.96
1999-05-12,16947.36,11000.37,120.86
1999-05-13,16851.25,11107.19,121.67
1999-05-14,16810.39,10913.32,122.64
1999-05-15,16810.39,10913.32,122.64
1999-05-16,16810.39,10913.32,122.64
1999-05-17,16421.02,10853.47,123.27
1999-05-18,16378.62,10836.95,123.24
1999-05-19,16128.18,10887.39,124.45
1999-05-20,16199.99,10866.74,124.15
1999-05-21,16292.98,10829.28,123.9
1999-05-22,16292.98,10829.28,123.9
1999-05-23,16292.98,10829.28,123.9
1999-05-24,16390.49,10654.67,123.57
1999-05-25,16214.23,10531.09,122.88
1999-05-26,16230.52,10702.16,122.03
1999-05-27,16177.19,10466.93,121.27
1999-05-28,15972.68,10559.74,120.88
1999-05-29,15972.68,10559.74,120.88
1999-05-30,15972.68,10559.74,120.88
1999-05-31,16111.65,10559.74,120.88
1999-06-01,16408.5,10596.26,120.75
1999-06-02,16417.99,10577.89,121.14
1999-06-03,16227.5,10663.69,121.5
1999-06-04,16300.75,10799.84,121.99
1999-06-05,16300.75,10799.84,121.99
1999-06-06,16300.75,10799.84,121.99
1999-06-07,16475.89,10909.38,121.31
1999-06-08,16562.92,10765.64,119.88
1999-06-09,16622.5,10690.29,119.2
1999-06-10,17102.62,10621.27,118.85
1999-06-11,17198.55,10490.51,118.14
1999-06-12,17198.55,10490.51,118.14
1999-06-13,17198.55,10490.51,118.14
1999-06-14,17188.82,10563.33,120.4
1999-06-15,17282,10594.99,120.63
1999-06-16,17210.18,10784.95,120.03
1999-06-17,17470.45,10841.63,119.47
1999-06-18,17431.26,10855.56,120.48
1999-06-19,17431.26,10855.56,120.48
1999-06-20,17431.26,10855.56,120.48
1999-06-21,17738.85,10815.98,122.28
1999-06-22,17777.62,10721.63,121.68
1999-06-23,17586.75,10666.86,122.05
1999-06-24,17628.32,10534.83,121.83
1999-06-25,17436.52,10552.56,121.28
1999-06-26,17436.52,10552.56,121.28
1999-06-27,17436.52,10552.56,121.28
1999-06-28,17610.58,10655.15,121.3
1999-06-29,17782.79,10815.35,120.81
1999-06-30,17529.74,10970.8,120.94
1999-07-01,17860.75,11066.42,120.99
1999-07-02,17932.47,11139.24,121.13
1999-07-03,17932.47,11139.24,121.13
1999-07-04,17932.47,11139.24,121.13
1999-07-05,18135.06,11139.24,121.13
1999-07-06,18050.73,11135.12,121.94
1999-07-07,17958.9,11187.36,122.19
1999-07-08,17967.65,11126.89,122.57
1999-07-09,17937.73,11193.7,122.37
1999-07-10,17937.73,11193.7,122.37
1999-07-11,17937.73,11193.7,122.37
1999-07-12,18274.18,11200.98,122.22
1999-07-13,18181.09,11175.02,121.38
1999-07-14,18357.86,11148.1,120.58
1999-07-15,18431.86,11186.41,120.49
1999-07-16,18248.3,11209.84,120.98
1999-07-17,18248.3,11209.84,120.98
1999-07-18,18248.3,11209.84,120.98
1999-07-19,18532.58,11187.68,119.18
1999-07-20,18532.58,10996.13,118.94
1999-07-21,18257.52,11002.78,118.25
1999-07-22,17730.34,10969.22,117.27
1999-07-23,17534.44,10910.96,116.51
1999-07-24,17534.44,10910.96,116.51
1999-07-25,17534.44,10910.96,116.51
1999-07-26,17491.34,10863.16,116.66
1999-07-27,17462.72,10979.04,116.23
1999-07-28,17579.91,10972.07,116.17
1999-07-29,17869.92,10791.29,115.19
1999-07-30,17861.86,10655.15,114.7
1999-07-31,17861.86,10655.15,114.7
1999-08-01,17861.86,10655.15,114.7
1999-08-02,17825.7,10645.96,114.51
1999-08-03,17969.93,10677.31,115.1
1999-08-04,17685.38,10674.77,114.2
1999-08-05,17358.19,10793.82,113.98
1999-08-06,17084.24,10714.03,114.6
1999-08-07,17084.24,10714.03,114.6
1999-08-08,17084.24,10714.03,114.6
1999-08-09,17190.45,10707.7,115.37
1999-08-10,17202.09,10655.15,114.44
1999-08-11,17211.16,10787.8,115.1
1999-08-12,17422.97,10789.39,115.76
1999-08-13,17435.17,10973.65,115.66
1999-08-14,17435.17,10973.65,115.66
1999-08-15,17435.17,10973.65,115.66
1999-08-16,17826.03,11046.79,114.83
1999-08-17,17860.09,11117.08,114.18
1999-08-18,17892.26,10991.38,112.3
1999-08-19,17879.74,10963.84,111.14
1999-08-20,18098.11,11100.61,111.44
1999-08-21,18098.11,11100.61,111.44
1999-08-22,18098.11,11100.61,111.44
1999-08-23,18233.55,11299.76,111.73
1999-08-24,18095.41,11283.3,111.53
1999-08-25,17855.16,11326.04,111.18
1999-08-26,17666.29,11198.45,111.83
1999-08-27,17599.37,11090.17,111.68
1999-08-28,17599.37,11090.17,111.68
1999-08-29,17599.37,11090.17,111.68
1999-08-30,17918.97,10914.13,111.13
1999-08-31,17436.56,10829.28,109.3
1999-09-01,17802.48,10937.88,109.35
1999-09-02,17631.25,10843.21,109.24
1999-09-03,17629.99,11078.45,110.09
1999-09-04,17629.99,11078.45,110.09
1999-09-05,17629.99,11078.45,110.09
1999-09-06,17756.51,11078.45,110.09
1999-09-07,17707.5,11034.13,110.92
1999-09-08,17641.38,11036.34,110.99
1999-09-09,17677.56,11079.4,108
1999-09-10,17711.02,11028.43,109
1999-09-11,17711.02,11028.43,109
1999-09-12,17711.02,11028.43,109
1999-09-13,17909.29,11030.33,106.19
1999-09-14,17777.22,10910.33,105.33
1999-09-15,17777.22,10801.42,103.78
1999-09-16,17291.59,10737.46,105.1
1999-09-17,17342.27,10803.63,106.94
1999-09-18,17342.27,10803.63,106.94
1999-09-19,17342.27,10803.63,106.94
1999-09-20,17575.26,10823.9,106.42
1999-09-21,17932.79,10598.47,104.85
1999-09-22,17325.76,10524.07,104.03
1999-09-23,17325.76,10318.59,104.18
1999-09-24,16871.73,10279.33,104.14
1999-09-25,16871.73,10279.33,104.14
1999-09-26,16871.73,10279.33,104.14
1999-09-27,16821.06,10303.39,106.07
1999-09-28,17325.7,10275.53,106.14
1999-09-29,17282.28,10213.48,106.8
1999-09-30,17605.46,10336.95,106.82
1999-10-01,17712.56,10273,105.08
1999-10-02,17712.56,10273,105.08
1999-10-03,17712.56,10273,105.08
1999-10-04,17763.71,10401.23,106.35
1999-10-05,17784.15,10400.59,106.96
1999-10-06,17896.42,10588.34,107.54
1999-10-07,18136.55,10537.05,107.67
1999-10-08,18062.18,10649.76,107.38
1999-10-09,18062.18,10649.76,107.38
1999-10-10,18062.18,10649.76,107.38
1999-10-11,18062.18,10648.18,107.38
1999-10-12,18090.81,10417.06,106.28
1999-10-13,17754.49,10232.16,107.45
1999-10-14,17780.26,10286.61,106.96
1999-10-15,17601.57,10019.71,105.43
1999-10-16,17601.57,10019.71,105.43
1999-10-17,17601.57,10019.71,105.43
1999-10-18,17275.33,10116.28,104.93
1999-10-19,17254.17,10204.93,105.5
1999-10-20,17534.71,10392.36,106.16
1999-10-21,17448.27,10297.69,105.96
1999-10-22,17438.8,10470.25,105.81
1999-10-23,17438.8,10470.25,105.81
1999-10-24,17438.8,10470.25,105.81
1999-10-25,17648.79,10349.93,105.35
1999-10-26,17671.79,10302.13,104.83
1999-10-27,17382.36,10394.89,104.24
1999-10-28,17413.71,10622.53,105.13
1999-10-29,17942.08,10729.86,104.29
1999-10-30,17942.08,10729.86,104.29
1999-10-31,17942.08,10729.86,104.29
1999-11-01,17996.92,10648.51,104.19
1999-11-02,17991.96,10581.84,104.15
1999-11-03,17991.96,10609.06,105
1999-11-04,18348.13,10639.64,104.48
1999-11-05,18354.9,10704.48,106.33
1999-11-06,18354.9,10704.48,106.33
1999-11-07,18354.9,10704.48,106.33
1999-11-08,18240.98,10718.85,105.77
1999-11-09,18292.16,10617.32,104.86
1999-11-10,18567.87,10597.74,104.58
1999-11-11,18327.28,10595.3,104.58
1999-11-12,18258.55,10769.32,105.34
1999-11-13,18258.55,10769.32,105.34
1999-11-14,18258.55,10769.32,105.34
1999-11-15,18198.09,10760.75,104.88
1999-11-16,18155.14,10932.33,105.83
1999-11-17,18274.82,10883.09,105.47
1999-11-18,18532.81,11035.7,105.85
1999-11-19,18570.84,11003.89,106.13
1999-11-20,18570.84,11003.89,106.13
1999-11-21,18570.84,11003.89,106.13
1999-11-22,18822.12,11089.52,104.87
1999-11-23,18822.12,10995.63,104.2
1999-11-24,18896.21,11008.17,104.62
1999-11-25,18721.78,11008.17,104.62
1999-11-26,18914.5,10988.91,102.19
1999-11-27,18914.5,10988.91,102.19
1999-11-28,18914.5,10988.91,102.19
1999-11-29,18850.27,10947.92,102.43
1999-11-30,18558.23,10877.81,101.8
1999-12-01,18495.95,10998.39,102.37
1999-12-02,18514.41,11039.06,102.69
1999-12-03,18368.14,11286.18,102.55
1999-12-04,18368.14,11286.18,102.55
1999-12-05,18368.14,11286.18,102.55
1999-12-06,18507.2,11225.01,103.1
1999-12-07,18593.96,11106.65,102.39
1999-12-08,18401.2,11068.12,102.97
1999-12-09,18260.72,11134.79,102.57
1999-12-10,18271.85,11224.7,102.4
1999-12-11,18271.85,11224.7,102.4
1999-12-12,18271.85,11224.7,102.4
1999-12-13,18205.08,11192.59,103.26
1999-12-14,18165.55,11160.17,103.47
1999-12-15,18138.36,11225.32,103.54
1999-12-16,18111.31,11244.89,103.04
1999-12-17,18095.12,11257.43,103.27
1999-12-18,18095.12,11257.43,103.27
1999-12-19,18095.12,11257.43,103.27
1999-12-20,18175.49,11144.27,102.72
1999-12-21,18080.38,11200.54,102.06
1999-12-22,18461.93,11203.6,101.53
1999-12-23,18461.93,11405.76,101.73
1999-12-24,18584.95,11405.76,102.95
1999-12-25,18584.95,11405.76,102.95
1999-12-26,18584.95,11405.76,102.95
1999-12-27,18546.9,11391.08,102.1
1999-12-28,18783.52,11476.71,102.19
1999-12-29,18810.58,11484.66,102.05
1999-12-30,18934.34,11452.86,102.33
1999-12-31,18934.34,11497.12,102.16
2000-01-01,18934.34,11497.12,102.16
2000-01-02,18934.34,11497.12,102.16
2000-01-03,18934.34,11357.51,101.7
2000-01-04,19002.86,10997.93,103.09
2000-01-05,18542.55,11122.65,103.77
2000-01-06,18168.27,11253.26,105.19
2000-01-07,18193.41,11522.56,105.17
2000-01-08,18193.41,11522.56,105.17
2000-01-09,18193.41,11522.56,105.17
2000-01-10,18193.41,11572.2,105.28
2000-01-11,18850.92,11511.08,106.09
2000-01-12,18677.42,11551.1,105.76
2000-01-13,18833.29,11582.43,106.09
2000-01-14,18956.55,11722.98,105.86
2000-01-15,18956.55,11722.98,105.86
2000-01-16,18956.55,11722.98,105.86
2000-01-17,19437.23,11722.98,105.86
2000-01-18,19196.57,11560.72,105.49
2000-01-19,18897.75,11489.36,105.39
2000-01-20,19008.01,11351.3,105.45
2000-01-21,18878.09,11251.71,104.96
2000-01-22,18878.09,11251.71,104.96
2000-01-23,18878.09,11251.71,104.96
2000-01-24,19056.71,11008.17,105.52
2000-01-25,18895.53,11029.89,105.87
2000-01-26,19111.19,11032.99,105.85
2000-01-27,19209.72,11028.02,104.91
2000-01-28,19434.78,10738.87,107.15
2000-01-29,19434.78,10738.87,107.15
2000-01-30,19434.78,10738.87,107.15
2000-01-31,19539.7,10940.53,107.33
2000-02-01,19423.38,11041.05,107.67
2000-02-02,19578.91,11003.2,108.4
2000-02-03,19786.42,11013.44,107.92
2000-02-04,19763.13,10963.8,107.54
2000-02-05,19763.13,10963.8,107.54
2000-02-06,19763.13,10963.8,107.54
2000-02-07,19945.43,10905.79,108.75
2000-02-08,19868.88,10957.6,109.59
2000-02-09,20007.77,10699.16,109.11
2000-02-10,19710.02,10643.63,108.74
2000-02-11,19710.02,10425.21,108.99
2000-02-12,19710.02,10425.21,108.99
2000-02-13,19710.02,10425.21,108.99
2000-02-14,19556.46,10519.84,108.65
2000-02-15,19367.83,10718.09,108.75
2000-02-16,19599.18,10561.41,109.38
2000-02-17,19791.4,10514.57,110.27
2000-02-18,19789.03,10219.52,110.88
2000-02-19,19789.03,10219.52,110.88
2000-02-20,19789.03,10219.52,110.88
2000-02-21,19543.75,10219.52,110.88
2000-02-22,19390.58,10304.84,111.04
2000-02-23,19519.55,10225.73,111.11
2000-02-24,19571.44,10092.63,110.95
2000-02-25,19817.88,9862.12,110.98
2000-02-26,19817.88,9862.12,110.98
2000-02-27,19817.88,9862.12,110.98
2000-02-28,19720.1,10038.65,109.17
2000-02-29,19959.52,10128.31,109.88
2000-03-01,20081.67,10137.93,107.1
2000-03-02,20065.11,10164.92,107.37
2000-03-03,19927.54,10367.2,107.8
2000-03-04,19927.54,10367.2,107.8
2000-03-05,19927.54,10367.2,107.8
2000-03-06,19796.35,10170.5,107.74
2000-03-07,19944.24,9796.03,106.2
2000-03-08,19766.8,9856.53,106.89
2000-03-09,19662.33,10010.73,106.45
2000-03-10,19750.4,9928.82,106.27
2000-03-11,19750.4,9928.82,106.27
2000-03-12,19750.4,9928.82,106.27
2000-03-13,19189.93,9947.13,105.32
2000-03-14,19141.84,9811.24,104.85
2000-03-15,19078.6,10131.41,105.58
2000-03-16,19253.23,10630.6,105.63
2000-03-17,19566.32,10595.23,106.1
2000-03-18,19566.32,10595.23,106.1
2000-03-19,19566.32,10595.23,106.1
2000-03-20,19566.32,10680.24,106.5
2000-03-21,19602.36,10907.34,106.91
2000-03-22,19733.59,10866.7,106.77
2000-03-23,19704.6,11119.86,107.45
2000-03-24,19958.08,11112.72,107.25
2000-03-25,19958.08,11112.72,107.25
2000-03-26,19958.08,11112.72,107.25
2000-03-27,20281.03,11025.85,107.13
2000-03-28,20374.34,10936.11,105.9
2000-03-29,20706.65,11018.72,105.6
2000-03-30,20441.5,10980.25,105.53
2000-03-31,20337.32,10921.92,102.73
2000-04-01,20337.32,10921.92,102.73
2000-04-02,20337.32,10921.92,102.73
2000-04-03,20726.99,11221.93,104.82
2000-04-04,20594.93,11164.84,105.33
2000-04-05,20462.77,11033.92,105
2000-04-06,20223.61,11114.27,104.78
2000-04-07,20252.81,11111.48,105.33
2000-04-08,20252.81,11111.48,105.33
2000-04-09,20252.81,11111.48,105.33
2000-04-10,20619.06,11186.56,106.37
2000-04-11,20522.52,11287.08,106.95
2000-04-12,20833.21,11125.13,105.86
2000-04-13,20526.42,10923.55,105.76
2000-04-14,20434.68,10305.77,105.12
2000-04-15,20434.68,10305.77,105.12
2000-04-16,20434.68,10305.77,105.12
2000-04-17,19008.64,10582.51,104.19
2000-04-18,18969.52,10767.42,104.59
2000-04-19,19086.62,10674.96,104.94
2000-04-20,18959.32,10844.05,105.45
2000-04-21,18252.68,10844.05,105.88
2000-04-22,18252.68,10844.05,105.88
2000-04-23,18252.68,10844.05,105.88
2000-04-24,18480.15,10906.1,105.66
2000-04-25,18272.33,11124.82,105.71
2000-04-26,18134.31,10945.5,106.46
2000-04-27,18019.17,10888.1,106.36
2000-04-28,17973.7,10733.91,107.98
2000-04-29,17973.7,10733.91,107.98
2000-04-30,17973.7,10733.91,107.98
2000-05-01,18403.08,10811.78,108.89
2000-05-02,18439.36,10731.12,108.63
2000-05-03,18439.36,10480.13,109.14
2000-05-04,18439.36,10412.49,108.17
2000-05-05,18439.36,10577.86,108.53
2000-05-06,18439.36,10577.86,108.53
2000-05-07,18439.36,10577.86,108.53
2000-05-08,18199.96,10603.63,109.03
2000-05-09,17844.54,10536.75,109.61
2000-05-10,17701.47,10367.78,109.33
2000-05-11,16882.46,10545.97,108.47
2000-05-12,17357.86,10609.37,108.74
2000-05-13,17357.86,10609.37,108.74
2000-05-14,17357.86,10609.37,108.74
2000-05-15,17313.69,10807.78,109.48
2000-05-16,17551.25,10934.57,109.75
2000-05-17,17404.03,10769.74,109.53
2000-05-18,17031.63,10777.28,108.7
2000-05-19,16858.17,10626.85,106.89
2000-05-20,16858.17,10626.85,106.89
2000-05-21,16858.17,10626.85,106.89
2000-05-22,16386.01,10542.55,107.02
2000-05-23,16318.73,10422.27,106.72
2000-05-24,16044.44,10535.35,107.58
2000-05-25,16247.82,10323.92,107.48
2000-05-26,16008.14,10299.24,107.18
2000-05-27,16008.14,10299.24,107.18
2000-05-28,16008.14,10299.24,107.18
2000-05-29,16245.44,10299.24,107.18
2000-05-30,16228.9,10527.13,106.44
2000-05-31,16332.45,10522.33,107.74
2000-06-01,16694.3,10652.2,108.74
2000-06-02,16800.06,10794.76,108.15
2000-06-03,16800.06,10794.76,108.15
2000-06-04,16800.06,10794.76,108.15
2000-06-05,17201.79,10815.3,107.44
2000-06-06,17170.08,10735.57,105.64
2000-06-07,17144.96,10812.86,105.5
2000-06-08,17004.34,10668.72,105.86
2000-06-09,16861.91,10614.06,106.78
2000-06-10,16861.91,10614.06,106.78
2000-06-11,16861.91,10614.06,106.78
2000-06-12,16980.61,10564.21,106.65
2000-06-13,16914.95,10621.84,106.79
2000-06-14,16654.42,10687.95,106.89
2000-06-15,16338.7,10714.82,106.52
2000-06-16,16318.31,10449.3,106.22
2000-06-17,16318.31,10449.3,106.22
2000-06-18,16318.31,10449.3,106.22
2000-06-19,16591.35,10557.84,105.74
2000-06-20,16907.55,10435.16,105.42
2000-06-21,17210.08,10497.74,105.5
2000-06-22,17106.01,10376.12,104.4
2000-06-23,16963.21,10404.75,104.59
2000-06-24,16963.21,10404.75,104.59
2000-06-25,16963.21,10404.75,104.59
2000-06-26,16925.4,10542.99,105.66
2000-06-27,17279.06,10504.46,105.53
2000-06-28,17370.17,10527.79,105.51
2000-06-29,17475.9,10398.04,105.09
2000-06-30,17411.05,10447.89,106.14
2000-07-01,17411.05,10447.89,106.14
2000-07-02,17411.05,10447.89,106.14
2000-07-03,17614.66,10560.67,105.64
2000-07-04,17470.15,10560.67,105.64
2000-07-05,17435.95,10483.6,106.91
2000-07-06,17282.37,10481.47,107.37
2000-07-07,17398.24,10635.98,107.81
2000-07-08,17398.24,10635.98,107.81
2000-07-09,17398.24,10635.98,107.81
2000-07-10,17572.68,10646.58,107.1
2000-07-11,17504.36,10727.19,106.93
2000-07-12,17342.13,10783.76,108.36
2000-07-13,17036.9,10788.71,108.27
2000-07-14,17142.9,10812.75,107.88
2000-07-15,17142.9,10812.75,107.88
2000-07-16,17142.9,10812.75,107.88
2000-07-17,17286.83,10804.27,108.53
2000-07-18,16945.07,10739.92,108.3
2000-07-19,16983.57,10696.08,108.2
2000-07-20,16983.57,10843.87,107.89
2000-07-21,16811.49,10733.56,109.08
2000-07-22,16811.49,10733.56,109.08
2000-07-23,16811.49,10733.56,109.08
2000-07-24,16547.12,10685.12,108.92
2000-07-25,16573.59,10699.97,109.3
2000-07-26,16502.61,10516.48,109.28
2000-07-27,16182.01,10586.13,109.15
2000-07-28,15838.57,10511.17,109.63
2000-07-29,15838.57,10511.17,109.63
2000-07-30,15838.57,10511.17,109.63
2000-07-31,15727.49,10521.98,109.68
2000-08-01,16099.67,10606.95,109.47
2000-08-02,16206.19,10687.53,108.77
2000-08-03,15814.44,10706.58,108.36
2000-08-04,15667.36,10767.75,108.54
2000-08-05,15667.36,10767.75,108.54
2000-08-06,15667.36,10767.75,108.54
2000-08-07,16002.71,10867.01,108.99
2000-08-08,15820.11,10976.89,108.64
2000-08-09,16034.6,10905.83,107.99
2000-08-10,15975.65,10908.76,108.7
2000-08-11,16117.5,11027.8,108.68
2000-08-12,16117.5,11027.8,108.68
2000-08-13,16117.5,11027.8,108.68
2000-08-14,16153.91,11176.14,109.52
2000-08-15,16298.29,11067,109
2000-08-16,16356.03,11008.39,108.55
2000-08-17,16161.03,11055.64,108.48
2000-08-18,16280.49,11046.48,108.43
2000-08-19,16280.49,11046.48,108.43
2000-08-20,16280.49,11046.48,108.43
2000-08-21,16040.18,11079.81,108.53
2000-08-22,16454.74,11139.15,108.34
2000-08-23,16436.65,11144.65,107.02
2000-08-24,16670.82,11182.74,106.89
2000-08-25,16911.33,11192.63,107.17
2000-08-26,16911.33,11192.63,107.17
2000-08-27,16911.33,11192.63,107.17
2000-08-28,17181.12,11252.84,106.45
2000-08-29,17141.75,11215.1,106.2
2000-08-30,16901.67,11103.01,106.47
2000-08-31,16861.26,11215.1,106.66
2000-09-01,16739.78,11238.78,105.78
2000-09-02,16739.78,11238.78,105.78
2000-09-03,16739.78,11238.78,105.78
2000-09-04,16688.21,11238.78,105.78
2000-09-05,16452.27,11260.61,105.88
2000-09-06,16399.87,11310.64,106.08
2000-09-07,16300.46,11259.87,105.1
2000-09-08,16501.55,11220.65,106.03
2000-09-09,16501.55,11220.65,106.03
2000-09-10,16501.55,11220.65,106.03
2000-09-11,16130.9,11195.49,105.97
2000-09-12,16040.23,11233.23,106.93
2000-09-13,16190.52,11182.18,107.11
2000-09-14,16213.28,11087.47,107.25
2000-09-15,16213.28,10927,107.33
2000-09-16,16213.28,10927,107.33
2000-09-17,16213.28,10927,107.33
2000-09-18,16061.16,10808.52,106.87
2000-09-19,16124.19,10789.29,107.02
2000-09-20,16458.31,10687.92,106.77
2000-09-21,16311.05,10765.52,106.5
2000-09-22,15818.25,10847.37,107.94
2000-09-23,15818.25,10847.37,107.94
2000-09-24,15818.25,10847.37,107.94
2000-09-25,15992.9,10808.15,107.63
2000-09-26,15928.62,10631.32,107.63
2000-09-27,15639.95,10628.36,107.44
2000-09-28,15626.96,10824.06,107.59
2000-09-29,15747.26,10650.92,107.9
2000-09-30,15747.26,10650.92,107.9
2000-10-01,15747.26,10650.92,107.9
2000-10-02,15902.51,10700.13,108.81
2000-10-03,15912.09,10719.74,108.66
2000-10-04,16149.08,10784.48,109.29
2000-10-05,16099.26,10724.92,109.3
2000-10-06,15994.24,10596.54,108.81
2000-10-07,15994.24,10596.54,108.81
2000-10-08,15994.24,10596.54,108.81
2000-10-09,15994.24,10568.43,108.81
2000-10-10,15827.72,10524.4,107.9
2000-10-11,15513.57,10413.79,107.63
2000-10-12,15550.64,10034.58,107.58
2000-10-13,15330.31,10192.18,107.67
2000-10-14,15330.31,10192.18,107.67
2000-10-15,15330.31,10192.18,107.67
2000-10-16,15512.32,10238.8,108.3
2000-10-17,15340.22,10089.71,108.15
2000-10-18,14872.48,9975.02,107.78
2000-10-19,14811.08,10142.98,108.55
2000-10-20,15198.73,10226.59,109.04
2000-10-21,15198.73,10226.59,109.04
2000-10-22,15198.73,10226.59,109.04
2000-10-23,15097.96,10271.72,108.45
2000-10-24,15148.19,10393.07,108.08
2000-10-25,14840.47,10326.48,108.05
2000-10-26,14858.43,10380.12,108.36
2000-10-27,14582.2,10590.62,108.75
2000-10-28,14582.2,10590.62,108.75
2000-10-29,14582.2,10590.62,108.75
2000-10-30,14464.56,10835.77,108.99
2000-10-31,14539.6,10971.14,109.15
2000-11-01,14872.39,10899.47,108.48
2000-11-02,14837.78,10880.51,108.39
2000-11-03,14837.78,10817.95,107.58
2000-11-04,14837.78,10817.95,107.58
2000-11-05,14837.78,10817.95,107.58
2000-11-06,15371.44,10977.21,107.34
2000-11-07,15340.33,10952.18,107.3
2000-11-08,15399.64,10907.06,107.57
2000-11-09,15060.05,10834.25,107.41
2000-11-10,14988.54,10602.95,107.83
2000-11-11,14988.54,10602.95,107.83
2000-11-12,14988.54,10602.95,107.83
2000-11-13,14664.64,10517.25,107.7
2000-11-14,14660.04,10681.06,108.15
2000-11-15,14799.14,10707.6,108.75
2000-11-16,14587.03,10656.03,109.08
2000-11-17,14544.3,10629.87,108.86
2000-11-18,14544.3,10629.87,108.86
2000-11-19,14544.3,10629.87,108.86
2000-11-20,14531.65,10462.65,109.79
2000-11-21,14408.46,10494.5,110.29
2000-11-22,14301.31,10399.32,110.16
2000-11-23,14301.31,10399.32,110.16
2000-11-24,14315.35,10470.23,111.38
2000-11-25,14315.35,10470.23,111.38
2000-11-26,14315.35,10470.23,111.38
2000-11-27,14720.39,10546.07,110.7
2000-11-28,14658.87,10507.58,110.23
2000-11-29,14507.64,10629.11,111.28
2000-11-30,14648.51,10414.49,110.93
2000-12-01,14835.33,10373.54,111.15
2000-12-02,14835.33,10373.54,111.15
2000-12-03,14835.33,10373.54,111.15
2000-12-04,14954.73,10560.95,111.07
2000-12-05,14695.05,10898.72,111
2000-12-06,14889.37,10664.38,110.42
2000-12-07,14720.36,10617.36,110.7
2000-12-08,14696.51,10712.91,111.29
2000-12-09,14696.51,10712.91,111.29
2000-12-10,14696.51,10712.91,111.29
2000-12-11,15015.7,10725.8,110.77
2000-12-12,15114.64,10768.27,111.5
2000-12-13,15168.68,10794.44,112.4
2000-12-14,14927.19,10674.99,112.42
2000-12-15,14552.29,10434.96,112.55
2000-12-16,14552.29,10434.96,112.55
2000-12-17,14552.29,10434.96,112.55
2000-12-18,14483.9,10645.42,112.06
2000-12-19,14132.37,10584.37,112.55
2000-12-20,13914.43,10318.93,112.58
2000-12-21,13423.21,10487.29,112.18
2000-12-22,13427.08,10635.56,112.75
2000-12-23,13427.08,10635.56,112.75
2000-12-24,13427.08,10635.56,112.75
2000-12-25,13931.61,10635.56,112.75
2000-12-26,14007.85,10692.44,113.62
2000-12-27,13981.49,10803.16,114.2
2000-12-28,13946.96,10868.76,114.62
2000-12-29,13785.69,10787.99,114.35
2000-12-30,13785.69,10787.99,114.35
2000-12-31,13785.69,10787.99,114.35
2001-01-01,13785.69,10787.99,114.35
2001-01-02,13785.69,10646.15,114.73
2001-01-03,13785.69,10945.75,114.26
2001-01-04,13691.49,10912.41,115.47
2001-01-05,13867.61,10662.01,116.19
2001-01-06,13867.61,10662.01,116.19
2001-01-07,13867.61,10662.01,116.19
2001-01-08,13867.61,10621.35,115.97
2001-01-09,13610.51,10572.55,116.64
2001-01-10,13432.65,10604.27,116.26
2001-01-11,13201.07,10609.55,117.56
2001-01-12,13347.74,10525.38,117.76
2001-01-13,13347.74,10525.38,117.76
2001-01-14,13347.74,10525.38,117.76
2001-01-15,13506.23,10525.38,117.76
2001-01-16,13584.45,10652.66,117.28
2001-01-17,13667.63,10584.34,118.35
2001-01-18,13873.92,10678.28,117.78
2001-01-19,13989.12,10587.59,117.23
2001-01-20,13989.12,10587.59,117.23
2001-01-21,13989.12,10587.59,117.23
2001-01-22,14032.42,10578.24,116.62
2001-01-23,13984.66,10649.81,116.95
2001-01-24,13893.58,10646.97,118.18
2001-01-25,13803.38,10729.52,116.91
2001-01-26,13696.06,10659.98,117.16
2001-01-27,13696.06,10659.98,117.16
2001-01-28,13696.06,10659.98,117.16
2001-01-29,13845.28,10702.19,116.67
2001-01-30,13826.65,10881.2,115.75
2001-01-31,13843.55,10887.36,116.39
2001-02-01,13779.55,10983.63,115.33
2001-02-02,13703.63,10864.1,115.65
2001-02-03,13703.63,10864.1,115.65
2001-02-04,13703.63,10864.1,115.65
2001-02-05,13385.52,10965.85,114.99
2001-02-06,13269.85,10957.42,114.88
2001-02-07,13366.01,10946.72,116.21
2001-02-08,13138.23,10880.55,116.3
2001-02-09,13422.83,10781.45,117.57
2001-02-10,13422.83,10781.45,117.57
2001-02-11,13422.83,10781.45,117.57
2001-02-12,13422.83,10946.77,117.62
2001-02-13,13274.7,10903.32,117.3
2001-02-14,13284.06,10795.41,116.65
2001-02-15,13327.39,10891.02,115.67
2001-02-16,13175.49,10799.82,115.46
2001-02-17,13175.49,10799.82,115.46
2001-02-18,13175.49,10799.82,115.46
2001-02-19,13119.59,10799.82,115.46
2001-02-20,13248.36,10730.88,115.57
2001-02-21,13100.08,10526.58,116.45
2001-02-22,13073.36,10526.81,116.53
2001-02-23,13246,10441.9,116.15
2001-02-24,13246,10441.9,116.15
2001-02-25,13246,10441.9,116.15
2001-02-26,13201.14,10642.53,116.63
2001-02-27,13059.86,10636.88,116.2
2001-02-28,12883.54,10495.28,117.28
2001-03-01,12681.66,10450.14,117.33
2001-03-02,12261.8,10466.31,119.06
2001-03-03,12261.8,10466.31,119.06
2001-03-04,12261.8,10466.31,119.06
2001-03-05,12322.16,10562.3,119.08
2001-03-06,12687.74,10591.22,118.87
2001-03-07,12723.89,10729.6,119.86
2001-03-08,12650.56,10858.25,119.51
2001-03-09,12627.9,10644.62,119.71
2001-03-10,12627.9,10644.62,119.71
2001-03-11,12627.9,10644.62,119.71
2001-03-12,12171.37,10208.25,120.63
2001-03-13,11819.7,10290.8,120.2
2001-03-14,11843.59,9973.46,120.97
2001-03-15,12152.83,10031.28,122.23
2001-03-16,12232.98,9823.41,122.85
2001-03-17,12232.98,9823.41,122.85
2001-03-18,12232.98,9823.41,122.85
2001-03-19,12190.97,9959.11,122.57
2001-03-20,12190.97,9720.76,122.73
2001-03-21,13103.94,9487,123.62
2001-03-22,12853.97,9389.48,123.84
2001-03-23,13214.54,9504.78,122.64
2001-03-24,13214.54,9504.78,122.64
2001-03-25,13214.54,9504.78,122.64
2001-03-26,13862.31,9687.53,122.81
2001-03-27,13638.33,9947.54,122.99
2001-03-28,13765.51,9785.35,122.62
2001-03-29,13072.36,9799.06,123.45
2001-03-30,12999.7,9878.78,125.54
2001-03-31,12999.7,9878.78,125.54
2001-04-01,12999.7,9878.78,125.54
2001-04-02,12937.86,9777.93,126.75
2001-04-03,13124.47,9485.71,125.41
2001-04-04,13242.78,9515.42,125.38
2001-04-05,13381.38,9918.05,124.33
2001-04-06,13383.76,9791.09,124.03
2001-04-07,13383.76,9791.09,124.03
2001-04-08,13383.76,9791.09,124.03
2001-04-09,12841.76,9845.15,124.85
2001-04-10,12620.27,10102.74,124.48
2001-04-11,13174.93,10013.47,124.82
2001-04-12,13352.44,10126.94,123.51
2001-04-13,13385.72,10126.94,124.15
2001-04-14,13385.72,10126.94,124.15
2001-04-15,13385.72,10126.94,124.15
2001-04-16,13254.89,10158.56,124.64
2001-04-17,13067.09,10216.73,123.67
2001-04-18,13641.79,10615.83,122.35
2001-04-19,13868.28,10693.71,121.87
2001-04-20,13765.67,10579.85,122.52
2001-04-21,13765.67,10579.85,122.52
2001-04-22,13765.67,10579.85,122.52
2001-04-23,13715.6,10532.23,121.68
2001-04-24,13743.18,10454.34,122.08
2001-04-25,13827.5,10625.2,122.21
2001-04-26,13973.03,10692.35,123.13
2001-04-27,13934.32,10810.05,123.76
2001-04-28,13934.32,10810.05,123.76
2001-04-29,13934.32,10810.05,123.76
2001-04-30,13934.32,10734.97,123.57
2001-05-01,14425.46,10898.34,121.92
2001-05-02,14421.64,10876.68,121.72
2001-05-03,14421.64,10796.65,121.19
2001-05-04,14421.64,10951.24,121.05
2001-05-05,14421.64,10951.24,121.05
2001-05-06,14421.64,10951.24,121.05
2001-05-07,14529.41,10935.17,121.34
2001-05-08,14289.05,10883.51,121.66
2001-05-09,14084.85,10866.98,122.25
2001-05-10,14017.79,10910.44,122.71
2001-05-11,14043.92,10821.31,122.5
2001-05-12,14043.92,10821.31,122.5
2001-05-13,14043.92,10821.31,122.5
2001-05-14,13873.02,10877.33,123.12
2001-05-15,14054.03,10872.97,123.26
2001-05-16,13694.27,11215.92,123.59
2001-05-17,13910.67,11248.58,122.68
2001-05-18,13877.77,11301.74,123.67
2001-05-19,13877.77,11301.74,123.67
2001-05-20,13877.77,11301.74,123.67
2001-05-21,14176.83,11337.92,122.91
2001-05-22,14091.19,11257.24,122.79
2001-05-23,14067.7,11105.51,120.39
2001-05-24,13895.79,11122.42,120.15
2001-05-25,13765.92,11005.37,120.75
2001-05-26,13765.92,11005.37,120.75
2001-05-27,13765.92,11005.37,120.75
2001-05-28,13737.77,11005.37,120.75
2001-05-29,13773.89,11039.14,120.1
2001-05-30,13493.35,10872.64,120.27
2001-05-31,13262.14,10911.94,118.88
2001-06-01,13261.84,10990.41,119.13
2001-06-02,13261.84,10990.41,119.13
2001-06-03,13261.84,10990.41,119.13
2001-06-04,13312.35,11061.52,119.5
2001-06-05,13182,11175.84,120.27
2001-06-06,13174.84,11070.24,120.35
2001-06-07,13277.51,11090.74,119.91
2001-06-08,13430.22,10977,120.6
2001-06-09,13430.22,10977,120.6
2001-06-10,13430.22,10977,120.6
2001-06-11,13226.48,10922.09,122.02
2001-06-12,12840.1,10948.38,121.74
2001-06-13,12823.45,10871.62,121.89
2001-06-14,12846.66,10690.13,121.42
2001-06-15,12790.38,10623.64,122.97
2001-06-16,12790.38,10623.64,122.97
2001-06-17,12790.38,10623.64,122.97
2001-06-18,12697.79,10645.38,123.2
2001-06-19,12574.26,10596.67,122.97
2001-06-20,12674.64,10647.33,123.3
2001-06-21,12962.43,10715.43,124.4
2001-06-22,13044.61,10604.59,124.25
2001-06-23,13044.61,10604.59,124.25
2001-06-24,13044.61,10604.59,124.25
2001-06-25,12896.47,10504.22,124.02
2001-06-26,12978.82,10472.48,123.82
2001-06-27,12828.98,10434.84,124.25
2001-06-28,12679.88,10566.21,124.63
2001-06-29,12969.05,10502.4,124.73
2001-06-30,12969.05,10502.4,124.73
2001-07-01,12969.05,10502.4,124.73
2001-07-02,12751.18,10593.72,124.22
2001-07-03,12817.41,10571.11,124.48
2001-07-04,12629.02,10571.11,124.48
2001-07-05,12607.3,10479.86,125.77
2001-07-06,12306.08,10252.68,125.85
2001-07-07,12306.08,10252.68,125.85
2001-07-08,12306.08,10252.68,125.85
2001-07-09,12239.68,10299.4,125.43
2001-07-10,12300.41,10175.64,125.53
2001-07-11,12005.11,10241.02,124.06
2001-07-12,12407.95,10478.99,124.1
2001-07-13,12355.15,10539.06,124.75
2001-07-14,12355.15,10539.06,124.75
2001-07-15,12355.15,10539.06,124.75
2001-07-16,12343.37,10472.12,125.44
2001-07-17,12128.57,10606.39,124.89
2001-07-18,11892.58,10569.83,124.35
2001-07-19,11908.39,10610,123.61
2001-07-20,11908.39,10576.65,122.85
2001-07-21,11908.39,10576.65,122.85
2001-07-22,11908.39,10576.65,122.85
2001-07-23,11609.63,10424.42,124.19
2001-07-24,11883.25,10241.12,124
2001-07-25,11891.61,10405.67,123.64
2001-07-26,11858.56,10455.63,123.83
2001-07-27,11798.08,10416.67,123.29
2001-07-28,11798.08,10416.67,123.29
2001-07-29,11798.08,10416.67,123.29
2001-07-30,11579.27,10401.72,125.18
2001-07-31,11860.77,10522.81,125
2001-08-01,11959.33,10510.01,124.87
2001-08-02,12399.2,10551.18,123.72
2001-08-03,12241.97,10512.78,123.46
2001-08-04,12241.97,10512.78,123.46
2001-08-05,12241.97,10512.78,123.46
2001-08-06,12243.9,10401.31,123.85
2001-08-07,12319.46,10458.74,123.83
2001-08-08,12163.67,10293.5,123.2
2001-08-09,11754.56,10298.56,123.03
2001-08-10,11735.06,10416.25,121.97
2001-08-11,11735.06,10416.25,121.97
2001-08-12,11735.06,10416.25,121.97
2001-08-13,11477.56,10415.91,122.46
2001-08-14,11917.95,10412.17,121.6
2001-08-15,11755.4,10345.95,119.92
2001-08-16,11515.02,10392.52,120.11
2001-08-17,11445.54,10240.78,120.37
2001-08-18,11445.54,10240.78,120.37
2001-08-19,11445.54,10240.78,120.37
2001-08-20,11257.94,10320.07,120.72
2001-08-21,11280.38,10174.14,119.91
2001-08-22,11396.43,10276.9,119.91
2001-08-23,11126.92,10229.15,119.84
2001-08-24,11166.31,10423.17,120.13
2001-08-25,11166.31,10423.17,120.13
2001-08-26,11166.31,10423.17,120.13
2001-08-27,11275.01,10382.35,120.12
2001-08-28,11189.4,10222.03,120.48
2001-08-29,10979.76,10090.9,119.79
2001-08-30,10938.45,9919.58,119.4
2001-08-31,10713.51,9949.75,118.75
2001-09-01,10713.51,9949.75,118.75
2001-09-02,10713.51,9949.75,118.75
2001-09-03,10409.68,9949.75,118.75
2001-09-04,10772.59,9997.49,119.49
2001-09-05,10598.79,10033.27,120.76
2001-09-06,10650.33,9840.84,120.95
2001-09-07,10516.79,9605.85,120.07
2001-09-08,10516.79,9605.85,120.07
2001-09-09,10516.79,9605.85,120.07
2001-09-10,10195.69,9605.51,121.08
2001-09-11,10292.95,9605.51,121.08
2001-09-12,9610.1,9605.51,119.53
2001-09-13,9613.09,9605.51,118.81
2001-09-14,10008.89,9605.51,117.38
2001-09-15,10008.89,9605.51,117.38
2001-09-16,10008.89,9605.51,117.38
2001-09-17,9504.41,8920.7,117.59
2001-09-18,9679.88,8903.4,117.32
2001-09-19,9939.6,8759.13,117.3
2001-09-20,9785.16,8376.21,115.89
2001-09-21,9554.99,8235.81,116.73
2001-09-22,9554.99,8235.81,116.73
2001-09-23,9554.99,8235.81,116.73
2001-09-24,9554.99,8603.86,117.52
2001-09-25,9693.97,8659.97,117.78
2001-09-26,9641.7,8567.39,117.89
2001-09-27,9696.53,8681.42,119.69
2001-09-28,9774.68,8847.56,119.23
2001-09-29,9774.68,8847.56,119.23
2001-09-30,9774.68,8847.56,119.23
2001-10-01,9972.28,8836.83,120.27
2001-10-02,10136.56,8950.59,120.78
2001-10-03,9924.23,9123.78,120.67
2001-10-04,10205.48,9060.88,120.63
2001-10-05,10205.87,9119.77,120.37
2001-10-06,10205.87,9119.77,120.37
2001-10-07,10205.87,9119.77,120.37
2001-10-08,10205.87,9067.94,120.37
2001-10-09,10011.77,9052.44,120.2
2001-10-10,9964.88,9240.86,120.43
2001-10-11,10347.01,9410.45,121.57
2001-10-12,10632.35,9344.16,120.93
2001-10-13,10632.35,9344.16,120.93
2001-10-14,10632.35,9344.16,120.93
2001-10-15,10452.54,9347.62,120.94
2001-10-16,10637.82,9384.23,121.27
2001-10-17,10755.45,9232.97,121.05
2001-10-18,10474.85,9163.22,121.18
2001-10-19,10538.79,9204.11,121.15
2001-10-20,10538.79,9204.11,121.15
2001-10-21,10538.79,9204.11,121.15
2001-10-22,10565.41,9377.03,122.45
2001-10-23,10861.56,9340.08,122.83
2001-10-24,10802.15,9345.62,122.86
2001-10-25,10880.1,9462.9,122.72
2001-10-26,10795.16,9545.17,122.99
2001-10-27,10795.16,9545.17,122.99
2001-10-28,10795.16,9545.17,122.99
2001-10-29,10612.31,9269.5,122.08
2001-10-30,10512.82,9121.98,122.07
2001-10-31,10366.34,9075.14,122.54
2001-11-01,10347.28,9263.9,121.87
2001-11-02,10383.78,9323.54,121.68
2001-11-03,10383.78,9323.54,121.68
2001-11-04,10383.78,9323.54,121.68
2001-11-05,10447.54,9441.03,121.72
2001-11-06,10633.72,9591.12,121.15
2001-11-07,10284.98,9554.37,121.05
2001-11-08,10431.79,9587.52,119.98
2001-11-09,10215.71,9608,120.25
2001-11-10,10215.71,9608,120.25
2001-11-11,10215.71,9608,120.25
2001-11-12,10081.56,9554.37,120.25
2001-11-13,10030.56,9750.95,121.45
2001-11-14,10086.76,9823.61,121.67
2001-11-15,10489.89,9872.39,122.4
2001-11-16,10649.09,9866.99,122.67
2001-11-17,10649.09,9866.99,122.67
2001-11-18,10649.09,9866.99,122.67
2001-11-19,10727.94,9976.46,123.27
2001-11-20,10575.62,9901.38,122.62
2001-11-21,10661.08,9834.68,123.19
2001-11-22,10696.82,9834.68,123.19
2001-11-23,10696.82,9959.71,124.44
2001-11-24,10696.82,9959.71,124.44
2001-11-25,10696.82,9959.71,124.44
2001-11-26,11064.3,9982.75,124.2
2001-11-27,10948.89,9872.6,124.17
2001-11-28,10624.81,9711.86,123.29
2001-11-29,10655.96,9829.42,123.82
2001-11-30,10697.44,9851.56,123.22
2001-12-01,10697.44,9851.56,123.22
2001-12-02,10697.44,9851.56,123.22
2001-12-03,10370.62,9763.96,123.9
2001-12-04,10452.65,9893.84,124.28
2001-12-05,10713.81,10114.29,124.4
2001-12-06,10857.28,10099.14,124.83
2001-12-07,10796.89,10049.46,125.66
2001-12-08,10796.89,10049.46,125.66
2001-12-09,10796.89,10049.46,125.66
2001-12-10,10571.01,9921.45,126.27
2001-12-11,10473.91,9888.37,126.23
2001-12-12,10801.52,9894.81,126.52
2001-12-13,10433.45,9766.45,126.32
2001-12-14,10511.65,9811.15,127.24
2001-12-15,10511.65,9811.15,127.24
2001-12-16,10511.65,9811.15,127.24
2001-12-17,10323.35,9891.97,127.54
2001-12-18,10432.17,9998.39,127.97
2001-12-19,10471.93,10070.49,128.2
2001-12-20,10434.52,9985.18,128.55
2001-12-21,10335.45,10035.34,129.48
2001-12-22,10335.45,10035.34,129.48
2001-12-23,10335.45,10035.34,129.48
2001-12-24,10335.45,10035.34,129.9
2001-12-25,10254.81,10035.34,129.9
2001-12-26,10192.57,10088.14,130.79
2001-12-27,10457.61,10131.31,131.47
2001-12-28,10542.62,10136.99,131.3
2001-12-29,10542.62,10136.99,131.3
2001-12-30,10542.62,10136.99,131.3
2001-12-31,10542.62,10021.57,131.04
2002-01-01,10542.62,10021.57,131.04
2002-01-02,10542.62,10073.4,132.02
2002-01-03,10542.62,10172.14,131.76
2002-01-04,10871.49,10259.74,131.02
2002-01-05,10871.49,10259.74,131.02
2002-01-06,10871.49,10259.74,131.02
2002-01-07,10942.36,10197.05,130.93
2002-01-08,10695.6,10150.55,132.53
2002-01-09,10663.98,10094.09,132.62
2002-01-10,10538.43,10067.86,132.61
2002-01-11,10441.59,9987.53,132.17
2002-01-12,10441.59,9987.53,132.17
2002-01-13,10441.59,9987.53,132.17
2002-01-14,10441.59,9891.42,131.83
2002-01-15,10208.05,9924.15,131.14
2002-01-16,10177.58,9712.27,131.77
2002-01-17,10128.18,9850.04,132.13
2002-01-18,10293.32,9771.85,132.64
2002-01-19,10293.32,9771.85,132.64
2002-01-20,10293.32,9771.85,132.64
2002-01-21,10280.25,9771.85,132.64
2002-01-22,10050.98,9713.8,133.98
2002-01-23,10040.91,9730.96,134.25
2002-01-24,10074.05,9796.07,134.64
2002-01-25,10144.14,9840.08,134.47
2002-01-26,10144.14,9840.08,134.47
2002-01-27,10144.14,9840.08,134.47
2002-01-28,10220.85,9865.75,133.43
2002-01-29,10026.03,9618.24,133.51
2002-01-30,9919.48,9762.86,132.84
2002-01-31,9997.8,9920,134.06
2002-02-01,9791.43,9907.26,133.77
2002-02-02,9791.43,9907.26,133.77
2002-02-03,9791.43,9907.26,133.77
2002-02-04,9631.93,9687.09,132.71
2002-02-05,9475.6,9685.43,133.9
2002-02-06,9420.85,9653.39,133.72
2002-02-07,9583.27,9625.44,133.49
2002-02-08,9686.06,9744.24,134.77
2002-02-09,9686.06,9744.24,134.77
2002-02-10,9686.06,9744.24,134.77
2002-02-11,9686.06,9884.78,133.62
2002-02-12,9877.99,9863.74,132.82
2002-02-13,9968.35,9989.67,133.23
2002-02-14,10081.09,10001.99,132.26
2002-02-15,10048.1,9903.04,132.76
2002-02-16,10048.1,9903.04,132.76
2002-02-17,10048.1,9903.04,132.76
2002-02-18,10093.25,9903.04,132.76
2002-02-19,9847.16,9745.14,133.45
2002-02-20,9834.13,9941.17,133.76
2002-02-21,10295.42,9834.68,134.27
2002-02-22,10356.78,9968.15,133.85
2002-02-23,10356.78,9968.15,133.85
2002-02-24,10356.78,9968.15,133.85
2002-02-25,10296.47,10145.71,133.89
2002-02-26,10202.63,10115.26,134.35
2002-02-27,10573.09,10127.58,134.63
2002-02-28,10587.83,10106.13,133.96
2002-03-01,10812,10368.86,133.35
2002-03-02,10812,10368.86,133.35
2002-03-03,10812,10368.86,133.35
2002-03-04,11450.22,10586.82,132.2
2002-03-05,11348.45,10433.41,132.31
2002-03-06,11358.53,10574.29,130.85
2002-03-07,11648.34,10525.37,127.07
2002-03-08,11885.79,10572.49,128.21
2002-03-09,11885.79,10572.49,128.21
2002-03-10,11885.79,10572.49,128.21
2002-03-11,11919.3,10611.24,128.08
2002-03-12,11607.33,10632.35,128.67
2002-03-13,11415.31,10501.85,129.43
2002-03-14,11568.82,10517.14,128.94
2002-03-15,11648.01,10607.23,129.1
2002-03-16,11648.01,10607.23,129.1
2002-03-17,11648.01,10607.23,129.1
2002-03-18,11498.38,10577.75,131.27
2002-03-19,11792.82,10635.25,132.3
2002-03-20,11526.78,10501.57,131.6
2002-03-21,11526.78,10479.84,131.86
2002-03-22,11345.08,10427.67,132.88
2002-03-23,11345.08,10427.67,132.88
2002-03-24,11345.08,10427.67,132.88
2002-03-25,11261.09,10281.67,133.46
2002-03-26,11207.92,10353.36,132.78
2002-03-27,11323.68,10426.91,132.61
2002-03-28,11333.11,10403.94,132.61
2002-03-29,11024.94,10403.94,132.7
2002-03-30,11024.94,10403.94,132.7
2002-03-31,11024.94,10403.94,132.7
2002-04-01,11028.7,10362.7,133.32
2002-04-02,11204.49,10313.71,133.4
2002-04-03,11400.71,10198.29,132.65
2002-04-04,11379.2,10235.17,132.3
2002-04-05,11335.49,10271.64,131.73
2002-04-06,11335.49,10271.64,131.73
2002-04-07,11335.49,10271.64,131.73
2002-04-08,11352.89,10249.08,131.27
2002-04-09,11114.49,10208.67,131.03
2002-04-10,11218.58,10381.73,130.75
2002-04-11,11147.27,10176.08,131.55
2002-04-12,10962.98,10190.82,132.09
2002-04-13,10962.98,10190.82,132.09
2002-04-14,10962.98,10190.82,132.09
2002-04-15,11137.3,10093.67,131.95
2002-04-16,11346.66,10301.32,131.19
2002-04-17,11543.71,10220.78,130.7
2002-04-18,11575.73,10205.28,129.84
2002-04-19,11512.01,10257.11,130.5
2002-04-20,11512.01,10257.11,130.5
2002-04-21,11512.01,10257.11,130.5
2002-04-22,11721.64,10136.43,129.9
2002-04-23,11736.83,10089.24,129.89
2002-04-24,11672.88,10030.43,129.76
2002-04-25,11648.72,10035.06,128.4
2002-04-26,11541.39,9910.72,128.18
2002-04-27,11541.39,9910.72,128.18
2002-04-28,11541.39,9910.72,128.18
2002-04-29,11541.39,9819.87,128.13
2002-04-30,11492.54,9946.22,128.45
2002-05-01,11552.79,10059.63,127.45
2002-05-02,11551.01,10091.87,128.02
2002-05-03,11551.01,10006.63,127.21
2002-05-04,11551.01,10006.63,127.21
2002-05-05,11551.01,10006.63,127.21
2002-05-06,11551.01,9808.04,127.27
2002-05-07,11316.04,9836.55,127.8
2002-05-08,11520.75,10141.83,128.64
2002-05-09,11633.3,10037.42,128.36
2002-05-10,11531.11,9939.92,127.89
2002-05-11,11531.11,9939.92,127.89
2002-05-12,11531.11,9939.92,127.89
2002-05-13,11336.95,10109.66,127.69
2002-05-14,11356.19,10298.14,128.66
2002-05-15,11642.97,10243.68,127.92
2002-05-16,11738.69,10289.21,128.19
2002-05-17,11847.32,10353.08,126.03
2002-05-18,11847.32,10353.08,126.03
2002-05-19,11847.32,10353.08,126.03
2002-05-20,11856.54,10229.5,125.64
2002-05-21,11801.16,10105.71,123.83
2002-05-22,11961.98,10157.88,124.16
2002-05-23,11979.85,10216.08,124.84
2002-05-24,11976.28,10104.26,124.71
2002-05-25,11976.28,10104.26,124.71
2002-05-26,11976.28,10104.26,124.71
2002-05-27,11976.35,10104.26,124.71
2002-05-28,11936.08,9981.58,124.38
2002-05-29,11853,9923.04,124.35
2002-05-30,11770.03,9911.69,123.08
2002-05-31,11763.7,9925.25,124.13
2002-06-01,11763.7,9925.25,124.13
2002-06-02,11763.7,9925.25,124.13
2002-06-03,11901.39,9709.79,123.69
2002-06-04,11653.07,9687.84,123.95
2002-06-05,11663.87,9796.8,124.4
2002-06-06,11574.94,9624.64,124.34
2002-06-07,11438.53,9589.67,124.49
2002-06-08,11438.53,9589.67,124.49
2002-06-09,11438.53,9589.67,124.49
2002-06-10,11370.21,9645.4,124.6
2002-06-11,11449.44,9517.26,125.56
2002-06-12,11327.06,9617.71,125.64
2002-06-13,11144.84,9502.8,125.12
2002-06-14,10920.63,9474.21,124.25
2002-06-15,10920.63,9474.21,124.25
2002-06-16,10920.63,9474.21,124.25
2002-06-17,10664.11,9687.42,124.37
2002-06-18,10839.93,9706.12,124.56
2002-06-19,10476.18,9561.57,124.04
2002-06-20,10612.98,9431.77,123.33
2002-06-21,10354.35,9253.79,121.23
2002-06-22,10354.35,9253.79,121.23
2002-06-23,10354.35,9253.79,121.23
2002-06-24,10471.32,9281.82,121.28
2002-06-25,10496.67,9126.82,121.9
2002-06-26,10074.56,9120.11,119.83
2002-06-27,10261.6,9269.92,119.38
2002-06-28,10621.84,9243.26,119.85
2002-06-29,10621.84,9243.26,119.85
2002-06-30,10621.84,9243.26,119.85
2002-07-01,10595.44,9109.79,120.04
2002-07-02,10622.32,9007.75,120.13
2002-07-03,10812.3,9054.97,119.77
2002-07-04,10632.81,9054.97,119.77
2002-07-05,10826.09,9379.5,120.19
2002-07-06,10826.09,9379.5,120.19
2002-07-07,10826.09,9379.5,120.19
2002-07-08,10769.2,9274.9,118.66
2002-07-09,10960.25,9096.09,117.85
2002-07-10,10752.66,8813.5,117.94
2002-07-11,10485.74,8801.53,116.62
2002-07-12,10601.45,8684.53,116.73
2002-07-13,10601.45,8684.53,116.73
2002-07-14,10601.45,8684.53,116.73
2002-07-15,10375.15,8639.19,116.06
2002-07-16,10250.42,8473.11,115.71
2002-07-17,10296.02,8542.48,116.24
2002-07-18,10498.26,8409.49,117.02
2002-07-19,10202.36,8019.26,115.73
2002-07-20,10202.36,8019.26,115.73
2002-07-21,10202.36,8019.26,115.73
2002-07-22,10189.01,7784.58,116.22
2002-07-23,10215.63,7702.34,117.35
2002-07-24,9947.72,8191.29,116.33
2002-07-25,9929.91,8186.31,116.87
2002-07-26,9591.03,8264.39,118.78
2002-07-27,9591.03,8264.39,118.78
2002-07-28,9591.03,8264.39,118.78
2002-07-29,9666.67,8711.88,119.87
2002-07-30,10003.72,8680.03,119.9
2002-07-31,9877.94,8736.59,119.77
2002-08-01,9793.51,8506.62,119.1
2002-08-02,9709.66,8313.13,118.98
2002-08-03,9709.66,8313.13,118.98
2002-08-04,9709.66,8313.13,118.98
2002-08-05,9704.93,8043.63,119.26
2002-08-06,9501.02,8274.09,121.14
2002-08-07,9834.4,8456.15,120.37
2002-08-08,9799.57,8712.02,121.04
2002-08-09,9999.79,8745.45,120.15
2002-08-10,9999.79,8745.45,120.15
2002-08-11,9999.79,8745.45,120.15
2002-08-12,9747.82,8688.89,118.85
2002-08-13,9688.61,8482.39,119.08
2002-08-14,9638.41,8743.31,116.53
2002-08-15,9795.57,8818.14,117.28
2002-08-16,9788.13,8778.06,117.51
2002-08-17,9788.13,8778.06,117.51
2002-08-18,9788.13,8778.06,117.51
2002-08-19,9599.1,8990.79,118.53
2002-08-20,9620.69,8872.07,118.84
2002-08-21,9642.61,8957.23,118.54
2002-08-22,9814.02,9053.64,119.85
2002-08-23,9867.45,8872.96,119.53
2002-08-24,9867.45,8872.96,119.53
2002-08-25,9867.45,8872.96,119.53
2002-08-26,10067.74,8919.01,119.54
2002-08-27,9907.3,8824.41,118.31
2002-08-28,9766.73,8694.09,118.31
2002-08-29,9620.14,8670.99,118.34
2002-08-30,9619.3,8663.5,118.76
2002-08-31,9619.3,8663.5,118.76
2002-09-01,9619.3,8663.5,118.76
2002-09-02,9521.63,8663.5,118.76
2002-09-03,9217.04,8308.05,117.12
2002-09-04,9075.09,8425.12,118.01
2002-09-05,9222.12,8283.7,118.34
2002-09-06,9129.07,8427.2,118.48
2002-09-07,9129.07,8427.2,118.48
2002-09-08,9129.07,8427.2,118.48
2002-09-09,9306.26,8519.38,118.85
2002-09-10,9309.31,8602.61,119.78
2002-09-11,9400.08,8581.17,120.64
2002-09-12,9415.23,8379.41,120.68
2002-09-13,9241.93,8312.69,121.5
2002-09-14,9241.93,8312.69,121.5
2002-09-15,9241.93,8312.69,121.5
2002-09-16,9241.93,8380.18,122.17
2002-09-17,9543.94,8207.55,122.64
2002-09-18,9472.06,8172.45,121.49
2002-09-19,9669.62,7942.39,121.48
2002-09-20,9481.08,7986.02,123.16
2002-09-21,9481.08,7986.02,123.16
2002-09-22,9481.08,7986.02,123.16
2002-09-23,9481.08,7872.15,123.93
2002-09-24,9321.64,7683.13,123.38
2002-09-25,9165.41,7841.82,122.72
2002-09-26,9320.92,7997.12,122.59
2002-09-27,9530.44,7701.45,122.86
2002-09-28,9530.44,7701.45,122.86
2002-09-29,9530.44,7701.45,122.86
2002-09-30,9383.29,7591.93,121.74
2002-10-01,9162.26,7938.79,122.73
2002-10-02,9049.33,7755.61,123.21
2002-10-03,8936.43,7717.19,123.04
2002-10-04,9027.55,7528.4,123.02
2002-10-05,9027.55,7528.4,123.02
2002-10-06,9027.55,7528.4,123.02
2002-10-07,8688,7422.84,124.44
2002-10-08,8708.9,7501.49,124.26
2002-10-09,8539.34,7286.27,123.55
2002-10-10,8439.62,7533.95,123.64
2002-10-11,8529.61,7850.29,124.04
2002-10-12,8529.61,7850.29,124.04
2002-10-13,8529.61,7850.29,124.04
2002-10-14,8529.61,7877.4,124.04
2002-10-15,8836.73,8255.68,124.66
2002-10-16,8884.87,8036.03,124.3
2002-10-17,8959.88,8275.04,124.8
2002-10-18,9086.13,8322.4,125.52
2002-10-19,9086.13,8322.4,125.52
2002-10-20,9086.13,8322.4,125.52
2002-10-21,8978.41,8538.24,124.71
2002-10-22,8689.39,8450.16,125.09
2002-10-23,8714.52,8494.27,124.17
2002-10-24,8614.3,8317.34,124.77
2002-10-25,8726.29,8443.99,124.14
2002-10-26,8726.29,8443.99,124.14
2002-10-27,8726.29,8443.99,124.14
2002-10-28,8757.51,8368.04,123.64
2002-10-29,8708.76,8368.94,122.55
2002-10-30,8756.59,8427.41,122.91
2002-10-31,8640.48,8397.03,122.78
2002-11-01,8685.72,8517.64,122.16
2002-11-02,8685.72,8517.64,122.16
2002-11-03,8685.72,8517.64,122.16
2002-11-04,8685.72,8571.6,122.46
2002-11-05,8937.56,8678.27,121.84
2002-11-06,8953.29,8771.01,122.22
2002-11-07,8920.44,8586.24,121.26
2002-11-08,8690.77,8537.13,119.72
2002-11-09,8690.77,8537.13,119.72
2002-11-10,8690.77,8537.13,119.72
2002-11-11,8460.37,8358.95,119.72
2002-11-12,8464.77,8386,119.57
2002-11-13,8438.52,8398.49,120.28
2002-11-14,8303.39,8542.13,120.45
2002-11-15,8503.59,8579.09,120.37
2002-11-16,8503.59,8579.09,120.37
2002-11-17,8503.59,8579.09,120.37
2002-11-18,8346.01,8486.57,121.15
2002-11-19,8365.26,8474.78,121.65
2002-11-20,8459.62,8623.01,122.52
2002-11-21,8668.06,8845.15,122.92
2002-11-22,8772.56,8804.84,122.84
2002-11-23,8772.56,8804.84,122.84
2002-11-24,8772.56,8804.84,122.84
2002-11-25,8944.44,8849.4,122.32
2002-11-26,8823.99,8676.42,121.89
2002-11-27,8875.88,8931.68,122.21
2002-11-28,9176.78,8931.68,122.21
2002-11-29,9215.56,8896.09,122.72
2002-11-30,9215.56,8896.09,122.72
2002-12-01,9215.56,8896.09,122.72
2002-12-02,9174.47,8862.57,124.61
2002-12-03,9205.11,8742.93,124.42
2002-12-04,9006.73,8737.85,124.84
2002-12-05,8917.57,8623.28,124.99
2002-12-06,8863.26,8645.77,123.69
2002-12-07,8863.26,8645.77,123.69
2002-12-08,8863.26,8645.77,123.69
2002-12-09,8828.05,8473.41,123.36
2002-12-10,8804.52,8574.26,123.66
2002-12-11,8727.66,8589.14,123.46
2002-12-12,8708.69,8538.4,122.75
2002-12-13,8516.07,8433.71,120.71
2002-12-14,8516.07,8433.71,120.71
2002-12-15,8516.07,8433.71,120.71
2002-12-16,8450.94,8627.4,121.28
2002-12-17,8510.73,8535.39,121.27
2002-12-18,8344.01,8447.35,121.12
2002-12-19,8387.57,8364.8,120.86
2002-12-20,8406.88,8511.32,120.52
2002-12-21,8406.88,8511.32,120.52
2002-12-22,8406.88,8511.32,120.52
2002-12-23,8406.88,8493.29,120.77
2002-12-24,8512.37,8448.11,120.27
2002-12-25,8501.14,8448.11,120.27
2002-12-26,8700.1,8432.61,120.12
2002-12-27,8714.05,8303.78,119.92
2002-12-28,8714.05,8303.78,119.92
2002-12-29,8714.05,8303.78,119.92
2002-12-30,8578.95,8332.85,118.38
2002-12-31,8578.95,8341.63,118.75
2003-01-01,8578.95,8341.63,118.75
2003-01-02,8578.95,8607.52,119.86
2003-01-03,8578.95,8601.69,119.85
2003-01-04,8578.95,8601.69,119.85
2003-01-05,8578.95,8601.69,119.85
2003-01-06,8713.33,8773.57,119.06
2003-01-07,8656.5,8740.59,120.18
2003-01-08,8517.8,8595.31,119.35
2003-01-09,8497.93,8776.18,119.57
2003-01-10,8470.45,8784.89,119.44
2003-01-11,8470.45,8784.89,119.44
2003-01-12,8470.45,8784.89,119.44
2003-01-13,8470.45,8785.98,119.03
2003-01-14,8553.06,8842.62,117.96
2003-01-15,8611.75,8723.18,117.91
2003-01-16,8609.17,8697.87,118.02
2003-01-17,8690.25,8586.74,117.88
2003-01-18,8690.25,8586.74,117.88
2003-01-19,8690.25,8586.74,117.88
2003-01-20,8558.82,8586.74,117.88
2003-01-21,8708.58,8442.9,118.57
2003-01-22,8611.04,8318.73,118.15
2003-01-23,8790.92,8369.47,117.83
2003-01-24,8731.65,8131.01,117.8
2003-01-25,8731.65,8131.01,117.8
2003-01-26,8731.65,8131.01,117.8
2003-01-27,8609.47,7989.56,118.64
2003-01-28,8525.39,8088.84,118.67
2003-01-29,8331.08,8110.71,118.13
2003-01-30,8316.81,7945.13,119.22
2003-01-31,8339.94,8053.81,119.96
2003-02-01,8339.94,8053.81,119.96
2003-02-02,8339.94,8053.81,119.96
2003-02-03,8500.79,8109.82,120.47
2003-02-04,8484.9,8013.29,119.75
2003-02-05,8549.85,7985.18,119.78
2003-02-06,8484.19,7929.3,119.93
2003-02-07,8448.16,7864.23,120.4
2003-02-08,8448.16,7864.23,120.4
2003-02-09,8448.16,7864.23,120.4
2003-02-10,8484.93,7920.11,121.25
2003-02-11,8484.93,7843.11,121.19
2003-02-12,8664.17,7758.17,121.3
2003-02-13,8599.66,7749.87,120.49
2003-02-14,8701.92,7908.8,120.41
2003-02-15,8701.92,7908.8,120.41
2003-02-16,8701.92,7908.8,120.41
2003-02-17,8771.89,7908.8,120.41
2003-02-18,8692.97,8041.15,118.93
2003-02-19,8678.44,8000.6,118.65
2003-02-20,8650.92,7914.96,118.18
2003-02-21,8513.54,8018.11,118.78
2003-02-22,8513.54,8018.11,118.78
2003-02-23,8513.54,8018.11,118.78
2003-02-24,8564.95,7858.24,117.78
2003-02-25,8360.49,7909.5,117.14
2003-02-26,8356.81,7806.98,117.19
2003-02-27,8359.38,7884.99,117.58
2003-02-28,8363.04,7891.08,118.22
2003-03-01,8363.04,7891.08,118.22
2003-03-02,8363.04,7891.08,118.22
2003-03-03,8490.4,7837.86,117.93
2003-03-04,8480.22,7704.87,117.96
2003-03-05,8472.62,7775.6,117.32
2003-03-06,8369.15,7673.99,117.22
2003-03-07,8144.12,7740.03,116.47
2003-03-08,8144.12,7740.03,116.47
2003-03-09,8144.12,7740.03,116.47
2003-03-10,8042.26,7568.18,116.55
2003-03-11,7862.43,7524.06,117.07
2003-03-12,7943.04,7552.07,117.18
2003-03-13,7868.56,7821.75,118.31
2003-03-14,8002.69,7859.71,118.59
2003-03-15,8002.69,7859.71,118.59
2003-03-16,8002.69,7859.71,118.59
2003-03-17,7871.64,8141.92,118.45
2003-03-18,7954.46,8194.23,118.9
2003-03-19,8051.04,8265.45,120.13
2003-03-20,8195.05,8286.6,120.05
2003-03-21,8195.05,8521.97,121.42
2003-03-22,8195.05,8521.97,121.42
2003-03-23,8195.05,8521.97,121.42
2003-03-24,8435.07,8214.68,120.69
2003-03-25,8238.76,8280.23,120.03
2003-03-26,8351.92,8229.88,120.13
2003-03-27,8368.67,8201.45,119.78
2003-03-28,8280.16,8145.77,120.18
2003-03-29,8280.16,8145.77,120.18
2003-03-30,8280.16,8145.77,120.18
2003-03-31,7972.71,7992.13,118.07
2003-04-01,7986.72,8069.86,118.25
2003-04-02,8069.85,8285.06,119.17
2003-04-03,8017.75,8240.38,119.55
2003-04-04,8074.12,8277.15,120.05
2003-04-05,8074.12,8277.15,120.05
2003-04-06,8074.12,8277.15,120.05
2003-04-07,8249.98,8300.41,120.41
2003-04-08,8131.41,8298.92,119.91
2003-04-09,8057.61,8197.94,120.55
2003-04-10,7980.12,8221.33,119.58
2003-04-11,7816.49,8203.41,120.47
2003-04-12,7816.49,8203.41,120.47
2003-04-13,7816.49,8203.41,120.47
2003-04-14,7752.1,8351.1,120.3
2003-04-15,7838.83,8402.36,120.2
2003-04-16,7879.49,8257.61,120.04
2003-04-17,7821.9,8337.65,119.3
2003-04-18,7874.51,8337.65,119.72
2003-04-19,7874.51,8337.65,119.72
2003-04-20,7874.51,8337.65,119.72
2003-04-21,7969.08,8328.9,120.55
2003-04-22,7790.46,8484.99,119.68
2003-04-23,7793.38,8515.66,120.33
2003-04-24,7854.57,8440.04,119.83
2003-04-25,7699.5,8306.35,120.25
2003-04-26,7699.5,8306.35,120.25
2003-04-27,7699.5,8306.35,120.25
2003-04-28,7607.88,8471.61,120.34
2003-04-29,7607.88,8502.99,120.14
2003-04-30,7831.42,8480.09,119.07
2003-05-01,7863.29,8454.25,118.56
2003-05-02,7907.19,8582.68,119.1
2003-05-03,7907.19,8582.68,119.1
2003-05-04,7907.19,8582.68,119.1
2003-05-05,7907.19,8531.57,118.64
2003-05-06,8083.56,8588.36,117.94
2003-05-07,8109.77,8560.63,116.51
2003-05-08,8031.55,8491.22,116.65
2003-05-09,8152.16,8604.6,117.2
2003-05-10,8152.16,8604.6,117.2
2003-05-11,8152.16,8604.6,117.2
2003-05-12,8221.12,8726.73,116.94
2003-05-13,8190.26,8679.25,116.56
2003-05-14,8244.91,8647.82,116.16
2003-05-15,8123.4,8713.14,115.94
2003-05-16,8117.29,8678.97,116.01
2003-05-17,8117.29,8678.97,116.01
2003-05-18,8117.29,8678.97,116.01
2003-05-19,8039.13,8493.39,116.58
2003-05-20,8059.48,8491.36,116.77
2003-05-21,8018.51,8516.43,117.23
2003-05-22,8051.66,8594.02,117.25
2003-05-23,8184.76,8601.38,116.89
2003-05-24,8184.76,8601.38,116.89
2003-05-25,8184.76,8601.38,116.89
2003-05-26,8227.32,8601.38,116.89
2003-05-27,8120.24,8781.35,117.12
2003-05-28,8234.18,8793.12,118.73
2003-05-29,8375.36,8711.18,118.45
2003-05-30,8424.51,8850.26,119.5
2003-05-31,8424.51,8850.26,119.5
2003-06-01,8424.51,8850.26,119.5
2003-06-02,8547.17,8897.81,118.52
2003-06-03,8564.49,8922.95,119.27
2003-06-04,8557.86,9038.98,118.6
2003-06-05,8657.23,9041.3,117.61
2003-06-06,8785.87,9062.79,118.83
2003-06-07,8785.87,9062.79,118.83
2003-06-08,8785.87,9062.79,118.83
2003-06-09,8822.73,8980,118.11
2003-06-10,8789.09,9054.89,117.68
2003-06-11,8890.3,9183.22,117.69
2003-06-12,8918.6,9196.55,117.66
2003-06-13,8980.64,9117.12,117.46
2003-06-14,8980.64,9117.12,117.46
2003-06-15,8980.64,9117.12,117.46
2003-06-16,8839.83,9318.96,117.79
2003-06-17,9033,9323.02,118.2
2003-06-18,9092.97,9293.8,118.4
2003-06-19,9110.51,9179.53,118.74
2003-06-20,9120.39,9200.75,118.39
2003-06-21,9120.39,9200.75,118.39
2003-06-22,9120.39,9200.75,118.39
2003-06-23,9137.14,9072.95,117.55
2003-06-24,8919.26,9109.85,117.96
2003-06-25,8932.26,9011.53,117.54
2003-06-26,8923.41,9079.04,119.32
2003-06-27,9104.06,8989.05,119.72
2003-06-28,9104.06,8989.05,119.72
2003-06-29,9104.06,8989.05,119.72
2003-06-30,9083.11,8985.44,119.87
2003-07-01,9278.49,9040.95,119.45
2003-07-02,9592.24,9142.84,118.63
2003-07-03,9624.8,9070.21,118.24
2003-07-04,9547.73,9070.21,118.24
2003-07-05,9547.73,9070.21,118.24
2003-07-06,9547.73,9070.21,118.24
2003-07-07,9795.16,9216.79,118.08
2003-07-08,9898.72,9223.09,118.58
2003-07-09,9990.95,9156.21,117.85
2003-07-10,9955.62,9036.04,117.69
2003-07-11,9635.35,9119.59,117.8
2003-07-12,9635.35,9119.59,117.8
2003-07-13,9635.35,9119.59,117.8
2003-07-14,9755.63,9177.15,117.54
2003-07-15,9751,9128.97,117.24
2003-07-16,9735.97,9094.59,118.24
2003-07-17,9498.86,9050.82,118.87
2003-07-18,9527.73,9188.15,118.4
2003-07-19,9527.73,9188.15,118.4
2003-07-20,9527.73,9188.15,118.4
2003-07-21,9527.73,9096.69,118.35
2003-07-22,9485.97,9158.45,119.34
2003-07-23,9615.34,9194.24,118.77
2003-07-24,9671,9112.51,119.25
2003-07-25,9648.01,9284.57,118.82
2003-07-26,9648.01,9284.57,118.82
2003-07-27,9648.01,9284.57,118.82
2003-07-28,9839.91,9266.51,119.42
2003-07-29,9834.31,9204.46,119.78
2003-07-30,9632.66,9200.05,120.55
2003-07-31,9563.21,9233.8,120.42
2003-08-01,9611.67,9153.97,120
2003-08-02,9611.67,9153.97,120
2003-08-03,9611.67,9153.97,120
2003-08-04,9452.79,9186.04,120.47
2003-08-05,9382.58,9036.32,119.95
2003-08-06,9323.91,9061.74,120.33
2003-08-07,9265.56,9126.45,118.91
2003-08-08,9327.53,9191.09,119.02
2003-08-09,9327.53,9191.09,119.02
2003-08-10,9327.53,9191.09,119.02
2003-08-11,9487.8,9217.35,118.36
2003-08-12,9564.81,9310.06,118.53
2003-08-13,9752.75,9271.76,119.07
2003-08-14,9913.47,9310.56,119.14
2003-08-15,9863.47,9321.69,119.24
2003-08-16,9863.47,9321.69,119.24
2003-08-17,9863.47,9321.69,119.24
2003-08-18,10032.97,9412.45,119.43
2003-08-19,10174.1,9428.9,119.26
2003-08-20,10292.06,9397.51,118.23
2003-08-21,10362.69,9423.68,117.58
2003-08-22,10281.17,9348.87,117.58
2003-08-23,10281.17,9348.87,117.58
2003-08-24,10281.17,9348.87,117.58
2003-08-25,10276.64,9317.64,117.43
2003-08-26,10332.57,9340.45,117.49
2003-08-27,10308.99,9333.79,117.74
2003-08-28,10225.22,9374.21,117.44
2003-08-29,10343.55,9415.82,116.71
2003-08-30,10343.55,9415.82,116.71
2003-08-31,10343.55,9415.82,116.71
2003-09-01,10670.18,9415.82,116.71
2003-09-02,10690.08,9523.27,116.15
2003-09-03,10715.69,9568.46,116.04
2003-09-04,10646.95,9587.9,116.77
2003-09-05,10650.77,9503.34,117.06
2003-09-06,10650.77,9503.34,117.06
2003-09-07,10650.77,9503.34,117.06
2003-09-08,10683.76,9586.29,116.48
2003-09-09,10922.04,9507.2,116.33
2003-09-10,10856.32,9420.46,117.13
2003-09-11,10546.33,9459.76,117.07
2003-09-12,10712.81,9471.55,117.38
2003-09-13,10712.81,9471.55,117.38
2003-09-14,10712.81,9471.55,117.38
2003-09-15,10712.81,9448.81,117.41
2003-09-16,10887.03,9567.34,116.27
2003-09-17,10990.11,9545.65,115.99
2003-09-18,11033.32,9659.13,115.27
2003-09-19,10938.42,9644.82,113.99
2003-09-20,10938.42,9644.82,113.99
2003-09-21,10938.42,9644.82,113.99
2003-09-22,10475.1,9535.41,111.95
2003-09-23,10475.1,9576.04,111.65
2003-09-24,10502.29,9425.51,111.7
2003-09-25,10310.04,9343.96,111.86
2003-09-26,10318.44,9313.08,111.8
2003-09-27,10318.44,9313.08,111.8
2003-09-28,10318.44,9313.08,111.8
2003-09-29,10229.57,9380.24,111.07
2003-09-30,10219.05,9275.06,111.43
2003-10-01,10361.24,9469.2,110.61
2003-10-02,10593.53,9487.8,110.59
2003-10-03,10709.29,9572.31,110.9
2003-10-04,10709.29,9572.31,110.9
2003-10-05,10709.29,9572.31,110.9
2003-10-06,10740.14,9594.98,110.81
2003-10-07,10820.33,9654.61,109.81
2003-10-08,10542.2,9630.9,109.55
2003-10-09,10531.44,9680.01,109.34
2003-10-10,10786.04,9674.68,108.57
2003-10-11,10786.04,9674.68,108.57
2003-10-12,10786.04,9674.68,108.57
2003-10-13,10786.04,9764.38,108.57
2003-10-14,10966.43,9812.98,109.29
2003-10-15,10899.95,9803.05,109.56
2003-10-16,11025.15,9791.72,109.36
2003-10-17,11037.89,9721.79,109.57
2003-10-18,11037.89,9721.79,109.57
2003-10-19,11037.89,9721.79,109.57
2003-10-20,11161.71,9777.94,110.22
2003-10-21,11031.52,9747.64,109.69
2003-10-22,10889.62,9598.24,108.95
2003-10-23,10335.16,9613.13,109.59
2003-10-24,10335.7,9582.46,109.23
2003-10-25,10335.7,9582.46,109.23
2003-10-26,10335.7,9582.46,109.23
2003-10-27,10454.12,9608.16,108.38
2003-10-28,10561.01,9748.31,108.33
2003-10-29,10739.22,9774.53,108.18
2003-10-30,10695.56,9786.61,108.27
2003-10-31,10559.59,9801.12,110.1
2003-11-01,10559.59,9801.12,110.1
2003-11-02,10559.59,9801.12,110.1
2003-11-03,10559.59,9858.46,111.2
2003-11-04,10847.97,9838.83,109.6
2003-11-05,10837.54,9820.83,109.91
2003-11-06,10552.3,9856.97,110.15
2003-11-07,10628.98,9809.79,109.29
2003-11-08,10628.98,9809.79,109.29
2003-11-09,10628.98,9809.79,109.29
2003-11-10,10504.54,9756.53,107.98
2003-11-11,10207.04,9737.79,107.98
2003-11-12,10226.22,9848.83,108.55
2003-11-13,10337.67,9837.94,108.33
2003-11-14,10167.06,9768.68,108.43
2003-11-15,10167.06,9768.68,108.43
2003-11-16,10167.06,9768.68,108.43
2003-11-17,9786.83,9710.83,108.98
2003-11-18,9897.05,9624.16,108.11
2003-11-19,9614.6,9690.46,109.06
2003-11-20,9865.7,9619.42,108.99
2003-11-21,9852.83,9628.53,108.87
2003-11-22,9852.83,9628.53,108.87
2003-11-23,9852.83,9628.53,108.87
2003-11-24,9852.83,9747.79,109.39
2003-11-25,9960.2,9763.94,109.72
2003-11-26,10144.83,9779.57,109.11
2003-11-27,10163.38,9779.57,109.11
2003-11-28,10100.57,9782.46,109.53
2003-11-29,10100.57,9782.46,109.53
2003-11-30,10100.57,9782.46,109.53
2003-12-01,10403.27,9899.05,109.61
2003-12-02,10410.15,9853.64,108.82
2003-12-03,10326.39,9873.42,108.17
2003-12-04,10429.99,9930.82,108.19
2003-12-05,10373.46,9862.68,107.78
2003-12-06,10373.46,9862.68,107.78
2003-12-07,10373.46,9862.68,107.78
2003-12-08,10045.34,9965.27,107.23
2003-12-09,10124.28,9923.42,107.3
2003-12-10,9910.56,9921.86,108.4
2003-12-11,10075.14,10008.16,108.23
2003-12-12,10169.66,10042.16,107.73
2003-12-13,10169.66,10042.16,107.73
2003-12-14,10169.66,10042.16,107.73
2003-12-15,10490.77,10022.82,107.52
2003-12-16,10271.6,10129.56,107.6
2003-12-17,10092.64,10145.26,107.42
2003-12-18,10104,10248.08,107.92
2003-12-19,10284.54,10278.22,107.94
2003-12-20,10284.54,10278.22,107.94
2003-12-21,10284.54,10278.22,107.94
2003-12-22,10372.51,10338,107.4
2003-12-23,10372.51,10341.26,107.44
2003-12-24,10371.27,10305.19,107.29
2003-12-25,10365.35,10305.19,107.29
2003-12-26,10417.41,10324.67,107.18
2003-12-27,10417.41,10324.67,107.18
2003-12-28,10417.41,10324.67,107.18
2003-12-29,10500.62,10450,106.93
2003-12-30,10676.64,10425.04,107
2003-12-31,10676.64,10453.92,107.13
2004-01-01,10676.64,10453.92,107.13
2004-01-02,10676.64,10409.85,106.95
2004-01-03,10676.64,10409.85,106.95
2004-01-04,10676.64,10409.85,106.95
2004-01-05,10825.17,10544.07,106.1
2004-01-06,10813.99,10538.66,106.2
2004-01-07,10757.82,10529.03,106.19
2004-01-08,10837.65,10592.44,106.17
2004-01-09,10965.05,10458.89,106.54
2004-01-10,10965.05,10458.89,106.54
2004-01-11,10965.05,10458.89,106.54
2004-01-12,10965.05,10485.18,106.48
2004-01-13,10849.68,10427.18,106.25
2004-01-14,10863,10538.37,106.06
2004-01-15,10665.15,10553.85,106.1
2004-01-16,10857.2,10600.51,106.87
2004-01-17,10857.2,10600.51,106.87
2004-01-18,10857.2,10600.51,106.87
2004-01-19,11036.33,10600.51,106.87
2004-01-20,11103.1,10528.66,107.17
2004-01-21,11002.39,10623.62,106.84
2004-01-22,11000.7,10623.18,106.08
2004-01-23,11069.01,10568.29,106.21
2004-01-24,11069.01,10568.29,106.21
2004-01-25,11069.01,10568.29,106.21
2004-01-26,10972.6,10702.51,106.15
2004-01-27,10928.03,10609.92,105.56
2004-01-28,10852.47,10468.37,105.52
2004-01-29,10779.44,10510.29,106.09
2004-01-30,10783.61,10488.07,105.84
2004-01-31,10783.61,10488.07,105.84
2004-02-01,10783.61,10488.07,105.84
2004-02-02,10776.73,10499.18,105.59
2004-02-03,10641.92,10505.18,105.36
2004-02-04,10447.25,10470.74,105.53
2004-02-05,10464.6,10495.55,105.52
2004-02-06,10460.92,10593.03,105.57
2004-02-07,10460.92,10593.03,105.57
2004-02-08,10460.92,10593.03,105.57
2004-02-09,10402.61,10579.03,105.68
2004-02-10,10365.4,10613.85,105.55
2004-02-11,10365.4,10737.7,105.37
2004-02-12,10459.26,10694.07,105.42
2004-02-13,10557.69,10627.85,105.6
2004-02-14,10557.69,10627.85,105.6
2004-02-15,10557.69,10627.85,105.6
2004-02-16,10548.72,10627.85,105.6
2004-02-17,10701.13,10714.88,105.8
2004-02-18,10676.81,10671.99,106.37
2004-02-19,10753.8,10664.73,107.09
2004-02-20,10720.69,10619.03,108.83
2004-02-21,10720.69,10619.03,108.83
2004-02-22,10720.69,10619.03,108.83
2004-02-23,10868.96,10609.62,108.22
2004-02-24,10644.13,10566.37,108.11
2004-02-25,10658.73,10601.62,108.99
2004-02-26,10815.29,10580.14,109.59
2004-02-27,11041.92,10583.92,109.26
2004-02-28,11041.92,10583.92,109.26
2004-02-29,11041.92,10583.92,109.26
2004-03-01,11271.12,10678.14,108.93
2004-03-02,11361.51,10591.48,110.27
2004-03-03,11351.92,10593.11,110.25
2004-03-04,11401.79,10588,110.74
2004-03-05,11537.29,10595.55,111.42
2004-03-06,11537.29,10595.55,111.42
2004-03-07,11537.29,10595.55,111.42
2004-03-08,11502.86,10529.48,112.12
2004-03-09,11532.04,10456.96,111.2
2004-03-10,11433.24,10296.89,111.04
2004-03-11,11297.04,10128.38,110.89
2004-03-12,11162.75,10240.08,110.82
2004-03-13,11162.75,10240.08,110.82
2004-03-14,11162.75,10240.08,110.82
2004-03-15,11317.9,10102.89,110.48
2004-03-16,11242.29,10184.67,108.95
2004-03-17,11436.86,10300.3,108.18
2004-03-18,11484.28,10295.78,106.6
2004-03-19,11418.51,10186.6,106.97
2004-03-20,11418.51,10186.6,106.97
2004-03-21,11418.51,10186.6,106.97
2004-03-22,11318.51,10064.75,106.84
2004-03-23,11281.09,10063.64,106.63
2004-03-24,11364.99,10048.23,106.23
2004-03-25,11530.91,10218.82,106.06
2004-03-26,11770.65,10212.97,105.93
2004-03-27,11770.65,10212.97,105.93
2004-03-28,11770.65,10212.97,105.93
2004-03-29,11718.24,10329.63,105.52
2004-03-30,11693.68,10381.7,105.61
2004-03-31,11715.39,10357.7,104.18
2004-04-01,11683.42,10373.33,103.7
2004-04-02,11815.95,10470.59,104.55
2004-04-03,11815.95,10470.59,104.55
2004-04-04,11815.95,10470.59,104.55
2004-04-05,11958.32,10558.37,105.36
2004-04-06,12079.7,10570.81,105.9
2004-04-07,12019.62,10480.15,105.2
2004-04-08,12092.59,10442.03,106.1
2004-04-09,11897.51,10442.03,106.45
2004-04-10,11897.51,10442.03,106.45
2004-04-11,11897.51,10442.03,106.45
2004-04-12,12042.7,10515.56,105.5
2004-04-13,12127.82,10381.28,106.96
2004-04-14,12098.18,10377.95,108.53
2004-04-15,11800.4,10397.46,108.58
2004-04-16,11824.56,10451.97,107.69
2004-04-17,11824.56,10451.97,107.69
2004-04-18,11824.56,10451.97,107.69
2004-04-19,11764.21,10437.85,108.5
2004-04-20,11952.26,10314.5,108.43
2004-04-21,11944.3,10317.27,109.55
2004-04-22,11980.1,10461.2,109.85
2004-04-23,12120.66,10472.84,109.38
2004-04-24,12120.66,10472.84,109.38
2004-04-25,12120.66,10472.84,109.38
2004-04-26,12163.89,10444.73,108.55
2004-04-27,12044.88,10478.16,109.48
2004-04-28,12004.29,10342.6,109.85
2004-04-29,12004.29,10272.27,109.96
2004-04-30,11761.79,10225.57,110.37
2004-05-01,11761.79,10225.57,110.37
2004-05-02,11761.79,10225.57,110.37
2004-05-03,11761.79,10314,110.34
2004-05-04,11761.79,10317.2,110.02
2004-05-05,11761.79,10310.95,108.5
2004-05-06,11571.34,10241.26,109.58
2004-05-07,11438.82,10117.34,112.3
2004-05-08,11438.82,10117.34,112.3
2004-05-09,11438.82,10117.34,112.3
2004-05-10,10884.7,9990.02,114.03
2004-05-11,10907.18,10019.47,113.67
2004-05-12,11153.58,10045.16,113.21
2004-05-13,10825.1,10010.74,114.25
2004-05-14,10849.63,10012.87,114.3
2004-05-15,10849.63,10012.87,114.3
2004-05-16,10849.63,10012.87,114.3
2004-05-17,10505.05,9906.91,114.1
2004-05-18,10711.09,9968.51,114.06
2004-05-19,10967.74,9937.71,112.77
2004-05-20,10862.04,9937.64,113.18
2004-05-21,11070.25,9966.74,112.09
2004-05-22,11070.25,9966.74,112.09
2004-05-23,11070.25,9966.74,112.09
2004-05-24,11101.64,9958.43,112.66
2004-05-25,10962.93,10117.62,112.21
2004-05-26,11152.09,10109.89,111.7
2004-05-27,11166.03,10205.2,110.77
2004-05-28,11309.57,10188.45,110.18
2004-05-29,11309.57,10188.45,110.18
2004-05-30,11309.57,10188.45,110.18
2004-05-31,11236.37,10188.45,110.18
2004-06-01,11296.76,10202.65,110.45
2004-06-02,11242.34,10262.97,110.28
2004-06-03,11027.05,10195.91,111.14
2004-06-04,11128.05,10242.82,111.27
2004-06-05,11128.05,10242.82,111.27
2004-06-06,11128.05,10242.82,111.27
2004-06-07,11439.92,10391.08,109.61
2004-06-08,11521.93,10432.52,109.77
2004-06-09,11449.74,10368.44,109.74
2004-06-10,11575.97,10410.1,109.33
2004-06-11,11526.82,10410.1,110.09
2004-06-12,11526.82,10410.1,110.09
2004-06-13,11526.82,10410.1,110.09
2004-06-14,11491.66,10334.73,111.15
2004-06-15,11387.7,10380.43,109.59
2004-06-16,11641.72,10379.58,110.15
2004-06-17,11607.9,10377.52,109.63
2004-06-18,11382.08,10416.41,108.65
2004-06-19,11382.08,10416.41,108.65
2004-06-20,11382.08,10416.41,108.65
2004-06-21,11600.16,10371.47,108.57
2004-06-22,11581.27,10395.07,109
2004-06-23,11580.56,10479.57,108.64
2004-06-24,11744.15,10443.81,107.1
2004-06-25,11780.4,10371.84,107.82
2004-06-26,11780.4,10371.84,107.82
2004-06-27,11780.4,10371.84,107.82
2004-06-28,11884.06,10357.09,107.95
2004-06-29,11860.81,10413.43,108.18
2004-06-30,11858.87,10435.48,109.43
2004-07-01,11896.01,10334.16,108.24
2004-07-02,11721.49,10282.83,108.6
2004-07-03,11721.49,10282.83,108.6
2004-07-04,11721.49,10282.83,108.6
2004-07-05,11541.71,10282.83,108.6
2004-07-06,11475.27,10219.34,109.24
2004-07-07,11384.86,10240.29,108.38
2004-07-08,11322.23,10171.56,108.76
2004-07-09,11423.53,10213.22,108.21
2004-07-10,11423.53,10213.22,108.21
2004-07-11,11423.53,10213.22,108.21
2004-07-12,11582.28,10238.22,108.24
2004-07-13,11608.62,10247.59,109.37
2004-07-14,11356.65,10208.8,109.13
2004-07-15,11409.14,10163.16,109.52
2004-07-16,11436,10139.78,108.77
2004-07-17,11436,10139.78,108.77
2004-07-18,11436,10139.78,108.77
2004-07-19,11436,10094.06,108.28
2004-07-20,11258.37,10149.07,108.38
2004-07-21,11433.86,10046.13,110.1
2004-07-22,11285.04,10050.33,109.68
2004-07-23,11187.33,9962.22,110.11
2004-07-24,11187.33,9962.22,110.11
2004-07-25,11187.33,9962.22,110.11
2004-07-26,11159.55,9961.92,110.08
2004-07-27,11031.54,10085.14,111.09
2004-07-28,11204.37,10117.07,111.78
2004-07-29,11116.84,10129.24,111.88
2004-07-30,11325.78,10139.71,111.39
2004-07-31,11325.78,10139.71,111.39
2004-08-01,11325.78,10139.71,111.39
2004-08-02,11222.24,10179.16,111.08
2004-08-03,11140.57,10120.24,110.6
2004-08-04,11010.02,10126.51,111.29
2004-08-05,11060.89,9963.03,111.53
2004-08-06,10972.57,9815.33,110.05
2004-08-07,10972.57,9815.33,110.05
2004-08-08,10972.57,9815.33,110.05
2004-08-09,10908.7,9814.66,110.57
2004-08-10,10953.55,9944.67,110.79
2004-08-11,11049.46,9938.32,110.78
2004-08-12,11028.07,9814.59,111.14
2004-08-13,10757.2,9825.35,110.67
2004-08-14,10757.2,9825.35,110.67
2004-08-15,10757.2,9825.35,110.67
2004-08-16,10687.81,9954.55,110.64
2004-08-17,10725.97,9972.83,110.07
2004-08-18,10774.26,10083.15,109.71
2004-08-19,10903.53,10040.82,109.34
2004-08-20,10889.14,10110.14,109.32
2004-08-21,10889.14,10110.14,109.32
2004-08-22,10889.14,10110.14,109.32
2004-08-23,10960.97,10073.05,109.47
2004-08-24,10985.33,10098.63,109.63
2004-08-25,11130.02,10181.74,110.38
2004-08-26,11129.33,10173.41,109.73
2004-08-27,11209.59,10195.01,109.51
2004-08-28,11209.59,10195.01,109.51
2004-08-29,11209.59,10195.01,109.51
2004-08-30,11184.53,10122.52,109.84
2004-08-31,11081.79,10173.92,109
2004-09-01,11127.35,10168.46,109.62
2004-09-02,11152.75,10290.28,109.52
2004-09-03,11022.49,10260.2,110.47
2004-09-04,11022.49,10260.2,110.47
2004-09-05,11022.49,10260.2,110.47
2004-09-06,11244.37,10260.2,110.47
2004-09-07,11298.94,10342.79,109.32
2004-09-08,11279.19,10313.36,109.22
2004-09-09,11170.96,10289.1,109.69
2004-09-10,11083.23,10313.07,109.33
2004-09-11,11083.23,10313.07,109.33
2004-09-12,11083.23,10313.07,109.33
2004-09-13,11253.11,10314.76,110.13
2004-09-14,11295.58,10318.16,109.4
2004-09-15,11158.58,10231.36,110.34
2004-09-16,11139.36,10244.49,109.75
2004-09-17,11082.49,10284.46,109.97
2004-09-18,11082.49,10284.46,109.97
2004-09-19,11082.49,10284.46,109.97
2004-09-20,11082.49,10204.89,109.87
2004-09-21,11080.87,10244.93,109.94
2004-09-22,11019.41,10109.18,110.53
2004-09-23,11019.41,10038.9,110.39
2004-09-24,10895.16,10047.24,110.72
2004-09-25,10895.16,10047.24,110.72
2004-09-26,10895.16,10047.24,110.72
2004-09-27,10859.32,9988.54,111.13
2004-09-28,10815.57,10077.4,111.48
2004-09-29,10786.1,10136.24,110.9
2004-09-30,10823.57,10080.27,110.2
2004-10-01,10985.17,10192.65,110.45
2004-10-02,10985.17,10192.65,110.45
2004-10-03,10985.17,10192.65,110.45
2004-10-04,11279.63,10216.54,111.13
2004-10-05,11281.83,10177.68,111.21
2004-10-06,11385.38,10239.92,111.34
2004-10-07,11354.59,10125.4,111.15
2004-10-08,11349.35,10055.2,109.44
2004-10-09,11349.35,10055.2,109.44
2004-10-10,11349.35,10055.2,109.44
2004-10-11,11349.35,10081.97,109.44
2004-10-12,11201.81,10077.18,109.79
2004-10-13,11195.99,10002.33,109.78
2004-10-14,11034.29,9894.45,109.6
2004-10-15,10982.95,9933.38,109.14
2004-10-16,10982.95,9933.38,109.14
2004-10-17,10982.95,9933.38,109.14
2004-10-18,10965.62,9956.32,109.23
2004-10-19,11064.86,9897.62,108.36
2004-10-20,10882.18,9886.93,108.16
2004-10-21,10789.23,9865.76,107.43
2004-10-22,10857.13,9757.81,107.42
2004-10-23,10857.13,9757.81,107.42
2004-10-24,10857.13,9757.81,107.42
2004-10-25,10659.15,9749.99,106.61
2004-10-26,10672.46,9888.48,106.63
2004-10-27,10691.95,10002.03,106.67
2004-10-28,10853.12,10004.54,106.09
2004-10-29,10771.42,10027.47,106.04
2004-10-30,10771.42,10027.47,106.04
2004-10-31,10771.42,10027.47,106.04
2004-11-01,10734.71,10054.39,106.41
2004-11-02,10887.81,10035.73,106.29
2004-11-03,10887.81,10137.05,106.2
2004-11-04,10946.27,10314.76,106.02
2004-11-05,11061.77,10387.54,105.6
2004-11-06,11061.77,10387.54,105.6
2004-11-07,11061.77,10387.54,105.6
2004-11-08,10983.83,10391.31,105.57
2004-11-09,10964.87,10386.37,105.57
2004-11-10,10994.96,10385.48,106.91
2004-11-11,10846.92,10469.84,106.91
2004-11-12,11019.98,10539.01,105.53
2004-11-13,11019.98,10539.01,105.53
2004-11-14,11019.98,10539.01,105.53
2004-11-15,11227.57,10550.24,105.53
2004-11-16,11161.75,10487.65,105.35
2004-11-17,11131.29,10549.57,104.18
2004-11-18,11082.42,10572.55,104.23
2004-11-19,11082.84,10456.91,102.8
2004-11-20,11082.84,10456.91,102.8
2004-11-21,11082.84,10456.91,102.8
2004-11-22,10849.39,10489.42,103.2
2004-11-23,10849.39,10492.6,103.42
2004-11-24,10872.33,10520.31,102.94
2004-11-25,10900.34,10520.31,102.94
2004-11-26,10833.75,10522.23,102.58
2004-11-27,10833.75,10522.23,102.58
2004-11-28,10833.75,10522.23,102.58
2004-11-29,10977.89,10475.9,102.61
2004-11-30,10899.25,10428.02,103.04
2004-12-01,10784.25,10590.22,102.78
2004-12-02,10973.07,10585.12,103.11
2004-12-03,11074.89,10592.21,102.56
2004-12-04,11074.89,10592.21,102.56
2004-12-05,11074.89,10592.21,102.56
2004-12-06,10981.96,10547.06,102.68
2004-12-07,10873.63,10440.58,102.74
2004-12-08,10941.37,10494.23,104.74
2004-12-09,10776.63,10552.82,104.93
2004-12-10,10756.8,10543.22,105.45
2004-12-11,10756.8,10543.22,105.45
2004-12-12,10756.8,10543.22,105.45
2004-12-13,10789.25,10638.32,104.67
2004-12-14,10915.58,10676.45,105.59
2004-12-15,10956.46,10691.45,104.02
2004-12-16,10924.37,10705.64,104.36
2004-12-17,11078.32,10649.92,104.28
2004-12-18,11078.32,10649.92,104.28
2004-12-19,11078.32,10649.92,104.28
2004-12-20,11103.42,10661.6,104.01
2004-12-21,11125.92,10759.43,104.33
2004-12-22,11209.44,10815.89,103.95
2004-12-23,11209.44,10827.12,103.71
2004-12-24,11365.48,10827.12,103.65
2004-12-25,11365.48,10827.12,103.65
2004-12-26,11365.48,10827.12,103.65
2004-12-27,11362.35,10776.13,102.97
2004-12-28,11424.13,10854.54,103.13
2004-12-29,11381.56,10829.19,104.19
2004-12-30,11488.76,10800.3,103.11
2004-12-31,11488.76,10783.01,102.68
2005-01-01,11488.76,10783.01,102.68
2005-01-02,11488.76,10783.01,102.68
2005-01-03,11488.76,10729.43,102.83
2005-01-04,11517.75,10630.78,104.27
2005-01-05,11437.52,10597.83,103.95
2005-01-06,11492.26,10622.88,104.87
2005-01-07,11433.24,10603.96,104.93
2005-01-08,11433.24,10603.96,104.93
2005-01-09,11433.24,10603.96,104.93
2005-01-10,11433.24,10621.03,104.32
2005-01-11,11539.99,10556.22,103.42
2005-01-12,11453.39,10617.78,102.26
2005-01-13,11358.22,10505.83,102.55
2005-01-14,11438.39,10558,102.5
2005-01-15,11438.39,10558,102.5
2005-01-16,11438.39,10558,102.5
2005-01-17,11487.1,10558,102.5
2005-01-18,11423.26,10628.79,102.36
2005-01-19,11405.34,10539.97,102.52
2005-01-20,11284.77,10471.47,103.31
2005-01-21,11238.37,10392.99,102.85
2005-01-22,11238.37,10392.99,102.85
2005-01-23,11238.37,10392.99,102.85
2005-01-24,11289.49,10368.61,102.67
2005-01-25,11276.91,10461.56,104.16
2005-01-26,11376.57,10498.59,102.9
2005-01-27,11341.31,10467.4,103.15
2005-01-28,11320.58,10427.2,103.45
2005-01-29,11320.58,10427.2,103.45
2005-01-30,11320.58,10427.2,103.45
2005-01-31,11387.59,10489.94,103.55
2005-02-01,11384.4,10551.94,103.93
2005-02-02,11407.14,10596.79,104.05
2005-02-03,11389.35,10593.1,104.55
2005-02-04,11360.4,10716.13,103.7
2005-02-05,11360.4,10716.13,103.7
2005-02-06,11360.4,10716.13,103.7
2005-02-07,11499.86,10715.76,104.68
2005-02-08,11490.43,10724.63,105.65
2005-02-09,11473.35,10664.11,105.84
2005-02-10,11553.56,10749.61,105.69
2005-02-11,11553.56,10796.01,105.75
2005-02-12,11553.56,10796.01,105.75
2005-02-13,11553.56,10796.01,105.75
2005-02-14,11632.2,10791.13,104.94
2005-02-15,11646.49,10837.32,104.47
2005-02-16,11601.68,10834.88,105.62
2005-02-17,11582.72,10754.26,105.4
2005-02-18,11660.12,10785.22,105.69
2005-02-19,11660.12,10785.22,105.69
2005-02-20,11660.12,10785.22,105.69
2005-02-21,11651.02,10785.22,105.69
2005-02-22,11597.71,10611.2,104.15
2005-02-23,11500.18,10673.79,104.96
2005-02-24,11531.15,10748.79,105.41
2005-02-25,11658.25,10841.6,105.21
2005-02-26,11658.25,10841.6,105.21
2005-02-27,11658.25,10841.6,105.21
2005-02-28,11740.6,10766.23,104.25
2005-03-01,11780.53,10830,104.37
2005-03-02,11813.71,10811.97,104.71
2005-03-03,11856.46,10833.03,105.02
2005-03-04,11873.05,10940.55,104.46
2005-03-05,11873.05,10940.55,104.46
2005-03-06,11873.05,10940.55,104.46
2005-03-07,11925.36,10936.86,105.22
2005-03-08,11886.91,10912.62,104.51
2005-03-09,11966.69,10805.62,103.87
2005-03-10,11864.91,10851.51,104.15
2005-03-11,11923.89,10774.36,103.93
2005-03-12,11923.89,10774.36,103.93
2005-03-13,11923.89,10774.36,103.93
2005-03-14,11850.25,10804.51,105.01
2005-03-15,11821.09,10745.1,104.54
2005-03-16,11873.18,10633.07,104.1
2005-03-17,11775.5,10626.35,104.57
2005-03-18,11879.81,10629.67,104.7
2005-03-19,11879.81,10629.67,104.7
2005-03-20,11879.81,10629.67,104.7
2005-03-21,11879.81,10565.39,105.1
2005-03-22,11841.97,10470.51,104.99
2005-03-23,11739.12,10456.02,105.76
2005-03-24,11745.97,10442.87,106.26
2005-03-25,11761.1,10442.87,106.32
2005-03-26,11761.1,10442.87,106.32
2005-03-27,11761.1,10442.87,106.32
2005-03-28,11792.3,10485.65,107.22
2005-03-29,11599.82,10405.7,107.49
2005-03-30,11565.88,10540.93,107.33
2005-03-31,11668.95,10503.76,107.22
2005-04-01,11723.63,10404.3,107.57
2005-04-02,11723.63,10404.3,107.57
2005-04-03,11723.63,10404.3,107.57
2005-04-04,11667.54,10421.14,108.28
2005-04-05,11774.31,10458.46,108.43
2005-04-06,11827.16,10486.02,108.67
2005-04-07,11810.99,10546.32,108.44
2005-04-08,11874.75,10461.34,108.26
2005-04-09,11874.75,10461.34,108.26
2005-04-10,11874.75,10461.34,108.26
2005-04-11,11745.64,10448.56,107.79
2005-04-12,11670.3,10507.97,108.26
2005-04-13,11637.52,10403.93,107.32
2005-04-14,11563.17,10278.75,108.18
2005-04-15,11370.69,10087.51,107.65
2005-04-16,11370.69,10087.51,107.65
2005-04-17,11370.69,10087.51,107.65
2005-04-18,10938.44,10071.25,107.39
2005-04-19,11065.86,10127.41,107.02
2005-04-20,11088.58,10012.36,106.82
2005-04-21,10984.39,10218.6,106.85
2005-04-22,11045.95,10157.71,105.85
2005-04-23,11045.95,10157.71,105.85
2005-04-24,11045.95,10157.71,105.85
2005-04-25,11073.77,10242.47,105.67
2005-04-26,11035.83,10151.13,106.03
2005-04-27,11005.42,10198.8,105.98
2005-04-28,11008.9,10070.37,105.97
2005-04-29,11008.9,10192.51,104.64
2005-04-30,11008.9,10192.51,104.64
2005-05-01,11008.9,10192.51,104.64
2005-05-02,11002.11,10251.7,105.07
2005-05-03,11002.11,10256.95,105.16
2005-05-04,11002.11,10384.64,104.77
2005-05-05,11002.11,10340.38,104.41
2005-05-06,11192.17,10345.4,104.93
2005-05-07,11192.17,10345.4,104.93
2005-05-08,11192.17,10345.4,104.93
2005-05-09,11171.32,10384.34,105.54
2005-05-10,11159.46,10281.11,105.53
2005-05-11,11120.7,10300.25,105.74
2005-05-12,11077.94,10189.48,106.68
2005-05-13,11049.11,10140.12,107.14
2005-05-14,11049.11,10140.12,107.14
2005-05-15,11049.11,10140.12,107.14
2005-05-16,10947.22,10252.29,107.02
2005-05-17,10825.39,10331.88,107.15
2005-05-18,10835.41,10464.45,107.05
2005-05-19,11077.16,10493.19,107.43
2005-05-20,11037.29,10471.91,108.17
2005-05-21,11037.29,10471.91,108.17
2005-05-22,11037.29,10471.91,108.17
2005-05-23,11158.65,10523.56,107.72
2005-05-24,11133.65,10503.68,107.46
2005-05-25,11014.43,10457.8,107.73
2005-05-26,11027.94,10537.6,107.95
2005-05-27,11192.33,10542.55,107.88
2005-05-28,11192.33,10542.55,107.88
2005-05-29,11192.33,10542.55,107.88
2005-05-30,11266.33,10542.55,107.88
2005-05-31,11276.59,10467.48,107.97
2005-06-01,11329.67,10549.87,108.42
2005-06-02,11280.05,10553.49,108.31
2005-06-03,11300.05,10460.97,107.84
2005-06-04,11300.05,10460.97,107.84
2005-06-05,11300.05,10460.97,107.84
2005-06-06,11270.62,10467.03,106.86
2005-06-07,11217.45,10483.07,106.64
2005-06-08,11281.03,10476.86,106.89
2005-06-09,11160.88,10503.02,107.52
2005-06-10,11304.23,10512.63,108.45
2005-06-11,11304.23,10512.63,108.45
2005-06-12,11304.23,10512.63,108.45
2005-06-13,11311.51,10522.56,109.58
2005-06-14,11335.92,10547.57,109.38
2005-06-15,11415.88,10566.37,109.34
2005-06-16,11416.38,10578.65,109.08
2005-06-17,11514.03,10623.07,108.83
2005-06-18,11514.03,10623.07,108.83
2005-06-19,11514.03,10623.07,108.83
2005-06-20,11483.35,10609.11,109.42
2005-06-21,11488.74,10599.67,108.52
2005-06-22,11547.28,10587.93,108.89
2005-06-23,11576.75,10421.44,108.79
2005-06-24,11537.03,10297.84,109.22
2005-06-25,11537.03,10297.84,109.22
2005-06-26,11537.03,10297.84,109.22
2005-06-27,11414.28,10290.78,109.39
2005-06-28,11513.83,10405.63,109.89
2005-06-29,11577.44,10374.48,110.27
2005-06-30,11584.01,10274.97,110.91
2005-07-01,11630.13,10303.44,111.68
2005-07-02,11630.13,10303.44,111.68
2005-07-03,11630.13,10303.44,111.68
2005-07-04,11651.55,10303.44,111.68
2005-07-05,11616.7,10371.8,111.61
2005-07-06,11603.53,10270.68,112.07
2005-07-07,11590.14,10302.29,112.08
2005-07-08,11565.99,10449.14,112.17
2005-07-09,11565.99,10449.14,112.17
2005-07-10,11565.99,10449.14,112.17
2005-07-11,11674.79,10519.72,111.76
2005-07-12,11692.14,10513.89,110.94
2005-07-13,11659.84,10557.39,112.08
2005-07-14,11764.26,10628.89,112.14
2005-07-15,11758.68,10640.83,112.32
2005-07-16,11758.68,10640.83,112.32
2005-07-17,11758.68,10640.83,112.32
2005-07-18,11758.68,10574.99,111.62
2005-07-19,11764.84,10646.56,112.95
2005-07-20,11789.35,10689.15,113.42
2005-07-21,11786.73,10627.77,110.47
2005-07-22,11695.05,10651.18,110.98
2005-07-23,11695.05,10651.18,110.98
2005-07-24,11695.05,10651.18,110.98
2005-07-25,11762.65,10596.48,111.59
2005-07-26,11737.96,10579.77,112.3
2005-07-27,11835.08,10637.09,112.3
2005-07-28,11858.31,10705.55,112.34
2005-07-29,11899.6,10640.91,112.25
2005-07-30,11899.6,10640.91,112.25
2005-07-31,11899.6,10640.91,112.25
2005-08-01,11946.92,10623.15,112.12
2005-08-02,11940.2,10683.74,111.28
2005-08-03,11981.8,10697.59,111.05
2005-08-04,11883.31,10610.1,111.17
2005-08-05,11766.48,10558.03,112.09
2005-08-06,11766.48,10558.03,112.09
2005-08-07,11766.48,10558.03,112.09
2005-08-08,11778.98,10536.93,111.87
2005-08-09,11900.32,10615.67,112.07
2005-08-10,12098.08,10594.41,110.67
2005-08-11,12263.32,10685.89,109.92
2005-08-12,12261.68,10600.31,109.55
2005-08-13,12261.68,10600.31,109.55
2005-08-14,12261.68,10600.31,109.55
2005-08-15,12256.55,10634.38,109.4
2005-08-16,12315.67,10513.45,109.37
2005-08-17,12273.12,10550.71,109.63
2005-08-18,12307.37,10554.93,110.54
2005-08-19,12291.73,10559.23,110.68
2005-08-20,12291.73,10559.23,110.68
2005-08-21,12291.73,10559.23,110.68
2005-08-22,12452.51,10569.89,109.75
2005-08-23,12472.93,10519.58,109.83
2005-08-24,12502.26,10434.87,110.35
2005-08-25,12405.16,10450.63,109.9
2005-08-26,12439.48,10397.29,109.85
2005-08-27,12439.48,10397.29,109.85
2005-08-28,12439.48,10397.29,109.85
2005-08-29,12309.83,10463.05,110.53
2005-08-30,12453.14,10412.82,111.49
2005-08-31,12413.6,10481.6,110.84
2005-09-01,12506.97,10459.63,110.16
2005-09-02,12600,10447.37,109.66
2005-09-03,12600,10447.37,109.66
2005-09-04,12600,10447.37,109.66
2005-09-05,12634.88,10447.37,109.66
2005-09-06,12599.43,10589.24,109.67
2005-09-07,12607.59,10633.5,110.06
2005-09-08,12533.89,10595.93,110.49
2005-09-09,12692.04,10678.56,109.69
2005-09-10,12692.04,10678.56,109.69
2005-09-11,12692.04,10678.56,109.69
2005-09-12,12896.43,10682.94,109.91
2005-09-13,12901.95,10597.44,110.85
2005-09-14,12834.25,10544.9,110.27
2005-09-15,12986.78,10558.75,110.48
2005-09-16,12958.68,10641.94,111.38
2005-09-17,12958.68,10641.94,111.38
2005-09-18,12958.68,10641.94,111.38
2005-09-19,12958.68,10557.63,111.3
2005-09-20,13148.57,10481.52,111.54
2005-09-21,13196.57,10378.03,111.33
2005-09-22,13159.36,10422.05,111.63
2005-09-23,13159.36,10419.59,112.17
2005-09-24,13159.36,10419.59,112.17
2005-09-25,13159.36,10419.59,112.17
2005-09-26,13392.63,10443.63,112.41
2005-09-27,13310.04,10456.21,113.32
2005-09-28,13435.91,10473.09,113.27
2005-09-29,13617.24,10552.78,113.14
2005-09-30,13574.3,10568.7,113.29
2005-10-01,13574.3,10568.7,113.29
2005-10-02,13574.3,10568.7,113.29
2005-10-03,13525.28,10535.48,114.17
2005-10-04,13738.84,10441.11,114.33
2005-10-05,13689.89,10317.36,113.72
2005-10-06,13359.51,10287.1,113.54
2005-10-07,13227.74,10292.31,113.82
2005-10-08,13227.74,10292.31,113.82
2005-10-09,13227.74,10292.31,113.82
2005-10-10,13227.74,10238.76,113.82
2005-10-11,13556.71,10253.17,114.21
2005-10-12,13463.74,10216.91,114.36
2005-10-13,13449.24,10216.59,114.97
2005-10-14,13420.54,10287.34,114.03
2005-10-15,13420.54,10287.34,114.03
2005-10-16,13420.54,10287.34,114.03
2005-10-17,13400.29,10348.1,114.86
2005-10-18,13352.24,10285.26,115.71
2005-10-19,13129.49,10414.13,115.47
2005-10-20,13190.46,10281.1,115.48
2005-10-21,13199.95,10215.22,115.93
2005-10-22,13199.95,10215.22,115.93
2005-10-23,13199.95,10215.22,115.93
2005-10-24,13106.18,10385,115.18
2005-10-25,13280.62,10377.87,114.78
2005-10-26,13395.02,10344.98,115.81
2005-10-27,13417.08,10229.95,115.14
2005-10-28,13346.54,10402.77,115.52
2005-10-29,13346.54,10402.77,115.52
2005-10-30,13346.54,10402.77,115.52
2005-10-31,13606.5,10440.07,116.36
2005-11-01,13867.86,10406.77,116.63
2005-11-02,13894.78,10472.73,116.76
2005-11-03,13894.78,10522.59,117.21
2005-11-04,14075.96,10530.76,118.2
2005-11-05,14075.96,10530.76,118.2
2005-11-06,14075.96,10530.76,118.2
2005-11-07,14061.6,10586.23,117.57
2005-11-08,14036.73,10539.72,117.1
2005-11-09,14072.2,10546.21,117.51
2005-11-10,14080.88,10640.1,118.05
2005-11-11,14155.06,10686.04,118.05
2005-11-12,14155.06,10686.04,118.05
2005-11-13,14155.06,10686.04,118.05
2005-11-14,14116.04,10697.17,118.88
2005-11-15,14091.77,10686.44,118.93
2005-11-16,14170.87,10674.76,119.17
2005-11-17,14411.79,10720.22,118.81
2005-11-18,14623.12,10766.33,119.21
2005-11-19,14623.12,10766.33,119.21
2005-11-20,14623.12,10766.33,119.21
2005-11-21,14680.43,10820.28,119.03
2005-11-22,14708.32,10871.43,119.22
2005-11-23,14708.32,10916.09,118.76
2005-11-24,14742.58,10916.09,118.76
2005-11-25,14784.29,10931.62,119.65
2005-11-26,14784.29,10931.62,119.65
2005-11-27,14784.29,10931.62,119.65
2005-11-28,14986.94,10890.72,119.25
2005-11-29,14927.7,10888.16,119.48
2005-11-30,14872.15,10805.87,119.66
2005-12-01,15130.5,10912.57,120.62
2005-12-02,15421.6,10877.51,120.77
2005-12-03,15421.6,10877.51,120.77
2005-12-04,15421.6,10877.51,120.77
2005-12-05,15551.31,10835.01,120.83
2005-12-06,15423.38,10856.86,120.82
2005-12-07,15484.66,10810.91,120.93
2005-12-08,15183.36,10755.12,120.27
2005-12-09,15404.05,10778.58,120.54
2005-12-10,15404.05,10778.58,120.54
2005-12-11,15404.05,10778.58,120.54
2005-12-12,15738.7,10767.77,119.9
2005-12-13,15778.86,10823.72,120.11
2005-12-14,15464.58,10883.51,116.81
2005-12-15,15254.44,10881.67,116.55
2005-12-16,15173.07,10875.59,115.78
2005-12-17,15173.07,10875.59,115.78
2005-12-18,15173.07,10875.59,115.78
2005-12-19,15391.48,10836.53,116.01
2005-12-20,15641.26,10805.55,117.01
2005-12-21,15957.57,10833.73,117.4
2005-12-22,15941.37,10889.44,116.55
2005-12-23,15941.37,10883.27,116.38
2005-12-24,15941.37,10883.27,116.38
2005-12-25,15941.37,10883.27,116.38
2005-12-26,16107.67,10883.27,116.38
2005-12-27,15969.4,10777.77,117.07
2005-12-28,16194.61,10796.26,117.62
2005-12-29,16344.2,10784.82,117.86
2005-12-30,16111.43,10717.5,117.88
2005-12-31,16111.43,10717.5,117.88
2006-01-01,16111.43,10717.5,117.88
2006-01-02,16111.43,10717.5,117.88
2006-01-03,16111.43,10847.41,116.34
2006-01-04,16361.54,10880.15,116.31
2006-01-05,16425.37,10882.15,115.96
2006-01-06,16428.21,10959.31,114.45
2006-01-07,16428.21,10959.31,114.45
2006-01-08,16428.21,10959.31,114.45
2006-01-09,16428.21,11011.9,114.66
2006-01-10,16124.35,11011.58,114.64
2006-01-11,16363.59,11043.44,113.96
2006-01-12,16445.19,10962.36,114.31
2006-01-13,16454.95,10959.87,114.43
2006-01-14,16454.95,10959.87,114.43
2006-01-15,16454.95,10959.87,114.43
2006-01-16,16268.03,10959.87,114.43
2006-01-17,15805.95,10896.32,115.83
2006-01-18,15341.18,10854.86,115.35
2006-01-19,15696.28,10880.71,115.07
2006-01-20,15696.69,10667.39,115.42
2006-01-21,15696.69,10667.39,115.42
2006-01-22,15696.69,10667.39,115.42
2006-01-23,15360.65,10688.77,114.67
2006-01-24,15648.89,10712.22,114.54
2006-01-25,15651,10709.74,115.73
2006-01-26,15891.02,10809.47,116.27
2006-01-27,16460.68,10907.21,117.16
2006-01-28,16460.68,10907.21,117.16
2006-01-29,16460.68,10907.21,117.16
2006-01-30,16551.23,10899.92,117.55
2006-01-31,16649.82,10864.86,116.88
2006-02-01,16480.09,10953.95,117.85
2006-02-02,16710.55,10851.98,118.26
2006-02-03,16659.64,10793.62,118.95
2006-02-04,16659.64,10793.62,118.95
2006-02-05,16659.64,10793.62,118.95
2006-02-06,16747.76,10798.27,118.94
2006-02-07,16720.99,10749.76,118.01
2006-02-08,16272.68,10858.62,118.69
2006-02-09,16439.67,10883.35,118.66
2006-02-10,16257.83,10919.05,117.64
2006-02-11,16257.83,10919.05,117.64
2006-02-12,16257.83,10919.05,117.64
2006-02-13,15877.66,10892.32,117.63
2006-02-14,16184.87,11028.39,117.43
2006-02-15,15932.83,11058.97,117.93
2006-02-16,16043.67,11120.68,117.91
2006-02-17,15713.45,11115.32,118.43
2006-02-18,15713.45,11115.32,118.43
2006-02-19,15713.45,11115.32,118.43
2006-02-20,15437.93,11115.32,118.43
2006-02-21,15894.94,11069.06,118.85
2006-02-22,15781.78,11137.17,118.51
2006-02-23,16096.1,11069.22,117
2006-02-24,16101.91,11061.85,116.87
2006-02-25,16101.91,11061.85,116.87
2006-02-26,16101.91,11061.85,116.87
2006-02-27,16192.95,11097.55,115.97
2006-02-28,16205.43,10993.41,115.82
2006-03-01,15964.46,11053.53,116.18
2006-03-02,15909.76,11025.51,116.07
2006-03-03,15663.34,11021.59,116.46
2006-03-04,15663.34,11021.59,116.46
2006-03-05,15663.34,11021.59,116.46
2006-03-06,15901.16,10958.59,117.46
2006-03-07,15726.02,10980.69,117.76
2006-03-08,15627.49,11005.74,117.9
2006-03-09,16036.91,10972.28,117.96
2006-03-10,16115.63,11076.34,119.07
2006-03-11,16115.63,11076.34,119.07
2006-03-12,16115.63,11076.34,119.07
2006-03-13,16361.51,11076.02,119.01
2006-03-14,16238.36,11151.34,117.36
2006-03-15,16319.04,11209.77,117.3
2006-03-16,16096.21,11253.24,117.13
2006-03-17,16339.73,11279.65,115.89
2006-03-18,16339.73,11279.65,115.89
2006-03-19,16339.73,11279.65,115.89
2006-03-20,16624.8,11274.53,116.25
2006-03-21,16624.8,11235.47,117.23
2006-03-22,16495.48,11317.43,116.72
2006-03-23,16489.37,11270.29,117.6
2006-03-24,16560.87,11279.97,117.5
2006-03-25,16560.87,11279.97,117.5
2006-03-26,16560.87,11279.97,117.5
2006-03-27,16650.1,11250.11,116.62
2006-03-28,16690.24,11154.54,117.23
2006-03-29,16938.41,11215.7,117.8
2006-03-30,17045.34,11150.7,117.41
2006-03-31,17059.66,11109.32,117.48
2006-04-01,17059.66,11109.32,117.48
2006-04-02,17059.66,11109.32,117.48
2006-04-03,17333.31,11144.94,117.82
2006-04-04,17292.91,11203.85,117.44
2006-04-05,17243.98,11239.55,117.59
2006-04-06,17489.33,11216.5,117.72
2006-04-07,17563.37,11120.04,118.31
2006-04-08,17563.37,11120.04,118.31
2006-04-09,17563.37,11120.04,118.31
2006-04-10,17456.58,11141.33,118.66
2006-04-11,17418.13,11089.63,118.61
2006-04-12,17162.55,11129.97,118.47
2006-04-13,17199.15,11137.65,118.42
2006-04-14,17233.82,11137.65,118.65
2006-04-15,17233.82,11137.65,118.65
2006-04-16,17233.82,11137.65,118.65
2006-04-17,17000.36,11073.78,117.68
2006-04-18,17232.86,11268.77,117.75
2006-04-19,17350.12,11278.77,117.58
2006-04-20,17317.53,11342.89,117.49
2006-04-21,17403.96,11347.45,116.91
2006-04-22,17403.96,11347.45,116.91
2006-04-23,17403.96,11347.45,116.91
2006-04-24,16914.4,11336.32,114.93
2006-04-25,16970.29,11283.25,114.83
2006-04-26,17055.93,11354.49,114.72
2006-04-27,17114.54,11382.51,114.02
2006-04-28,16906.23,11367.14,113.79
2006-04-29,16906.23,11367.14,113.79
2006-04-30,16906.23,11367.14,113.79
2006-05-01,16925.71,11343.29,113.06
2006-05-02,17153.77,11416.45,113.26
2006-05-03,17153.77,11400.28,113.44
2006-05-04,17153.77,11438.86,113.46
2006-05-05,17153.77,11577.74,112.45
2006-05-06,17153.77,11577.74,112.45
2006-05-07,17153.77,11577.74,112.45
2006-05-08,17291.67,11584.54,111.55
2006-05-09,17190.91,11639.77,111.31
2006-05-10,16951.93,11642.65,110.55
2006-05-11,16862.14,11500.73,110.26
2006-05-12,16601.78,11380.99,110.49
2006-05-13,16601.78,11380.99,110.49
2006-05-14,16601.78,11380.99,110.49
2006-05-15,16486.91,11428.77,110.21
2006-05-16,16158.42,11419.89,110.07
2006-05-17,16307.67,11205.61,110.6
2006-05-18,16087.18,11128.29,110.89
2006-05-19,16155.45,11144.06,111.76
2006-05-20,16155.45,11144.06,111.76
2006-05-21,16155.45,11144.06,111.76
2006-05-22,15857.87,11125.33,111.62
2006-05-23,15599.2,11098.35,111.35
2006-05-24,15907.2,11117.32,112.8
2006-05-25,15693.75,11211.05,111.92
2006-05-26,15970.76,11278.61,112.58
2006-05-27,15970.76,11278.61,112.58
2006-05-28,15970.76,11278.61,112.58
2006-05-29,15915.68,11278.61,112.58
2006-05-30,15859.45,11094.43,112.18
2006-05-31,15467.33,11168.31,112.26
2006-06-01,15503.74,11260.28,112.43
2006-06-02,15789.31,11247.87,111.66
2006-06-03,15789.31,11247.87,111.66
2006-06-04,15789.31,11247.87,111.66
2006-06-05,15668.31,11048.72,111.7
2006-06-06,15384.86,11002.14,113.26
2006-06-07,15096.01,10930.9,113.35
2006-06-08,14633.03,10938.82,114.22
2006-06-09,14750.84,10891.92,113.89
2006-06-10,14750.84,10891.92,113.89
2006-06-11,14750.84,10891.92,113.89
2006-06-12,14833.01,10792.58,114.17
2006-06-13,14218.6,10706.14,115.06
2006-06-14,14309.56,10816.92,114.85
2006-06-15,14470.76,11015.19,115.06
2006-06-16,14879.34,11014.55,115.12
2006-06-17,14879.34,11014.55,115.12
2006-06-18,14879.34,11014.55,115.12
2006-06-19,14860.35,10942.11,115.26
2006-06-20,14648.41,10974.84,115.02
2006-06-21,14644.26,11079.46,114.76
2006-06-22,15135.69,11019.11,115.94
2006-06-23,15124.04,10989.09,116.26
2006-06-24,15124.04,10989.09,116.26
2006-06-25,15124.04,10989.09,116.26
2006-06-26,15152.4,11045.28,116.38
2006-06-27,15171.81,10924.74,116.26
2006-06-28,14886.11,10973.56,116.42
2006-06-29,15121.15,11190.8,116.17
2006-06-30,15505.18,11150.22,114.51
2006-07-01,15505.18,11150.22,114.51
2006-07-02,15505.18,11150.22,114.51
2006-07-03,15571.62,11228.02,114.92
2006-07-04,15638.5,11228.02,114.92
2006-07-05,15523.94,11151.82,115.65
2006-07-06,15321.4,11225.3,115.18
2006-07-07,15307.61,11090.67,113.98
2006-07-08,15307.61,11090.67,113.98
2006-07-09,15307.61,11090.67,113.98
2006-07-10,15552.81,11103.55,113.97
2006-07-11,15473.82,11134.77,114.15
2006-07-12,15249.32,11013.18,115.41
2006-07-13,15097.95,10846.29,115.45
2006-07-14,14845.24,10739.35,116.33
2006-07-15,14845.24,10739.35,116.33
2006-07-16,14845.24,10739.35,116.33
2006-07-17,14845.24,10747.36,117.08
2006-07-18,14437.24,10799.23,117.44
2006-07-19,14500.26,11011.42,117.08
2006-07-20,14946.84,10928.1,116.83
2006-07-21,14821.26,10868.38,116.34
2006-07-22,14821.26,10868.38,116.34
2006-07-23,14821.26,10868.38,116.34
2006-07-24,14794.5,11051.05,116.65
2006-07-25,15005.24,11103.71,117.3
2006-07-26,14884.07,11102.51,116.85
2006-07-27,15179.78,11100.43,115.55
2006-07-28,15342.87,11219.7,114.74
2006-07-29,15342.87,11219.7,114.74
2006-07-30,15342.87,11219.7,114.74
2006-07-31,15456.81,11185.68,114.44
2006-08-01,15440.91,11125.73,114.96
2006-08-02,15464.29,11199.93,114.54
2006-08-03,15470.37,11242.59,115.27
2006-08-04,15499.18,11240.35,114.21
2006-08-05,15499.18,11240.35,114.21
2006-08-06,15499.18,11240.35,114.21
2006-08-07,15154.06,11219.38,114.85
2006-08-08,15464.66,11173.59,115.01
2006-08-09,15656.59,11076.18,115.14
2006-08-10,15630.91,11124.37,115.59
2006-08-11,15565.02,11088.03,116.18
2006-08-12,15565.02,11088.03,116.18
2006-08-13,15565.02,11088.03,116.18
2006-08-14,15857.11,11097.87,116.53
2006-08-15,15816.19,11230.26,115.96
2006-08-16,16071.36,11327.12,115.71
2006-08-17,16020.84,11334.96,115.44
2006-08-18,16105.98,11381.47,115.79
2006-08-19,16105.98,11381.47,115.79
2006-08-20,16105.98,11381.47,115.79
2006-08-21,15969.04,11345.05,115.86
2006-08-22,16181.17,11339.84,116.61
2006-08-23,16163.03,11297.9,116.43
2006-08-24,15960.62,11304.46,116.38
2006-08-25,15938.66,11284.05,117.31
2006-08-26,15938.66,11284.05,117.31
2006-08-27,15938.66,11284.05,117.31
2006-08-28,15762.59,11352.01,117.15
2006-08-29,15890.56,11369.94,116.92
2006-08-30,15872.02,11382.91,117.07
2006-08-31,16140.76,11381.15,117.35
2006-09-01,16134.25,11464.15,117.21
2006-09-02,16134.25,11464.15,117.21
2006-09-03,16134.25,11464.15,117.21
2006-09-04,16358.07,11464.15,117.21
2006-09-05,16385.96,11469.28,116.04
2006-09-06,16284.09,11406.2,116.73
2006-09-07,16012.41,11331.44,116.3
2006-09-08,16080.46,11392.11,116.89
2006-09-09,16080.46,11392.11,116.89
2006-09-10,16080.46,11392.11,116.89
2006-09-11,15794.38,11396.84,117.57
2006-09-12,15719.34,11498.09,117.82
2006-09-13,15750.05,11543.32,117.47
2006-09-14,15942.39,11527.39,117.47
2006-09-15,15866.93,11560.77,117.72
2006-09-16,15866.93,11560.77,117.72
2006-09-17,15866.93,11560.77,117.72
2006-09-18,15866.93,11555,118.02
2006-09-19,15874.28,11540.91,117.6
2006-09-20,15718.67,11613.19,117.29
2006-09-21,15834.23,11533.23,116.76
2006-09-22,15634.67,11508.1,116.45
2006-09-23,15634.67,11508.1,116.45
2006-09-24,15634.67,11508.1,116.45
2006-09-25,15633.81,11575.81,116.43
2006-09-26,15557.45,11669.39,117.16
2006-09-27,15947.87,11689.24,117.53
2006-09-28,16024.85,11718.45,117.84
2006-09-29,16127.58,11679.07,117.99
2006-09-30,16127.58,11679.07,117.99
2006-10-01,16127.58,11679.07,117.99
2006-10-02,16254.29,11670.35,117.66
2006-10-03,16242.09,11727.34,117.84
2006-10-04,16082.55,11850.61,118.02
2006-10-05,16449.33,11866.69,117.69
2006-10-06,16436.06,11850.21,118.89
2006-10-07,16436.06,11850.21,118.89
2006-10-08,16436.06,11850.21,118.89
2006-10-09,16436.06,11857.81,118.89
2006-10-10,16477.25,11867.17,119.68
2006-10-11,16400.57,11852.13,119.49
2006-10-12,16368.81,11947.7,119.53
2006-10-13,16536.54,11960.51,119.81
2006-10-14,16536.54,11960.51,119.81
2006-10-15,16536.54,11960.51,119.81
2006-10-16,16692.76,11980.6,119.25
2006-10-17,16611.59,11950.02,118.63
2006-10-18,16653,11992.68,119.09
2006-10-19,16551.36,12011.73,118.35
2006-10-20,16651.63,12002.37,118.73
2006-10-21,16651.63,12002.37,118.73
2006-10-22,16651.63,12002.37,118.73
2006-10-23,16788.82,12116.91,119.32
2006-10-24,16780.47,12127.88,119.25
2006-10-25,16699.3,12134.68,119.13
2006-10-26,16811.6,12163.66,118.62
2006-10-27,16669.07,12090.26,117.61
2006-10-28,16669.07,12090.26,117.61
2006-10-29,16669.07,12090.26,117.61
2006-10-30,16351.85,12086.5,117.38
2006-10-31,16399.39,12080.73,116.82
2006-11-01,16375.26,12031.02,117.01
2006-11-02,16350.02,12018.54,117.12
2006-11-03,16350.02,11986.04,118.06
2006-11-04,16350.02,11986.04,118.06
2006-11-05,16350.02,11986.04,118.06
2006-11-06,16364.76,12105.55,118.4
2006-11-07,16393.41,12156.77,117.44
2006-11-08,16215.74,12176.54,117.74
2006-11-09,16198.57,12103.3,117.92
2006-11-10,16112.43,12108.43,117.47
2006-11-11,16112.43,12108.43,117.47
2006-11-12,16112.43,12108.43,117.47
2006-11-13,16022.49,12131.88,118.14
2006-11-14,16289.55,12218.01,117.72
2006-11-15,16243.47,12251.71,118.06
2006-11-16,16163.87,12305.82,118.12
2006-11-17,16091.73,12342.56,117.73
2006-11-18,16091.73,12342.56,117.73
2006-11-19,16091.73,12342.56,117.73
2006-11-20,15725.94,12316.54,118.16
2006-11-21,15734.14,12321.59,118
2006-11-22,15914.23,12326.95,116.61
2006-11-23,15914.23,12326.95,116.61
2006-11-24,15734.6,12280.17,115.93
2006-11-25,15734.6,12280.17,115.93
2006-11-26,15734.6,12280.17,115.93
2006-11-27,15885.38,12121.71,116.12
2006-11-28,15855.26,12136.45,116.14
2006-11-29,16076.2,12226.73,116.29
2006-11-30,16274.33,12221.93,115.55
2006-12-01,16321.78,12194.13,115.33
2006-12-02,16321.78,12194.13,115.33
2006-12-03,16321.78,12194.13,115.33
2006-12-04,16303.59,12283.85,115.37
2006-12-05,16265.76,12331.6,114.98
2006-12-06,16371.28,12309.25,115.07
2006-12-07,16473.36,12278.41,115.13
2006-12-08,16417.82,12307.49,116.23
2006-12-09,16417.82,12307.49,116.23
2006-12-10,16417.82,12307.49,116.23
2006-12-11,16527.99,12328.48,117.02
2006-12-12,16637.78,12315.58,117.15
2006-12-13,16692.93,12317.5,117.43
2006-12-14,16829.2,12416.76,117.61
2006-12-15,16914.31,12445.52,117.84
2006-12-16,16914.31,12445.52,117.84
2006-12-17,16914.31,12445.52,117.84
2006-12-18,16962.11,12441.27,118.14
2006-12-19,16776.88,12471.32,117.93
2006-12-20,17011.04,12463.87,118.39
2006-12-21,17047.83,12421.25,118.26
2006-12-22,17104.96,12343.22,118.9
2006-12-23,17104.96,12343.22,118.9
2006-12-24,17104.96,12343.22,118.9
2006-12-25,17092.89,12343.22,118.9
2006-12-26,17169.19,12407.63,118.93
2006-12-27,17223.15,12510.57,118.76
2006-12-28,17224.81,12501.52,118.95
2006-12-29,17225.83,12463.15,119.02
2006-12-30,17225.83,12463.15,119.02
2006-12-31,17225.83,12463.15,119.02
2007-01-01,17225.83,12463.15,119.02
2007-01-02,17225.83,12463.15,118.83
2007-01-03,17225.83,12474.52,119.58
2007-01-04,17353.67,12480.69,119.28
2007-01-05,17091.59,12398.01,118.77
2007-01-06,17091.59,12398.01,118.77
2007-01-07,17091.59,12398.01,118.77
2007-01-08,17091.59,12423.49,118.49
2007-01-09,17237.77,12416.6,119.45
2007-01-10,16942.4,12442.16,119.52
2007-01-11,16838.17,12514.98,120.49
2007-01-12,17057.01,12556.08,120.36
2007-01-13,17057.01,12556.08,120.36
2007-01-14,17057.01,12556.08,120.36
2007-01-15,17209.92,12556.08,120.36
2007-01-16,17202.46,12582.59,120.64
2007-01-17,17261.35,12577.15,120.54
2007-01-18,17370.93,12567.93,121.32
2007-01-19,17310.44,12565.53,121.22
2007-01-20,17310.44,12565.53,121.22
2007-01-21,17310.44,12565.53,121.22
2007-01-22,17424.18,12477.16,121.56
2007-01-23,17408.57,12533.8,121.54
2007-01-24,17507.4,12621.77,120.77
2007-01-25,17458.3,12502.56,120.97
2007-01-26,17421.93,12487.02,121.53
2007-01-27,17421.93,12487.02,121.53
2007-01-28,17421.93,12487.02,121.53
2007-01-29,17470.46,12490.78,121.81
2007-01-30,17490.19,12523.31,121.7
2007-01-31,17383.42,12621.69,121.02
2007-02-01,17519.5,12673.68,120.67
2007-02-02,17547.11,12653.49,121.02
2007-02-03,17547.11,12653.49,121.02
2007-02-04,17547.11,12653.49,121.02
2007-02-05,17344.8,12661.74,120.34
2007-02-06,17406.86,12666.31,120.35
2007-02-07,17292.32,12666.87,120.65
2007-02-08,17292.48,12637.63,121.19
2007-02-09,17504.33,12580.83,121.59
2007-02-10,17504.33,12580.83,121.59
2007-02-11,17504.33,12580.83,121.59
2007-02-12,17504.33,12552.55,121.77
2007-02-13,17621.45,12654.85,121.24
2007-02-14,17752.64,12741.86,120.8
2007-02-15,17897.23,12765.01,119.49
2007-02-16,17875.65,12767.57,119.23
2007-02-17,17875.65,12767.57,119.23
2007-02-18,17875.65,12767.57,119.23
2007-02-19,17940.09,12767.57,119.23
2007-02-20,17939.12,12786.64,120.1
2007-02-21,17913.21,12738.41,120.99
2007-02-22,18108.79,12686.02,121.3
2007-02-23,18188.42,12647.48,121.1
2007-02-24,18188.42,12647.48,121.1
2007-02-25,18188.42,12647.48,121.1
2007-02-26,18215.35,12632.26,120.76
2007-02-27,18119.92,12216.24,118.67
2007-02-28,17604.12,12268.63,118.33
2007-03-01,17453.51,12234.34,117.53
2007-03-02,17217.93,12114.1,116.82
2007-03-03,17217.93,12114.1,116.82
2007-03-04,17217.93,12114.1,116.82
2007-03-05,16642.25,12050.41,116.01
2007-03-06,16844.5,12207.59,116.5
2007-03-07,16764.62,12192.45,116.41
2007-03-08,17090.31,12260.7,117.35
2007-03-09,17164.04,12276.32,118.15
2007-03-10,17164.04,12276.32,118.15
2007-03-11,17164.04,12276.32,118.15
2007-03-12,17292.39,12318.62,117.51
2007-03-13,17178.84,12075.96,116.96
2007-03-14,16676.89,12133.4,116.33
2007-03-15,16860.39,12159.68,117.26
2007-03-16,16744.15,12110.41,116.77
2007-03-17,16744.15,12110.41,116.77
2007-03-18,16744.15,12110.41,116.77
2007-03-19,17009.55,12226.17,117.58
2007-03-20,17163.2,12288.1,117.32
2007-03-21,17163.2,12447.52,117.83
2007-03-22,17419.2,12461.14,117.79
2007-03-23,17480.61,12481.01,117.82
2007-03-24,17480.61,12481.01,117.82
2007-03-25,17480.61,12481.01,117.82
2007-03-26,17521.96,12469.07,117.84
2007-03-27,17365.05,12397.29,117.8
2007-03-28,17254.73,12300.36,116.83
2007-03-29,17263.94,12348.75,117.75
2007-03-30,17287.65,12354.35,117.56
2007-03-31,17287.65,12354.35,117.56
2007-04-01,17287.65,12354.35,117.56
2007-04-02,17028.41,12382.3,117.69
2007-04-03,17244.05,12510.3,118.83
2007-04-04,17544.09,12530.05,118.72
2007-04-05,17491.42,12560.2,118.66
2007-04-06,17484.78,12560.2,119.33
2007-04-07,17484.78,12560.2,119.33
2007-04-08,17484.78,12560.2,119.33
2007-04-09,17743.76,12569.14,119.28
2007-04-10,17664.69,12573.85,119.07
2007-04-11,17670.07,12484.62,119.36
2007-04-12,17540.42,12552.96,118.99
2007-04-13,17363.95,12612.13,119.27
2007-04-14,17363.95,12612.13,119.27
2007-04-15,17363.95,12612.13,119.27
2007-04-16,17628.3,12720.46,119.84
2007-04-17,17527.45,12773.04,118.96
2007-04-18,17667.33,12803.84,118.27
2007-04-19,17371.97,12808.63,118.36
2007-04-20,17452.62,12961.98,118.81
2007-04-21,17452.62,12961.98,118.81
2007-04-22,17452.62,12961.98,118.81
2007-04-23,17455.37,12919.4,118.47
2007-04-24,17451.77,12953.94,118.52
2007-04-25,17236.16,13089.89,118.62
2007-04-26,17429.17,13105.5,119.5
2007-04-27,17400.41,13120.94,119.59
2007-04-28,17400.41,13120.94,119.59
2007-04-29,17400.41,13120.94,119.59
2007-04-30,17400.41,13062.91,119.44
2007-05-01,17274.98,13136.14,119.77
2007-05-02,17394.92,13211.88,120.05
2007-05-03,17394.92,13241.38,120.33
2007-05-04,17394.92,13264.62,120.16
2007-05-05,17394.92,13264.62,120.16
2007-05-06,17394.92,13264.62,120.16
2007-05-07,17669.83,13312.97,119.96
2007-05-08,17656.84,13309.07,119.89
2007-05-09,17748.12,13362.87,119.8
2007-05-10,17736.96,13215.13,120.37
2007-05-11,17553.72,13326.22,120.19
2007-05-12,17553.72,13326.22,120.19
2007-05-13,17553.72,13326.22,120.19
2007-05-14,17677.94,13346.78,120.37
2007-05-15,17512.98,13383.84,120.22
2007-05-16,17529,13487.53,120.74
2007-05-17,17498.6,13476.72,121.3
2007-05-18,17399.58,13556.53,121.09
2007-05-19,17399.58,13556.53,121.09
2007-05-20,17399.58,13556.53,121.09
2007-05-21,17556.87,13542.88,121.57
2007-05-22,17680.05,13539.95,121.47
2007-05-23,17705.12,13525.65,121.52
2007-05-24,17696.97,13441.13,121.46
2007-05-25,17481.21,13507.28,121.72
2007-05-26,17481.21,13507.28,121.72
2007-05-27,17481.21,13507.28,121.72
2007-05-28,17587.59,13507.28,121.72
2007-05-29,17672.56,13521.34,121.79
2007-05-30,17588.26,13633.08,121.48
2007-05-31,17875.75,13627.64,121.76
2007-06-01,17958.88,13668.11,122.1
2007-06-02,17958.88,13668.11,122.1
2007-06-03,17958.88,13668.11,122.1
2007-06-04,17973.42,13676.32,121.72
2007-06-05,18053.81,13595.46,121.49
2007-06-06,18040.93,13465.67,121.08
2007-06-07,18053.38,13266.73,121.34
2007-06-08,17779.09,13424.39,121.62
2007-06-09,17779.09,13424.39,121.62
2007-06-10,17779.09,13424.39,121.62
2007-06-11,17834.48,13424.96,121.78
2007-06-12,17760.91,13295.01,121.76
2007-06-13,17732.77,13482.35,122.37
2007-06-14,17842.29,13553.73,122.97
2007-06-15,17971.49,13639.48,123.55
2007-06-16,17971.49,13639.48,123.55
2007-06-17,17971.49,13639.48,123.55
2007-06-18,18149.52,13612.98,123.67
2007-06-19,18163.61,13635.42,123.39
2007-06-20,18211.68,13489.42,123.6
2007-06-21,18240.3,13545.84,123.68
2007-06-22,18188.63,13360.26,124.09
2007-06-23,18188.63,13360.26,124.09
2007-06-24,18188.63,13360.26,124.09
2007-06-25,18087.48,13352.05,123.84
2007-06-26,18066.11,13337.66,123.49
2007-06-27,17849.28,13427.73,122.52
2007-06-28,17932.27,13422.28,123.01
2007-06-29,18138.36,13408.62,123.39
2007-06-30,18138.36,13408.62,123.39
2007-07-01,18138.36,13408.62,123.39
2007-07-02,18146.3,13535.43,122.32
2007-07-03,18149.9,13577.3,122.4
2007-07-04,18168.72,13577.3,122.4
2007-07-05,18221.48,13565.84,122.82
2007-07-06,18140.94,13611.68,123.27
2007-07-07,18140.94,13611.68,123.27
2007-07-08,18140.94,13611.68,123.27
2007-07-09,18261.98,13649.97,123.34
2007-07-10,18252.67,13501.7,122.19
2007-07-11,18049.51,13577.87,122.13
2007-07-12,17984.14,13861.73,122.5
2007-07-13,18238.95,13907.25,121.99
2007-07-14,18238.95,13907.25,121.99
2007-07-15,18238.95,13907.25,121.99
2007-07-16,18238.95,13950.98,121.9
2007-07-17,18217.27,13971.55,122.36
2007-07-18,18015.58,13918.22,121.83
2007-07-19,18116.57,14000.41,122.06
2007-07-20,18157.93,13851.08,121.15
2007-07-21,18157.93,13851.08,121.15
2007-07-22,18157.93,13851.08,121.15
2007-07-23,17963.64,13943.42,121.31
2007-07-24,18002.03,13716.95,120.57
2007-07-25,17858.42,13785.07,120.33
2007-07-26,17702.09,13473.57,119.14
2007-07-27,17283.81,13265.47,118.56
2007-07-28,17283.81,13265.47,118.56
2007-07-29,17283.81,13265.47,118.56
2007-07-30,17289.3,13358.31,118.41
2007-07-31,17248.89,13211.99,119.13
2007-08-01,16870.98,13362.37,118.71
2007-08-02,16984.11,13463.33,119.35
2007-08-03,16979.86,13181.91,118.43
2007-08-04,16979.86,13181.91,118.43
2007-08-05,16979.86,13181.91,118.43
2007-08-06,16914.46,13468.78,118.04
2007-08-07,16921.77,13504.3,118.48
2007-08-08,17029.28,13657.86,119.76
2007-08-09,17170.6,13270.68,118.69
2007-08-10,16764.09,13239.54,118
2007-08-11,16764.09,13239.54,118
2007-08-12,16764.09,13239.54,118
2007-08-13,16800.05,13236.53,118.47
2007-08-14,16844.61,13028.92,118.21
2007-08-15,16475.61,12861.47,117.19
2007-08-16,16148.49,12845.78,114.03
2007-08-17,15273.68,13079.08,113.81
2007-08-18,15273.68,13079.08,113.81
2007-08-19,15273.68,13079.08,113.81
2007-08-20,15732.48,13121.35,114.49
2007-08-21,15901.34,13090.86,114.42
2007-08-22,15900.64,13236.13,114.95
2007-08-23,16316.32,13235.88,115.81
2007-08-24,16248.97,13378.87,116.12
2007-08-25,16248.97,13378.87,116.12
2007-08-26,16248.97,13378.87,116.12
2007-08-27,16301.39,13322.13,116.05
2007-08-28,16287.49,13041.85,114.7
2007-08-29,16012.83,13289.29,115.52
2007-08-30,16153.82,13238.73,115.81
2007-08-31,16569.09,13357.74,115.83
2007-09-01,16569.09,13357.74,115.83
2007-09-02,16569.09,13357.74,115.83
2007-09-03,16524.93,13357.74,115.83
2007-09-04,16420.47,13448.86,116.21
2007-09-05,16158.45,13305.47,115.15
2007-09-06,16257,13363.35,115.33
2007-09-07,16122.16,13113.38,113.57
2007-09-08,16122.16,13113.38,113.57
2007-09-09,16122.16,13113.38,113.57
2007-09-10,15764.97,13127.85,113.43
2007-09-11,15877.67,13308.39,113.97
2007-09-12,15797.6,13291.65,114.24
2007-09-13,15821.19,13424.88,115.37
2007-09-14,16127.42,13442.52,115.31
2007-09-15,16127.42,13442.52,115.31
2007-09-16,16127.42,13442.52,115.31
2007-09-17,16127.42,13403.42,114.93
2007-09-18,15801.8,13739.39,115.75
2007-09-19,16381.54,13815.56,116.21
2007-09-20,16413.79,13766.7,114.18
2007-09-21,16312.61,13820.19,115.6
2007-09-22,16312.61,13820.19,115.6
2007-09-23,16312.61,13820.19,115.6
2007-09-24,16312.61,13759.06,114.92
2007-09-25,16401.73,13778.65,114.48
2007-09-26,16435.74,13878.15,115.66
2007-09-27,16832.22,13912.94,115.76
2007-09-28,16785.69,13895.63,114.97
2007-09-29,16785.69,13895.63,114.97
2007-09-30,16785.69,13895.63,114.97
2007-10-01,16845.96,14087.55,115.91
2007-10-02,17046.78,14047.31,115.83
2007-10-03,17199.89,13968.05,116.74
2007-10-04,17092.49,13974.31,116.59
2007-10-05,17065.04,14066.01,116.83
2007-10-06,17065.04,14066.01,116.83
2007-10-07,17065.04,14066.01,116.83
2007-10-08,17065.04,14043.73,116.83
2007-10-09,17159.9,14164.53,116.98
2007-10-10,17177.89,14078.69,117.17
2007-10-11,17458.98,14015.12,117.71
2007-10-12,17331.17,14093.08,117.5
2007-10-13,17331.17,14093.08,117.5
2007-10-14,17331.17,14093.08,117.5
2007-10-15,17358.15,13984.8,117.37
2007-10-16,17137.92,13912.94,116.61
2007-10-17,16955.31,13892.54,116.62
2007-10-18,17106.09,13888.96,115.64
2007-10-19,16814.37,13522.02,115.15
2007-10-20,16814.37,13522.02,115.15
2007-10-21,16814.37,13522.02,115.15
2007-10-22,16438.47,13566.97,114.07
2007-10-23,16450.58,13676.23,114.65
2007-10-24,16358.39,13675.25,113.94
2007-10-25,16284.17,13671.92,114.09
2007-10-26,16505.63,13806.7,114.01
2007-10-27,16505.63,13806.7,114.01
2007-10-28,16505.63,13806.7,114.01
2007-10-29,16698.08,13870.26,114.69
2007-10-30,16651.01,13792.47,114.72
2007-10-31,16737.63,13930.01,115.27
2007-11-01,16870.4,13567.87,114.87
2007-11-02,16517.48,13595.1,114.74
2007-11-03,16517.48,13595.1,114.74
2007-11-04,16517.48,13595.1,114.74
2007-11-05,16268.92,13543.4,114.54
2007-11-06,16249.63,13660.94,114.51
2007-11-07,16096.68,13300.02,113.29
2007-11-08,15771.57,13266.29,112.66
2007-11-09,15583.42,13042.74,110.9
2007-11-10,15583.42,13042.74,110.9
2007-11-11,15583.42,13042.74,110.9
2007-11-12,15197.09,12987.55,110.9
2007-11-13,15126.63,13307.09,110.31
2007-11-14,15499.56,13231.01,111.38
2007-11-15,15396.3,13110.05,110.78
2007-11-16,15154.61,13176.79,111.05
2007-11-17,15154.61,13176.79,111.05
2007-11-18,15154.61,13176.79,111.05
2007-11-19,15042.56,12958.44,110.05
2007-11-20,15211.52,13010.14,110.05
2007-11-21,14837.66,12799.04,108.54
2007-11-22,14888.77,12799.04,108.54
2007-11-23,14888.77,12980.88,108.17
2007-11-24,14888.77,12980.88,108.17
2007-11-25,14888.77,12980.88,108.17
2007-11-26,15135.21,12743.44,108.17
2007-11-27,15222.85,12958.44,108.64
2007-11-28,15153.78,13289.45,110.38
2007-11-29,15513.74,13311.73,109.94
2007-11-30,15680.67,13371.72,111.02
2007-12-01,15680.67,13371.72,111.02
2007-12-02,15680.67,13371.72,111.02
2007-12-03,15628.97,13314.57,110.44
2007-12-04,15480.19,13248.73,109.68
2007-12-05,15608.88,13444.96,110.85
2007-12-06,15874.08,13619.89,111.05
2007-12-07,15956.37,13625.58,111.72
2007-12-08,15956.37,13625.58,111.72
2007-12-09,15956.37,13625.58,111.72
2007-12-10,15924.39,13727.03,111.6
2007-12-11,16044.72,13432.77,111.77
2007-12-12,15932.26,13473.9,112.36
2007-12-13,15536.52,13517.96,112.26
2007-12-14,15514.51,13339.85,113.35
2007-12-15,15514.51,13339.85,113.35
2007-12-16,15514.51,13339.85,113.35
2007-12-17,15249.79,13167.2,113.2
2007-12-18,15207.86,13232.47,113.17
2007-12-19,15030.51,13207.27,113.44
2007-12-20,15031.6,13245.64,112.97
2007-12-21,15257,13450.65,113.95
2007-12-22,15257,13450.65,113.95
2007-12-23,15257,13450.65,113.95
2007-12-24,15257,13550.04,114.45
2007-12-25,15552.59,13550.04,114.45
2007-12-26,15653.54,13551.69,114.08
2007-12-27,15564.69,13359.61,114
2007-12-28,15307.78,13365.87,112.93
2007-12-29,15307.78,13365.87,112.93
2007-12-30,15307.78,13365.87,112.93
2007-12-31,15307.78,13264.82,111.71
2008-01-01,15307.78,13264.82,111.71
2008-01-02,15307.78,13043.96,109.7
2008-01-03,15307.78,13056.72,109.58
2008-01-04,14691.41,12800.18,108.38
2008-01-05,14691.41,12800.18,108.38
2008-01-06,14691.41,12800.18,108.38
2008-01-07,14500.55,12827.49,109.1
2008-01-08,14528.67,12589.07,109.29
2008-01-09,14599.16,12735.31,109.4
2008-01-10,14388.11,12853.09,109.38
2008-01-11,14110.79,12606.3,109.11
2008-01-12,14110.79,12606.3,109.11
2008-01-13,14110.79,12606.3,109.11
2008-01-14,14110.79,12778.15,108.18
2008-01-15,13972.63,12501.11,107.07
2008-01-16,13504.51,12466.16,107.27
2008-01-17,13783.45,12159.21,107.01
2008-01-18,13861.29,12099.3,106.82
2008-01-19,13861.29,12099.3,106.82
2008-01-20,13861.29,12099.3,106.82
2008-01-21,13325.94,12099.3,106.82
2008-01-22,12573.05,11971.19,106.76
2008-01-23,12829.06,12270.17,105.42
2008-01-24,13092.78,12378.61,106.68
2008-01-25,13629.16,12207.17,107.31
2008-01-26,13629.16,12207.17,107.31
2008-01-27,13629.16,12207.17,107.31
2008-01-28,13087.91,12383.89,106.65
2008-01-29,13478.86,12480.3,107.08
2008-01-30,13345.03,12442.83,107.25
2008-01-31,13592.47,12650.36,106.74
2008-02-01,13497.16,12743.19,106.3
2008-02-02,13497.16,12743.19,106.3
2008-02-03,13497.16,12743.19,106.3
2008-02-04,13859.7,12635.16,106.73
2008-02-05,13745.5,12265.13,106.94
2008-02-06,13099.24,12200.1,106.75
2008-02-07,13207.15,12247,106.82
2008-02-08,13017.24,12182.13,107.34
2008-02-09,13017.24,12182.13,107.34
2008-02-10,13017.24,12182.13,107.34
2008-02-11,13017.24,12240.01,106.64
2008-02-12,13021.96,12373.41,107.42
2008-02-13,13068.3,12552.24,108.15
2008-02-14,13626.45,12376.98,107.97
2008-02-15,13622.56,12348.21,107.67
2008-02-16,13622.56,12348.21,107.67
2008-02-17,13622.56,12348.21,107.67
2008-02-18,13635.4,12348.21,107.67
2008-02-19,13757.91,12337.22,107.5
2008-02-20,13310.37,12427.26,107.97
2008-02-21,13688.28,12284.3,107.6
2008-02-22,13500.46,12381.02,106.98
2008-02-23,13500.46,12381.02,106.98
2008-02-24,13500.46,12381.02,106.98
2008-02-25,13914.57,12570.22,107.88
2008-02-26,13824.72,12684.92,107.73
2008-02-27,14031.3,12694.28,106.38
2008-02-28,13925.51,12582.18,105.64
2008-02-29,13603.02,12266.39,104.19
2008-03-01,13603.02,12266.39,104.19
2008-03-02,13603.02,12266.39,104.19
2008-03-03,12992.18,12258.9,103.57
2008-03-04,12992.28,12213.8,102.67
2008-03-05,12972.06,12254.99,103.99
2008-03-06,13215.42,12040.39,103.1
2008-03-07,12782.8,11893.69,102.69
2008-03-08,12782.8,11893.69,102.69
2008-03-09,12782.8,11893.69,102.69
2008-03-10,12532.13,11740.15,101.8
2008-03-11,12658.28,12156.81,102.87
2008-03-12,12861.13,12110.24,102.38
2008-03-13,12433.44,12145.74,100.58
2008-03-14,12241.6,11951.09,100.2
2008-03-15,12241.6,11951.09,100.2
2008-03-16,12241.6,11951.09,100.2
2008-03-17,11787.51,11972.25,96.88
2008-03-18,11964.16,12392.66,98.23
2008-03-19,12260.44,12099.66,99.34
2008-03-20,12260.44,12361.32,98.79
2008-03-21,12482.57,12361.32,99.4
2008-03-22,12482.57,12361.32,99.4
2008-03-23,12482.57,12361.32,99.4
2008-03-24,12480.09,12548.64,100.77
2008-03-25,12745.22,12532.6,100.07
2008-03-26,12706.63,12422.86,99.12
2008-03-27,12604.58,12302.46,99.87
2008-03-28,12820.47,12216.4,99.71
2008-03-29,12820.47,12216.4,99.71
2008-03-30,12820.47,12216.4,99.71
2008-03-31,12525.54,12262.89,99.85
2008-04-01,12656.42,12654.36,101.77
2008-04-02,13189.36,12608.92,102.77
2008-04-03,13389.9,12626.03,102.21
2008-04-04,13293.22,12609.42,101.75
2008-04-05,13293.22,12609.42,101.75
2008-04-06,13293.22,12609.42,101.75
2008-04-07,13450.23,12612.43,102.62
2008-04-08,13250.43,12576.44,102.55
2008-04-09,13111.89,12527.26,101.83
2008-04-10,12945.3,12581.98,101.71
2008-04-11,13323.73,12325.42,101.09
2008-04-12,13323.73,12325.42,101.09
2008-04-13,13323.73,12325.42,101.09
2008-04-14,12917.51,12302.06,100.87
2008-04-15,12990.58,12362.47,101.33
2008-04-16,13146.13,12619.27,101.4
2008-04-17,13398.3,12620.49,102.22
2008-04-18,13476.45,12849.36,104.56
2008-04-19,13476.45,12849.36,104.56
2008-04-20,13476.45,12849.36,104.56
2008-04-21,13696.55,12825.02,103.38
2008-04-22,13547.82,12720.23,102.7
2008-04-23,13579.16,12763.22,103.55
2008-04-24,13540.87,12848.95,104.2
2008-04-25,13863.47,12891.86,104.17
2008-04-26,13863.47,12891.86,104.17
2008-04-27,13863.47,12891.86,104.17
2008-04-28,13894.37,12871.75,104.3
2008-04-29,13894.37,12831.94,103.4
2008-04-30,13849.99,12820.13,104.53
2008-05-01,13766.86,13010,104.04
2008-05-02,14049.26,13058.2,105.33
2008-05-03,14049.26,13058.2,105.33
2008-05-04,14049.26,13058.2,105.33
2008-05-05,14049.26,12969.54,105.12
2008-05-06,14049.26,13020.83,104.54
2008-05-07,14102.48,12814.35,105.28
2008-05-08,13943.26,12866.78,103.87
2008-05-09,13655.34,12745.88,103.01
2008-05-10,13655.34,12745.88,103.01
2008-05-11,13655.34,12745.88,103.01
2008-05-12,13743.36,12876.31,103.83
2008-05-13,13953.73,12832.18,104.41
2008-05-14,14118.55,12898.38,105.2
2008-05-15,14251.74,12992.66,104.61
2008-05-16,14219.48,12986.8,103.86
2008-05-17,14219.48,12986.8,103.86
2008-05-18,14219.48,12986.8,103.86
2008-05-19,14269.61,13028.16,104.55
2008-05-20,14160.09,12828.68,103.66
2008-05-21,13926.3,12601.19,103.34
2008-05-22,13978.46,12625.62,104.03
2008-05-23,14012.2,12479.63,103.22
2008-05-24,14012.2,12479.63,103.22
2008-05-25,14012.2,12479.63,103.22
2008-05-26,13690.19,12479.63,103.22
2008-05-27,13893.31,12548.35,103.98
2008-05-28,13709.44,12594.03,104.69
2008-05-29,14124.47,12646.22,105.52
2008-05-30,14338.54,12638.32,105.46
2008-05-31,14338.54,12638.32,105.46
2008-06-01,14338.54,12638.32,105.46
2008-06-02,14440.14,12503.82,104.41
2008-06-03,14209.17,12402.85,105.29
2008-06-04,14435.57,12390.48,104.99
2008-06-05,14341.12,12604.45,106
2008-06-06,14489.44,12209.81,105.33
2008-06-07,14489.44,12209.81,105.33
2008-06-08,14489.44,12209.81,105.33
2008-06-09,14181.38,12280.32,106.06
2008-06-10,14021.17,12289.76,107.19
2008-06-11,14183.48,12083.77,106.77
2008-06-12,13888.6,12141.58,107.94
2008-06-13,13973.73,12307.35,107.92
2008-06-14,13973.73,12307.35,107.92
2008-06-15,13973.73,12307.35,107.92
2008-06-16,14354.37,12269.08,108.19
2008-06-17,14348.37,12160.3,108.03
2008-06-18,14452.82,12029.06,108.05
2008-06-19,14130.17,12063.09,107.95
2008-06-20,13942.08,11842.69,107.42
2008-06-21,13942.08,11842.69,107.42
2008-06-22,13942.08,11842.69,107.42
2008-06-23,13857.47,11842.36,107.89
2008-06-24,13849.56,11807.43,107.76
2008-06-25,13829.92,11811.83,108.29
2008-06-26,13822.32,11453.42,107.29
2008-06-27,13544.36,11346.51,106.28
2008-06-28,13544.36,11346.51,106.28
2008-06-29,13544.36,11346.51,106.28
2008-06-30,13481.38,11350.01,106.17
2008-07-01,13463.2,11382.26,105.73
2008-07-02,13286.37,11215.51,105.87
2008-07-03,13265.4,11288.54,106.79
2008-07-04,13237.89,11288.54,106.79
2008-07-05,13237.89,11288.54,106.79
2008-07-06,13237.89,11288.54,106.79
2008-07-07,13360.04,11231.96,107.55
2008-07-08,13033.1,11384.21,107.35
2008-07-09,13052.13,11147.44,107.12
2008-07-10,13067.21,11229.02,107.03
2008-07-11,13039.69,11100.54,106.14
2008-07-12,13039.69,11100.54,106.14
2008-07-13,13039.69,11100.54,106.14
2008-07-14,13010.16,11055.19,106.18
2008-07-15,12754.56,10962.54,104.78
2008-07-16,12760.8,11239.28,104.64
2008-07-17,12887.95,11446.66,105.82
2008-07-18,12803.7,11496.57,106.75
2008-07-19,12803.7,11496.57,106.75
2008-07-20,12803.7,11496.57,106.75
2008-07-21,12803.7,11467.34,106.74
2008-07-22,13184.96,11602.5,107.11
2008-07-23,13312.93,11632.38,107.68
2008-07-24,13603.31,11349.28,107.62
2008-07-25,13334.76,11370.69,107.89
2008-07-26,13334.76,11370.69,107.89
2008-07-27,13334.76,11370.69,107.89
2008-07-28,13353.78,11131.08,107.49
2008-07-29,13159.45,11397.56,108.19
2008-07-30,13367.79,11583.69,108.17
2008-07-31,13376.81,11378.02,108.1
2008-08-01,13094.59,11326.32,107.59
2008-08-02,13094.59,11326.32,107.59
2008-08-03,13094.59,11326.32,107.59
2008-08-04,12933.18,11284.15,108.23
2008-08-05,12914.66,11615.77,108.2
2008-08-06,13254.89,11656.07,109.39
2008-08-07,13124.99,11431.43,109.44
2008-08-08,13168.41,11734.32,110.09
2008-08-09,13168.41,11734.32,110.09
2008-08-10,13168.41,11734.32,110.09
2008-08-11,13430.91,11782.35,110.08
2008-08-12,13303.6,11642.47,109.78
2008-08-13,13023.05,11532.96,108.71
2008-08-14,12956.8,11615.93,109.75
2008-08-15,13019.41,11659.9,110.48
2008-08-16,13019.41,11659.9,110.48
2008-08-17,13019.41,11659.9,110.48
2008-08-18,13165.45,11479.39,110.07
2008-08-19,12865.05,11348.55,109.68
2008-08-20,12851.69,11417.43,109.98
2008-08-21,12752.21,11430.21,108.35
2008-08-22,12666.04,11628.06,109.88
2008-08-23,12666.04,11628.06,109.88
2008-08-24,12666.04,11628.06,109.88
2008-08-25,12878.66,11386.25,109.11
2008-08-26,12778.71,11412.87,109.83
2008-08-27,12752.96,11502.51,109.72
2008-08-28,12768.25,11715.18,109.56
2008-08-29,13072.87,11543.96,108.69
2008-08-30,13072.87,11543.96,108.69
2008-08-31,13072.87,11543.96,108.69
2008-09-01,12834.18,11543.96,108.69
2008-09-02,12609.47,11516.92,108.85
2008-09-03,12689.59,11532.88,108.18
2008-09-04,12557.66,11188.23,107.76
2008-09-05,12212.23,11220.96,106.96
2008-09-06,12212.23,11220.96,106.96
2008-09-07,12212.23,11220.96,106.96
2008-09-08,12624.46,11510.74,107.91
2008-09-09,12400.65,11230.73,107.1
2008-09-10,12346.63,11268.92,107.86
2008-09-11,12102.5,11433.71,106.66
2008-09-12,12214.76,11421.99,107.51
2008-09-13,12214.76,11421.99,107.51
2008-09-14,12214.76,11421.99,107.51
2008-09-15,12214.76,10917.51,105.67
2008-09-16,11609.72,11059.02,105.11
2008-09-17,11749.79,10609.66,104.71
2008-09-18,11489.3,11019.69,104.85
2008-09-19,11920.86,11388.44,107.18
2008-09-20,11920.86,11388.44,107.18
2008-09-21,11920.86,11388.44,107.18
2008-09-22,12090.59,11015.69,106.35
2008-09-23,12090.59,10854.17,105.8
2008-09-24,12115.03,10825.17,106.03
2008-09-25,12006.53,11022.06,106.48
2008-09-26,11893.16,11143.13,106.06
2008-09-27,11893.16,11143.13,106.06
2008-09-28,11893.16,11143.13,106.06
2008-09-29,11743.61,10365.45,105.1
2008-09-30,11259.86,10850.66,105.94
2008-10-01,11368.26,10831.07,106.06
2008-10-02,11154.76,10482.85,105.3
2008-10-03,10938.14,10325.38,105.76
2008-10-04,10938.14,10325.38,105.76
2008-10-05,10938.14,10325.38,105.76
2008-10-06,10473.09,9955.5,101.26
2008-10-07,10155.9,9447.11,102.3
2008-10-08,9203.32,9258.1,99.73
2008-10-09,9157.49,8579.19,100.67
2008-10-10,8276.43,8451.19,99.44
2008-10-11,8276.43,8451.19,99.44
2008-10-12,8276.43,8451.19,99.44
2008-10-13,8276.43,9387.61,99.44
2008-10-14,9447.57,9310.99,102.17
2008-10-15,9547.47,8577.91,101.47
2008-10-16,8458.45,8979.26,100.46
2008-10-17,8693.82,8852.22,101.4
2008-10-18,8693.82,8852.22,101.4
2008-10-19,8693.82,8852.22,101.4
2008-10-20,9005.59,9265.43,101.74
2008-10-21,9306.25,9033.66,100.43
2008-10-22,8674.69,8519.21,98.63
2008-10-23,8460.98,8691.25,97.6
2008-10-24,7649.08,8378.95,92.64
2008-10-25,7649.08,8378.95,92.64
2008-10-26,7649.08,8378.95,92.64
2008-10-27,7162.9,8175.77,93.28
2008-10-28,7621.92,9065.12,95.68
2008-10-29,8211.9,8990.96,97.48
2008-10-30,9029.76,9180.69,97.47
2008-10-31,8576.98,9325.01,98.28
2008-11-01,8576.98,9325.01,98.28
2008-11-02,8576.98,9325.01,98.28
2008-11-03,8576.98,9319.83,98.95
2008-11-04,9114.6,9625.28,100.48
2008-11-05,9521.24,9139.27,98.95
2008-11-06,8899.14,8695.79,98.04
2008-11-07,8583,8943.81,98.15
2008-11-08,8583,8943.81,98.15
2008-11-09,8583,8943.81,98.15
2008-11-10,9081.43,8870.54,97.96
2008-11-11,8809.3,8693.96,97.96
2008-11-12,8695.51,8282.66,95.54
2008-11-13,8238.64,8835.25,95.95
2008-11-14,8462.39,8497.31,96.66
2008-11-15,8462.39,8497.31,96.66
2008-11-16,8462.39,8497.31,96.66
2008-11-17,8522.58,8273.58,97.03
2008-11-18,8328.41,8424.75,97.38
2008-11-19,8273.22,7997.28,96.75
2008-11-20,7703.04,7552.29,94.98
2008-11-21,7910.79,8046.42,95.42
2008-11-22,7910.79,8046.42,95.42
2008-11-23,7910.79,8046.42,95.42
2008-11-24,7910.79,8443.39,96.69
2008-11-25,8323.93,8479.47,95.53
2008-11-26,8213.22,8726.61,95.46
2008-11-27,8373.39,8726.61,95.46
2008-11-28,8512.27,8829.04,95.46
2008-11-29,8512.27,8829.04,95.46
2008-11-30,8512.27,8829.04,95.46
2008-12-01,8397.22,8149.09,93.71
2008-12-02,7863.69,8419.09,93.64
2008-12-03,8004.1,8591.69,93.25
2008-12-04,7924.24,8376.24,92.78
2008-12-05,7917.51,8635.42,92.18
2008-12-06,7917.51,8635.42,92.18
2008-12-07,7917.51,8635.42,92.18
2008-12-08,8329.05,8934.18,92.77
2008-12-09,8395.87,8691.33,92.44
2008-12-10,8660.24,8761.42,92.94
2008-12-11,8720.55,8565.09,91.96
2008-12-12,8235.87,8629.68,91.26
2008-12-13,8235.87,8629.68,91.26
2008-12-14,8235.87,8629.68,91.26
2008-12-15,8664.66,8564.53,90.68
2008-12-16,8568.02,8924.14,89.98
2008-12-17,8612.52,8824.34,87.84
2008-12-18,8667.23,8604.99,89.81
2008-12-19,8588.52,8579.11,89.48
2008-12-20,8588.52,8579.11,89.48
2008-12-21,8588.52,8579.11,89.48
2008-12-22,8723.78,8519.69,90.07
2008-12-23,8723.78,8419.49,90.57
2008-12-24,8517.1,8468.48,90.68
2008-12-25,8599.5,8468.48,90.68
2008-12-26,8739.52,8515.55,90.65
2008-12-27,8739.52,8515.55,90.65
2008-12-28,8739.52,8515.55,90.65
2008-12-29,8747.17,8483.93,90.2
2008-12-30,8859.56,8668.39,90.37
2008-12-31,8859.56,8776.39,90.79
2009-01-01,8859.56,8776.39,90.79
2009-01-02,8859.56,9034.69,91.12
2009-01-03,8859.56,9034.69,91.12
2009-01-04,8859.56,9034.69,91.12
2009-01-05,9043.12,8952.89,93.2
2009-01-06,9080.84,9015.1,94.2
2009-01-07,9239.24,8769.7,92.7
2009-01-08,8876.42,8742.46,91.15
2009-01-09,8836.8,8599.18,90.25
2009-01-10,8836.8,8599.18,90.25
2009-01-11,8836.8,8599.18,90.25
2009-01-12,8836.8,8473.97,88.92
2009-01-13,8413.91,8448.56,89.65
2009-01-14,8438.45,8200.14,89.28
2009-01-15,8023.31,8212.49,89.59
2009-01-16,8230.15,8281.22,90.29
2009-01-17,8230.15,8281.22,90.29
2009-01-18,8230.15,8281.22,90.29
2009-01-19,8256.85,8281.22,90.29
2009-01-20,8065.79,7949.09,90.19
2009-01-21,7901.64,8228.1,87.8
2009-01-22,8051.74,8122.8,88.64
2009-01-23,7745.25,8077.56,88.72
2009-01-24,7745.25,8077.56,88.72
2009-01-25,7745.25,8077.56,88.72
2009-01-26,7682.14,8116.03,89.25
2009-01-27,8061.07,8174.73,88.99
2009-01-28,8106.29,8375.45,88.87
2009-01-29,8251.24,8149.01,89.77
2009-01-30,7994.05,8000.86,89.83
2009-01-31,7994.05,8000.86,89.83
2009-02-01,7994.05,8000.86,89.83
2009-02-02,7873.98,7936.75,89.86
2009-02-03,7825.51,8078.36,89.09
2009-02-04,8038.94,7956.66,89.53
2009-02-05,7949.65,8063.07,91.01
2009-02-06,8076.62,8280.59,91.95
2009-02-07,8076.62,8280.59,91.95
2009-02-08,8076.62,8280.59,91.95
2009-02-09,7969.03,8270.87,91.47
2009-02-10,7945.94,7888.88,90.65
2009-02-11,7945.94,7939.53,90.66
2009-02-12,7705.36,7932.76,90.55
2009-02-13,7779.4,7850.41,91.84
2009-02-14,7779.4,7850.41,91.84
2009-02-15,7779.4,7850.41,91.84
2009-02-16,7750.17,7850.41,91.84
2009-02-17,7645.51,7552.6,92.17
2009-02-18,7534.44,7555.63,93.81
2009-02-19,7557.65,7465.95,94.09
2009-02-20,7416.38,7365.67,93.87
2009-02-21,7416.38,7365.67,93.87
2009-02-22,7416.38,7365.67,93.87
2009-02-23,7376.16,7114.78,94.63
2009-02-24,7268.56,7350.94,96.6
2009-02-25,7461.22,7270.89,97.33
2009-02-26,7457.93,7182.08,98.55
2009-02-27,7568.42,7062.93,97.74
2009-02-28,7568.42,7062.93,97.74
2009-03-01,7568.42,7062.93,97.74
2009-03-02,7280.15,6763.29,97.17
2009-03-03,7229.72,6726.02,98.16
2009-03-04,7290.96,6875.84,99.34
2009-03-05,7433.49,6594.44,98.32
2009-03-06,7173.1,6626.94,97.88
2009-03-07,7173.1,6626.94,97.88
2009-03-08,7173.1,6626.94,97.88
2009-03-09,7086.03,6547.05,98.87
2009-03-10,7054.98,6926.49,98.39
2009-03-11,7376.12,6930.4,97.74
2009-03-12,7198.25,7170.06,97.86
2009-03-13,7569.28,7223.98,98.04
2009-03-14,7569.28,7223.98,98.04
2009-03-15,7569.28,7223.98,98.04
2009-03-16,7704.15,7216.97,98.17
2009-03-17,7949.13,7395.7,98.85
2009-03-18,7972.17,7486.58,98.08
2009-03-19,7945.96,7400.8,93.85
2009-03-20,7945.96,7278.38,96.18
2009-03-21,7945.96,7278.38,96.18
2009-03-22,7945.96,7278.38,96.18
2009-03-23,8215.53,7775.86,97.3
2009-03-24,8488.3,7659.97,97.86
2009-03-25,8479.99,7749.81,97.7
2009-03-26,8636.33,7924.56,98.47
2009-03-27,8626.97,7776.18,97.99
2009-03-28,8626.97,7776.18,97.99
2009-03-29,8626.97,7776.18,97.99
2009-03-30,8236.08,7522.02,97.44
2009-03-31,8109.53,7608.92,99.15
2009-04-01,8351.91,7761.6,98.93
2009-04-02,8719.78,7978.08,99.48
2009-04-03,8749.84,8017.59,99.94
2009-04-04,8749.84,8017.59,99.94
2009-04-05,8749.84,8017.59,99.94
2009-04-06,8857.93,7975.85,100.65
2009-04-07,8832.85,7789.56,100.71
2009-04-08,8595.01,7837.11,99.95
2009-04-09,8916.06,8083.38,100.43
2009-04-10,8964.11,8083.38,100.3
2009-04-11,8964.11,8083.38,100.3
2009-04-12,8964.11,8083.38,100.3
2009-04-13,8924.43,8057.81,100.12
2009-04-14,8842.68,7920.18,99.08
2009-04-15,8742.96,8029.62,99.37
2009-04-16,8755.26,8125.43,99.29
2009-04-17,8907.58,8131.33,99.21
2009-04-18,8907.58,8131.33,99.21
2009-04-19,8907.58,8131.33,99.21
2009-04-20,8924.75,7841.73,98.29
2009-04-21,8711.33,7969.56,98.6
2009-04-22,8727.3,7886.57,98.14
2009-04-23,8847.01,7957.06,97.88
2009-04-24,8707.99,8076.29,97.08
2009-04-25,8707.99,8076.29,97.08
2009-04-26,8707.99,8076.29,97.08
2009-04-27,8726.34,8025,96.57
2009-04-28,8493.77,8016.95,96.49
2009-04-29,8493.77,8185.73,96.97
2009-04-30,8828.26,8168.12,98.76
2009-05-01,8977.37,8212.41,99.24
2009-05-02,8977.37,8212.41,99.24
2009-05-03,8977.37,8212.41,99.24
2009-05-04,8977.37,8426.74,99.12
2009-05-05,8977.37,8410.65,98.76
2009-05-06,8977.37,8512.28,98.6
2009-05-07,9385.7,8409.85,99
2009-05-08,9432.83,8574.65,99.01
2009-05-09,9432.83,8574.65,99.01
2009-05-10,9432.83,8574.65,99.01
2009-05-11,9451.98,8418.77,97.45
2009-05-12,9298.61,8469.11,96.59
2009-05-13,9340.49,8284.89,95.75
2009-05-14,9093.73,8331.32,95.62
2009-05-15,9265.02,8268.64,94.89
2009-05-16,9265.02,8268.64,94.89
2009-05-17,9265.02,8268.64,94.89
2009-05-18,9038.69,8504.08,96.05
2009-05-19,9290.29,8474.85,96.1
2009-05-20,9344.64,8422.04,95.16
2009-05-21,9264.15,8292.13,94.97
2009-05-22,9225.81,8277.32,94.45
2009-05-23,9225.81,8277.32,94.45
2009-05-24,9225.81,8277.32,94.45
2009-05-25,9347,8277.32,94.45
2009-05-26,9310.81,8473.49,94.81
2009-05-27,9438.77,8300.02,95.01
2009-05-28,9451.39,8403.8,96.76
2009-05-29,9522.5,8500.33,95.55
2009-05-30,9522.5,8500.33,95.55
2009-05-31,9522.5,8500.33,95.55
2009-06-01,9677.75,8721.44,96.53
2009-06-02,9704.31,8740.87,95.72
2009-06-03,9741.67,8675.24,95.72
2009-06-04,9668.96,8750.24,96.37
2009-06-05,9768.01,8763.13,98.18
2009-06-06,9768.01,8763.13,98.18
2009-06-07,9768.01,8763.13,98.18
2009-06-08,9865.63,8764.49,98.56
2009-06-09,9786.82,8763.06,97.6
2009-06-10,9991.49,8739.02,98.13
2009-06-11,9981.33,8770.92,97.83
2009-06-12,10135.82,8799.26,98.17
2009-06-13,10135.82,8799.26,98.17
2009-06-14,10135.82,8799.26,98.17
2009-06-15,10039.67,8612.13,98.03
2009-06-16,9752.88,8504.67,96.26
2009-06-17,9840.85,8497.18,95.65
2009-06-18,9703.72,8555.6,96.36
2009-06-19,9786.26,8539.73,96.15
2009-06-20,9786.26,8539.73,96.15
2009-06-21,9786.26,8539.73,96.15
2009-06-22,9826.27,8339.01,95.9
2009-06-23,9549.61,8322.91,95.32
2009-06-24,9590.32,8299.86,95.38
2009-06-25,9796.08,8472.4,96.21
2009-06-26,9877.39,8438.39,95.19
2009-06-27,9877.39,8438.39,95.19
2009-06-28,9877.39,8438.39,95.19
2009-06-29,9783.47,8529.38,95.84
2009-06-30,9958.44,8447,96.42
2009-07-01,9939.93,8504.06,96.41
2009-07-02,9876.15,8280.74,95.9
2009-07-03,9816.07,8280.74,95.95
2009-07-04,9816.07,8280.74,95.95
2009-07-05,9816.07,8280.74,95.95
2009-07-06,9680.87,8324.87,95
2009-07-07,9647.79,8163.6,95.11
2009-07-08,9420.75,8178.41,92.9
2009-07-09,9291.06,8183.17,92.79
2009-07-10,9287.28,8146.52,92.33
2009-07-11,9287.28,8146.52,92.33
2009-07-12,9287.28,8146.52,92.33
2009-07-13,9050.33,8331.68,92.74
2009-07-14,9261.81,8359.49,93.03
2009-07-15,9269.25,8616.21,94.09
2009-07-16,9344.16,8711.82,93.59
2009-07-17,9395.32,8743.94,94.08
2009-07-18,9395.32,8743.94,94.08
2009-07-19,9395.32,8743.94,94.08
2009-07-20,9395.32,8848.15,94.52
2009-07-21,9652.02,8915.94,93.36
2009-07-22,9723.16,8881.26,93.77
2009-07-23,9792.94,9069.29,94.75
2009-07-24,9944.55,9093.24,94.86
2009-07-25,9944.55,9093.24,94.86
2009-07-26,9944.55,9093.24,94.86
2009-07-27,10088.66,9108.51,95.32
2009-07-28,10087.26,9096.72,94.6
2009-07-29,10113.24,9070.72,95.13
2009-07-30,10165.21,9154.46,95.67
2009-07-31,10356.83,9171.61,94.54
2009-08-01,10356.83,9171.61,94.54
2009-08-02,10356.83,9171.61,94.54
2009-08-03,10352.47,9286.56,95.23
2009-08-04,10375.01,9320.19,95.41
2009-08-05,10252.53,9280.97,94.98
2009-08-06,10388.09,9256.26,95.56
2009-08-07,10412.09,9370.07,97.65
2009-08-08,10412.09,9370.07,97.65
2009-08-09,10412.09,9370.07,97.65
2009-08-10,10524.26,9337.95,97.23
2009-08-11,10585.46,9241.45,95.94
2009-08-12,10435,9361.61,96.16
2009-08-13,10517.19,9398.19,95.46
2009-08-14,10597.33,9321.4,94.64
2009-08-15,10597.33,9321.4,94.64
2009-08-16,10597.33,9321.4,94.64
2009-08-17,10268.61,9135.34,94.33
2009-08-18,10284.96,9217.94,94.72
2009-08-19,10204,9279.16,93.87
2009-08-20,10383.41,9350.05,94.12
2009-08-21,10238.2,9505.96,94.6
2009-08-22,10238.2,9505.96,94.6
2009-08-23,10238.2,9505.96,94.6
2009-08-24,10581.05,9509.28,94.47
2009-08-25,10497.36,9539.29,94.28
2009-08-26,10639.71,9543.52,94.25
2009-08-27,10473.97,9580.63,93.57
2009-08-28,10534.14,9544.2,93.55
2009-08-29,10534.14,9544.2,93.55
2009-08-30,10534.14,9544.2,93.55
2009-08-31,10492.53,9496.28,92.82
2009-09-01,10492.53,9310.6,93.09
2009-09-02,10280.46,9280.67,92.43
2009-09-03,10214.64,9344.61,92.54
2009-09-04,10187.11,9441.27,92.75
2009-09-05,10187.11,9441.27,92.75
2009-09-06,10187.11,9441.27,92.75
2009-09-07,10320.94,9441.27,92.75
2009-09-08,10393.23,9497.34,92.21
2009-09-09,10312.14,9547.22,91.85
2009-09-10,10513.67,9627.48,91.86
2009-09-11,10444.33,9605.41,90.3
2009-09-12,10444.33,9605.41,90.3
2009-09-13,10444.33,9605.41,90.3
2009-09-14,10202.06,9626.8,90.85
2009-09-15,10217.62,9683.41,90.95
2009-09-16,10270.77,9791.71,91
2009-09-17,10443.8,9783.92,91.15
2009-09-18,10370.54,9820.2,91.31
2009-09-19,10370.54,9820.2,91.31
2009-09-20,10370.54,9820.2,91.31
2009-09-21,10370.54,9778.86,91.87
2009-09-22,10370.54,9829.87,91.08
2009-09-23,10370.54,9748.55,91.45
2009-09-24,10544.22,9707.44,91.16
2009-09-25,10265.98,9665.19,89.83
2009-09-26,10265.98,9665.19,89.83
2009-09-27,10265.98,9665.19,89.83
2009-09-28,10009.52,9789.36,89.34
2009-09-29,10100.2,9742.2,90.26
2009-09-30,10133.23,9712.28,89.49
2009-10-01,9978.64,9509.28,89.73
2009-10-02,9731.87,9487.67,89.62
2009-10-03,9731.87,9487.67,89.62
2009-10-04,9731.87,9487.67,89.62
2009-10-05,9674.49,9599.75,89.56
2009-10-06,9691.8,9731.25,88.77
2009-10-07,9799.6,9725.58,88.76
2009-10-08,9832.47,9786.87,88.44
2009-10-09,10016.39,9864.94,89.69
2009-10-10,10016.39,9864.94,89.69
2009-10-11,10016.39,9864.94,89.69
2009-10-12,10016.39,9885.8,89.69
2009-10-13,10076.56,9871.06,89.71
2009-10-14,10060.21,10015.86,89.44
2009-10-15,10238.65,10062.94,90.39
2009-10-16,10257.56,9995.91,90.73
2009-10-17,10257.56,9995.91,90.73
2009-10-18,10257.56,9995.91,90.73
2009-10-19,10236.51,10092.19,90.72
2009-10-20,10336.84,10041.48,90.83
2009-10-21,10333.39,9949.36,91.04
2009-10-22,10267.17,10081.31,91.42
2009-10-23,10282.99,9972.18,91.88
2009-10-24,10282.99,9972.18,91.88
2009-10-25,10282.99,9972.18,91.88
2009-10-26,10362.62,9867.96,91.96
2009-10-27,10212.46,9882.17,92.04
2009-10-28,10075.05,9762.69,91.07
2009-10-29,9891.1,9962.58,91.41
2009-10-30,10034.74,9712.73,90.5
2009-10-31,10034.74,9712.73,90.5
2009-11-01,10034.74,9712.73,90.5
2009-11-02,9802.95,9789.44,90.56
2009-11-03,9802.95,9771.91,90.3
2009-11-04,9844.31,9802.14,90.96
2009-11-05,9717.44,10005.96,90.45
2009-11-06,9789.35,10023.42,89.86
2009-11-07,9789.35,10023.42,89.86
2009-11-08,9789.35,10023.42,89.86
2009-11-09,9808.99,10226.94,89.92
2009-11-10,9870.73,10246.97,89.82
2009-11-11,9871.68,10291.26,89.82
2009-11-12,9804.49,10197.47,90.4
2009-11-13,9770.31,10270.47,89.55
2009-11-14,9770.31,10270.47,89.55
2009-11-15,9770.31,10270.47,89.55
2009-11-16,9791.18,10406.96,89.28
2009-11-17,9729.93,10437.42,89.41
2009-11-18,9676.8,10426.31,89.36
2009-11-19,9549.47,10332.44,88.95
2009-11-20,9497.68,10318.16,88.9
2009-11-21,9497.68,10318.16,88.9
2009-11-22,9497.68,10318.16,88.9
2009-11-23,9497.68,10450.95,89.14
2009-11-24,9401.58,10433.71,88.58
2009-11-25,9441.64,10464.4,87.65
2009-11-26,9383.24,10464.4,87.65
2009-11-27,9081.52,10309.92,86.87
2009-11-28,9081.52,10309.92,86.87
2009-11-29,9081.52,10309.92,86.87
2009-11-30,9345.55,10344.84,86.12
2009-12-01,9572.2,10471.58,86.62
2009-12-02,9608.94,10452.68,87.13
2009-12-03,9977.67,10366.15,88.2
2009-12-04,10022.59,10388.9,89.87
2009-12-05,10022.59,10388.9,89.87
2009-12-06,10022.59,10388.9,89.87
2009-12-07,10167.6,10390.11,89.44
2009-12-08,10140.47,10285.97,88.41
2009-12-09,10004.72,10337.05,87.83
2009-12-10,9862.82,10405.83,88.2
2009-12-11,10107.87,10471.5,89.23
2009-12-12,10107.87,10471.5,89.23
2009-12-13,10107.87,10471.5,89.23
2009-12-14,10105.68,10501.05,88.65
2009-12-15,10083.48,10452,89.91
2009-12-16,10177.41,10441.12,89.52
2009-12-17,10163.8,10308.26,90.35
2009-12-18,10142.05,10328.89,90.47
2009-12-19,10142.05,10328.89,90.47
2009-12-20,10142.05,10328.89,90.47
2009-12-21,10183.47,10414.14,90.95
2009-12-22,10378.03,10464.93,91.67
2009-12-23,10378.03,10466.44,91.52
2009-12-24,10536.92,10520.09,91.69
2009-12-25,10494.71,10520.09,91.69
2009-12-26,10494.71,10520.09,91.69
2009-12-27,10494.71,10520.09,91.69
2009-12-28,10634.23,10547.08,91.57
2009-12-29,10638.06,10545.41,91.95
2009-12-30,10546.44,10548.51,92.66
2009-12-31,10546.44,10428.05,93.08
2010-01-01,10546.44,10428.05,93.08
2010-01-02,10546.44,10428.05,93.08
2010-01-03,10546.44,10428.05,93.08
2010-01-04,10654.79,10583.96,92.55
2010-01-05,10681.83,10572.02,91.48
2010-01-06,10731.45,10573.68,92.53
2010-01-07,10681.66,10606.86,93.31
2010-01-08,10798.32,10618.19,92.7
2010-01-09,10798.32,10618.19,92.7
2010-01-10,10798.32,10618.19,92.7
2010-01-11,10798.32,10663.99,91.9
2010-01-12,10879.14,10627.26,90.95
2010-01-13,10735.03,10680.77,91.38
2010-01-14,10907.68,10710.55,91.03
2010-01-15,10982.1,10609.65,90.79
2010-01-16,10982.1,10609.65,90.79
2010-01-17,10982.1,10609.65,90.79
2010-01-18,10855.08,10609.65,90.79
2010-01-19,10764.9,10725.43,91.13
2010-01-20,10737.52,10603.15,91.23
2010-01-21,10868.41,10389.88,90.25
2010-01-22,10590.55,10172.98,90.07
2010-01-23,10590.55,10172.98,90.07
2010-01-24,10590.55,10172.98,90.07
2010-01-25,10512.69,10196.86,90.12
2010-01-26,10325.28,10194.29,89.63
2010-01-27,10252.08,10236.16,89.41
2010-01-28,10414.29,10120.46,90.08
2010-01-29,10198.04,10067.33,90.38
2010-01-30,10198.04,10067.33,90.38
2010-01-31,10198.04,10067.33,90.38
2010-02-01,10205.02,10185.53,90.8
2010-02-02,10371.09,10296.85,90.39
2010-02-03,10404.33,10270.55,91.11
2010-02-04,10355.98,10002.18,89.11
2010-02-05,10057.09,10012.23,89.25
2010-02-06,10057.09,10012.23,89.25
2010-02-07,10057.09,10012.23,89.25
2010-02-08,9951.82,9908.39,89.32
2010-02-09,9932.9,10058.64,89.45
2010-02-10,9963.99,10038.38,89.88
2010-02-11,9963.99,10144.19,89.82
2010-02-12,10092.19,10099.14,90
2010-02-13,10092.19,10099.14,90
2010-02-14,10092.19,10099.14,90
2010-02-15,10013.3,10099.14,90
2010-02-16,10034.25,10268.81,90.46
2010-02-17,10306.83,10309.24,90.79
2010-02-18,10335.69,10392.9,91.43
2010-02-19,10123.58,10402.35,91.94
2010-02-20,10123.58,10402.35,91.94
2010-02-21,10123.58,10402.35,91.94
2010-02-22,10400.47,10383.38,91.11
2010-02-23,10352.1,10282.41,90.04
2010-02-24,10198.83,10374.16,90.06
2010-02-25,10101.96,10321.03,88.85
2010-02-26,10126.03,10325.26,88.84
2010-02-27,10126.03,10325.26,88.84
2010-02-28,10126.03,10325.26,88.84
2010-03-01,10172.06,10403.79,89.28
2010-03-02,10221.84,10405.98,88.95
2010-03-03,10253.14,10396.76,88.43
2010-03-04,10145.72,10444.14,89.02
2010-03-05,10368.96,10566.2,90.32
2010-03-06,10368.96,10566.2,90.32
2010-03-07,10368.96,10566.2,90.32
2010-03-08,10585.92,10552.52,90.3
2010-03-09,10567.65,10564.38,89.89
2010-03-10,10563.92,10567.33,90.62
2010-03-11,10664.95,10611.84,90.6
2010-03-12,10751.26,10624.69,90.46
2010-03-13,10751.26,10624.69,90.46
2010-03-14,10751.26,10624.69,90.46
2010-03-15,10751.98,10642.15,90.45
2010-03-16,10721.71,10685.98,90.43
2010-03-17,10846.98,10733.67,90.42
2010-03-18,10744.03,10779.17,90.46
2010-03-19,10824.72,10741.98,90.5
2010-03-20,10824.72,10741.98,90.5
2010-03-21,10824.72,10741.98,90.5
2010-03-22,10824.72,10785.89,90.02
2010-03-23,10774.15,10888.83,90.24
2010-03-24,10815.03,10836.15,91.89
2010-03-25,10828.85,10841.21,92.69
2010-03-26,10996.37,10850.36,92.56
2010-03-27,10996.37,10850.36,92.56
2010-03-28,10996.37,10850.36,92.56
2010-03-29,10986.47,10895.86,92.65
2010-03-30,11097.14,10907.42,92.89
2010-03-31,11089.94,10856.63,93.4
2010-04-01,11244.4,10927.07,93.83
2010-04-02,11286.09,10927.07,94.51
2010-04-03,11286.09,10927.07,94.51
2010-04-04,11286.09,10927.07,94.51
2010-04-05,11339.3,10973.55,94.28
2010-04-06,11282.32,10969.99,93.81
2010-04-07,11292.83,10897.52,93.59
2010-04-08,11168.2,10927.07,93.16
2010-04-09,11204.34,10997.35,93.28
2010-04-10,11204.34,10997.35,93.28
2010-04-11,11204.34,10997.35,93.28
2010-04-12,11251.9,11005.97,93.21
2010-04-13,11161.23,11019.42,92.78
2010-04-14,11204.9,11123.11,93.01
2010-04-15,11273.79,11144.57,93.04
2010-04-16,11102.18,11018.66,92.03
2010-04-17,11102.18,11018.66,92.03
2010-04-18,11102.18,11018.66,92.03
2010-04-19,10908.77,11092.05,92.18
2010-04-20,10900.68,11117.06,93.28
2010-04-21,11090.05,11124.92,93.24
2010-04-22,10949.09,11134.29,93.01
2010-04-23,10914.46,11204.28,94.18
2010-04-24,10914.46,11204.28,94.18
2010-04-25,10914.46,11204.28,94.18
2010-04-26,11165.79,11205.03,94.06
2010-04-27,11212.66,10991.99,93.01
2010-04-28,10924.79,11045.27,94.07
2010-04-29,10924.79,11167.32,94.16
2010-04-30,11057.4,11008.61,94.24
2010-05-01,11057.4,11008.61,94.24
2010-05-02,11057.4,11008.61,94.24
2010-05-03,11057.4,11151.83,94.68
2010-05-04,11057.4,10926.77,94.58
2010-05-05,11057.4,10866.83,94.3
2010-05-06,10695.69,10520.32,92.22
2010-05-07,10364.59,10380.43,91.67
2010-05-08,10364.59,10380.43,91.67
2010-05-09,10364.59,10380.43,91.67
2010-05-10,10530.7,10785.14,93.39
2010-05-11,10411.1,10748.26,92.83
2010-05-12,10394.03,10896.91,92.93
2010-05-13,10620.55,10782.95,92.7
2010-05-14,10462.51,10620.16,91.94
2010-05-15,10462.51,10620.16,91.94
2010-05-16,10462.51,10620.16,91.94
2010-05-17,10235.76,10625.83,92.08
2010-05-18,10242.64,10510.95,92.52
2010-05-19,10186.84,10444.37,91.16
2010-05-20,10030.31,10068.01,90.07
2010-05-21,9784.54,10193.39,90.21
2010-05-22,9784.54,10193.39,90.21
2010-05-23,9784.54,10193.39,90.21
2010-05-24,9758.4,10066.57,90.49
2010-05-25,9459.89,10043.75,89.89
2010-05-26,9522.66,9974.45,90.28
2010-05-27,9639.72,10258.99,90.71
2010-05-28,9762.98,10136.63,90.81
2010-05-29,9762.98,10136.63,90.81
2010-05-30,9762.98,10136.63,90.81
2010-05-31,9768.7,10136.63,90.81
2010-06-01,9711.83,10024.02,91.16
2010-06-02,9603.24,10249.54,92.21
2010-06-03,9914.19,10255.28,92.33
2010-06-04,9901.19,9931.97,91.83
2010-06-05,9901.19,9931.97,91.83
2010-06-06,9901.19,9931.97,91.83
2010-06-07,9520.8,9816.49,92
2010-06-08,9537.94,9939.98,91.3
2010-06-09,9439.13,9899.25,91.54
2010-06-10,9542.65,10172.53,91.04
2010-06-11,9705.25,10211.07,91.72
2010-06-12,9705.25,10211.07,91.72
2010-06-13,9705.25,10211.07,91.72
2010-06-14,9879.85,10190.89,91.8
2010-06-15,9887.89,10404.77,91.25
2010-06-16,10067.15,10409.46,91.39
2010-06-17,9999.4,10434.17,90.92
2010-06-18,9995.02,10450.64,90.79
2010-06-19,9995.02,10450.64,90.79
2010-06-20,9995.02,10450.64,90.79
2010-06-21,10238.01,10442.41,91.18
2010-06-22,10112.89,10293.52,90.59
2010-06-23,9923.7,10298.44,89.82
2010-06-24,9928.34,10152.8,89.4
2010-06-25,9737.48,10143.81,89.35
2010-06-26,9737.48,10143.81,89.35
2010-06-27,9737.48,10143.81,89.35
2010-06-28,9693.94,10138.52,89.23
2010-06-29,9570.67,9870.3,88.39
2010-06-30,9382.64,9774.02,88.49
2010-07-01,9191.6,9732.53,87.42
2010-07-02,9203.71,9686.48,87.69
2010-07-03,9203.71,9686.48,87.69
2010-07-04,9203.71,9686.48,87.69
2010-07-05,9266.78,9686.48,87.69
2010-07-06,9338.04,9743.62,87.55
2010-07-07,9279.65,10018.28,87.16
2010-07-08,9535.74,10138.99,88.44
2010-07-09,9585.32,10198.03,88.48
2010-07-10,9585.32,10198.03,88.48
2010-07-11,9585.32,10198.03,88.48
2010-07-12,9548.11,10216.27,88.53
2010-07-13,9537.23,10363.02,88.24
2010-07-14,9795.24,10366.72,88.59
2010-07-15,9685.53,10359.31,87.41
2010-07-16,9408.36,10097.9,86.4
2010-07-17,9408.36,10097.9,86.4
2010-07-18,9408.36,10097.9,86.4
2010-07-19,9408.36,10154.43,86.77
2010-07-20,9408.36,10229.96,87.22
2010-07-21,9278.83,10120.53,87.3
2010-07-22,9220.88,10322.3,87
2010-07-23,9430.96,10424.62,87.31
2010-07-24,9430.96,10424.62,87.31
2010-07-25,9430.96,10424.62,87.31
2010-07-26,9503.66,10525.43,87.2
2010-07-27,9496.85,10537.69,87.88
2010-07-28,9753.27,10497.88,87.62
2010-07-29,9696.02,10467.16,86.87
2010-07-30,9537.3,10465.94,86.43
2010-07-31,9537.3,10465.94,86.43
2010-08-01,9537.3,10465.94,86.43
2010-08-02,9570.31,10674.38,86.42
2010-08-03,9694.01,10636.38,85.88
2010-08-04,9489.34,10680.43,86.26
2010-08-05,9653.92,10674.98,85.83
2010-08-06,9642.12,10653.56,85.25
2010-08-07,9642.12,10653.56,85.25
2010-08-08,9642.12,10653.56,85.25
2010-08-09,9572.49,10698.75,85.88
2010-08-10,9551.05,10644.25,85.88
2010-08-11,9292.85,10378.83,85.36
2010-08-12,9212.59,10319.95,85.83
2010-08-13,9253.46,10303.15,86.2
2010-08-14,9253.46,10303.15,86.2
2010-08-15,9253.46,10303.15,86.2
2010-08-16,9196.67,10302.01,85.33
2010-08-17,9161.68,10405.85,85.51
2010-08-18,9240.54,10415.54,85.31
2010-08-19,9362.68,10271.21,85.27
2010-08-20,9179.38,10213.62,85.63
2010-08-21,9179.38,10213.62,85.63
2010-08-22,9179.38,10213.62,85.63
2010-08-23,9116.69,10174.41,85.16
2010-08-24,8995.14,10040.45,84.16
2010-08-25,8845.39,10060.06,84.56
2010-08-26,8906.48,9985.81,84.61
2010-08-27,8991.06,10150.65,85.1
2010-08-28,8991.06,10150.65,85.1
2010-08-29,8991.06,10150.65,85.1
2010-08-30,9149.26,10009.73,84.67
2010-08-31,8824.06,10014.72,84.1
2010-09-01,8927.02,10269.47,84.48
2010-09-02,9062.84,10320.1,84.15
2010-09-03,9114.13,10447.93,84.45
2010-09-04,9114.13,10447.93,84.45
2010-09-05,9114.13,10447.93,84.45
2010-09-06,9301.32,10447.93,84.45
2010-09-07,9226,10340.69,83.75
2010-09-08,9024.6,10387.01,83.85
2010-09-09,9098.39,10415.24,83.83
2010-09-10,9239.17,10462.77,84.13
2010-09-11,9239.17,10462.77,84.13
2010-09-12,9239.17,10462.77,84.13
2010-09-13,9321.82,10544.13,83.53
2010-09-14,9299.31,10526.49,83.05
2010-09-15,9299.31,10572.73,85.63
2010-09-16,9509.5,10594.83,85.72
2010-09-17,9626.09,10607.85,85.77
2010-09-18,9626.09,10607.85,85.77
2010-09-19,9626.09,10607.85,85.77
2010-09-20,9626.09,10753.62,85.74
2010-09-21,9602.11,10761.03,85.36
2010-09-22,9566.32,10739.31,84.37
2010-09-23,9566.32,10662.42,84.32
2010-09-24,9471.67,10860.26,84.24
2010-09-25,9471.67,10860.26,84.24
2010-09-26,9471.67,10860.26,84.24
2010-09-27,9603.14,10812.04,84.17
2010-09-28,9495.76,10858.14,83.82
2010-09-29,9559.38,10835.28,83.61
2010-09-30,9369.35,10788.05,83.53
2010-10-01,9404.23,10829.68,83.3
2010-10-02,9404.23,10829.68,83.3
2010-10-03,9404.23,10829.68,83.3
2010-10-04,9381.06,10751.27,83.33
2010-10-05,9518.76,10944.72,83.17
2010-10-06,9691.43,10967.65,82.8
2010-10-07,9684.81,10948.58,82.35
2010-10-08,9588.88,11006.48,81.86
2010-10-09,9588.88,11006.48,81.86
2010-10-10,9588.88,11006.48,81.86
2010-10-11,9588.88,11010.34,81.86
2010-10-12,9388.64,11020.4,81.74
2010-10-13,9403.51,11096.08,81.81
2010-10-14,9583.51,11094.57,81.44
2010-10-15,9500.25,11062.78,81.32
2010-10-16,9500.25,11062.78,81.32
2010-10-17,9500.25,11062.78,81.32
2010-10-18,9498.49,11143.69,81.16
2010-10-19,9539.45,10978.62,81.6
2010-10-20,9381.6,11107.97,81.14
2010-10-21,9376.48,11146.57,81.16
2010-10-22,9426.71,11132.56,81.48
2010-10-23,9426.71,11132.56,81.48
2010-10-24,9426.71,11132.56,81.48
2010-10-25,9401.16,11164.05,80.61
2010-10-26,9377.38,11169.46,81.28
2010-10-27,9387.03,11126.28,81.55
2010-10-28,9366.03,11113.95,80.99
2010-10-29,9202.45,11118.49,80.48
2010-10-30,9202.45,11118.49,80.48
2010-10-31,9202.45,11118.49,80.48
2010-11-01,9154.72,11124.62,80.66
2010-11-02,9159.98,11188.72,80.8
2010-11-03,9159.98,11215.13,81.41
2010-11-04,9358.78,11434.84,80.61
2010-11-05,9625.99,11444.08,81.35
2010-11-06,9625.99,11444.08,81.35
2010-11-07,9625.99,11444.08,81.35
2010-11-08,9732.92,11406.84,81.14
2010-11-09,9694.49,11346.75,81.15
2010-11-10,9830.52,11357.04,82.53
2010-11-11,9861.46,11283.1,82.53
2010-11-12,9724.81,11192.58,82.44
2010-11-13,9724.81,11192.58,82.44
2010-11-14,9724.81,11192.58,82.44
2010-11-15,9827.51,11201.97,82.9
2010-11-16,9797.1,11023.5,83.41
2010-11-17,9811.66,11007.88,83.15
2010-11-18,10013.63,11181.23,83.64
2010-11-19,10022.39,11203.55,83.49
2010-11-20,10022.39,11203.55,83.49
2010-11-21,10022.39,11203.55,83.49
2010-11-22,10115.19,11178.58,83.46
2010-11-23,10115.19,11036.37,82.86
2010-11-24,10030.11,11187.28,83.38
2010-11-25,10079.76,11187.28,83.38
2010-11-26,10039.56,11091.87,84.08
2010-11-27,10039.56,11091.87,84.08
2010-11-28,10039.56,11091.87,84.08
2010-11-29,10125.99,11052.49,84.34
2010-11-30,9937.04,11006.02,83.56
2010-12-01,9988.05,11255.78,84
2010-12-02,10168.52,11362.41,83.53
2010-12-03,10178.32,11382.09,82.73
2010-12-04,10178.32,11382.09,82.73
2010-12-05,10178.32,11382.09,82.73
2010-12-06,10167.23,11362.19,82.7
2010-12-07,10141.1,11359.16,83.04
2010-12-08,10232.33,11372.48,84.16
2010-12-09,10285.88,11370.06,83.85
2010-12-10,10211.95,11410.32,83.87
2010-12-11,10211.95,11410.32,83.87
2010-12-12,10211.95,11410.32,83.87
2010-12-13,10293.89,11428.56,83.57
2010-12-14,10316.77,11476.54,83.52
2010-12-15,10309.78,11457.47,84.04
2010-12-16,10311.29,11499.25,84.23
2010-12-17,10303.83,11491.91,84.15
2010-12-18,10303.83,11491.91,84.15
2010-12-19,10303.83,11491.91,84.15
2010-12-20,10216.41,11478.13,83.72
2010-12-21,10370.53,11533.16,83.76
2010-12-22,10346.48,11559.49,83.56
2010-12-23,10346.48,11573.49,82.97
2010-12-24,10279.19,11573.49,82.97
2010-12-25,10279.19,11573.49,82.97
2010-12-26,10279.19,11573.49,82.97
2010-12-27,10355.99,11555.03,82.91
2010-12-28,10292.63,11575.54,82.21
2010-12-29,10344.54,11585.38,81.9
2010-12-30,10228.92,11569.71,81.67
2010-12-31,10228.92,11577.51,81.67
2011-01-01,10228.92,11577.51,81.67
2011-01-02,10228.92,11577.51,81.67
2011-01-03,10228.92,11670.75,81.56
2011-01-04,10398.1,11691.18,81.96
2011-01-05,10380.77,11722.89,83.22
2011-01-06,10529.76,11697.31,83.15
2011-01-07,10541.04,11674.76,83.04
2011-01-08,10541.04,11674.76,83.04
2011-01-09,10541.04,11674.76,83.04
2011-01-10,10541.04,11637.45,82.78
2011-01-11,10510.68,11671.88,83.36
2011-01-12,10512.8,11755.44,83.29
2011-01-13,10589.76,11731.9,82.72
2011-01-14,10499.04,11787.38,82.99
2011-01-15,10499.04,11787.38,82.99
2011-01-16,10499.04,11787.38,82.99
2011-01-17,10502.86,11787.38,82.99
2011-01-18,10518.98,11837.93,82.66
2011-01-19,10557.1,11825.29,82.03
2011-01-20,10437.31,11822.8,83.02
2011-01-21,10274.52,11871.84,82.63
2011-01-22,10274.52,11871.84,82.63
2011-01-23,10274.52,11871.84,82.63
2011-01-24,10345.11,11980.52,82.44
2011-01-25,10464.42,11977.19,82.35
2011-01-26,10401.9,11985.44,82.27
2011-01-27,10478.66,11989.83,83.03
2011-01-28,10360.34,11823.7,82.03
2011-01-29,10360.34,11823.7,82.03
2011-01-30,10360.34,11823.7,82.03
2011-01-31,10237.92,11891.93,81.97
2011-02-01,10274.5,12040.16,81.48
2011-02-02,10457.36,12041.97,81.82
2011-02-03,10431.36,12062.26,81.48
2011-02-04,10543.52,12092.15,81.99
2011-02-05,10543.52,12092.15,81.99
2011-02-06,10543.52,12092.15,81.99
2011-02-07,10592.04,12161.63,82.4
2011-02-08,10635.98,12233.15,81.92
2011-02-09,10617.83,12239.89,82.47
2011-02-10,10605.65,12229.29,83.11
2011-02-11,10605.65,12273.26,83.52
2011-02-12,10605.65,12273.26,83.52
2011-02-13,10605.65,12273.26,83.52
2011-02-14,10725.54,12268.19,83.32
2011-02-15,10746.67,12226.64,83.79
2011-02-16,10808.29,12288.17,83.73
2011-02-17,10836.64,12318.14,83.25
2011-02-18,10842.8,12391.25,83.22
2011-02-19,10842.8,12391.25,83.22
2011-02-20,10842.8,12391.25,83.22
2011-02-21,10857.53,12391.25,83.22
2011-02-22,10664.7,12212.79,82.94
2011-02-23,10579.1,12105.78,82.39
2011-02-24,10452.71,12068.5,81.67
2011-02-25,10526.76,12130.45,81.76
2011-02-26,10526.76,12130.45,81.76
2011-02-27,10526.76,12130.45,81.76
2011-02-28,10624.09,12226.34,81.94
2011-03-01,10754.03,12058.02,81.86
2011-03-02,10492.38,12066.8,81.62
2011-03-03,10586.02,12258.2,82.41
2011-03-04,10693.66,12169.88,82.35
2011-03-05,10693.66,12169.88,82.35
2011-03-06,10693.66,12169.88,82.35
2011-03-07,10505.02,12090.03,82.12
2011-03-08,10525.19,12214.38,82.69
2011-03-09,10589.5,12213.09,82.78
2011-03-10,10434.38,11984.61,82.98
2011-03-11,10254.43,12044.4,81.77
2011-03-12,10254.43,12044.4,81.77
2011-03-13,10254.43,12044.4,81.77
2011-03-14,9620.49,11993.16,81.65
2011-03-15,8605.15,11855.42,80.82
2011-03-16,9093.72,11613.3,80.17
2011-03-17,8962.67,11774.59,78.74
2011-03-18,9206.75,11858.52,81.14
2011-03-19,9206.75,11858.52,81.14
2011-03-20,9206.75,11858.52,81.14
2011-03-21,9206.75,12036.53,81.11
2011-03-22,9608.32,12018.63,81
2011-03-23,9449.47,12086.02,80.94
2011-03-24,9435.01,12170.56,80.82
2011-03-25,9536.13,12220.59,81.12
2011-03-26,9536.13,12220.59,81.12
2011-03-27,9536.13,12220.59,81.12
2011-03-28,9478.53,12197.88,81.67
2011-03-29,9459.08,12279.01,82.38
2011-03-30,9708.79,12350.61,82.98
2011-03-31,9755.1,12319.73,82.76
2011-04-01,9708.39,12376.72,84.05
2011-04-02,9708.39,12376.72,84.05
2011-04-03,9708.39,12376.72,84.05
2011-04-04,9718.89,12400.03,83.98
2011-04-05,9615.55,12393.9,84.65
2011-04-06,9584.37,12426.75,85.26
2011-04-07,9590.93,12409.49,84.98
2011-04-08,9768.08,12380.05,84.99
2011-04-09,9768.08,12380.05,84.99
2011-04-10,9768.08,12380.05,84.99
2011-04-11,9719.7,12381.11,84.58
2011-04-12,9555.26,12263.58,83.79
2011-04-13,9641.18,12270.99,83.59
2011-04-14,9653.92,12285.15,83.23
2011-04-15,9591.52,12341.83,83.13
2011-04-16,9591.52,12341.83,83.13
2011-04-17,9591.52,12341.83,83.13
2011-04-18,9556.65,12201.59,82.43
2011-04-19,9441.03,12266.75,82.41
2011-04-20,9606.82,12453.54,82.58
2011-04-21,9685.77,12505.99,81.81
2011-04-22,9682.21,12505.99,81.92
2011-04-23,9682.21,12505.99,81.92
2011-04-24,9682.21,12505.99,81.92
2011-04-25,9671.96,12479.88,81.93
2011-04-26,9558.69,12595.37,81.93
2011-04-27,9691.84,12690.96,82.6
2011-04-28,9849.74,12763.31,81.57
2011-04-29,9849.74,12810.54,81.31
2011-04-30,9849.74,12810.54,81.31
2011-05-01,9849.74,12810.54,81.31
2011-05-02,10004.2,12807.36,81.23
2011-05-03,10004.2,12807.51,81.02
2011-05-04,10004.2,12723.58,80.69
2011-05-05,10004.2,12584.17,80.12
2011-05-06,9859.2,12638.74,80.51
2011-05-07,9859.2,12638.74,80.51
2011-05-08,9859.2,12638.74,80.51
2011-05-09,9794.38,12684.68,80.66
2011-05-10,9818.76,12760.36,80.75
2011-05-11,9864.26,12630.03,80.78
2011-05-12,9716.65,12695.92,80.75
2011-05-13,9648.77,12595.75,80.76
2011-05-14,9648.77,12595.75,80.76
2011-05-15,9648.77,12595.75,80.76
2011-05-16,9558.3,12548.37,80.82
2011-05-17,9567.02,12479.58,81.39
2011-05-18,9662.08,12560.18,81.37
2011-05-19,9620.82,12605.32,81.78
2011-05-20,9607.08,12512.04,81.64
2011-05-21,9607.08,12512.04,81.64
2011-05-22,9607.08,12512.04,81.64
2011-05-23,9460.63,12381.26,81.81
2011-05-24,9477.17,12356.21,82.12
2011-05-25,9422.88,12394.66,81.96
2011-05-26,9562.05,12402.76,81.44
2011-05-27,9521.94,12441.58,80.75
2011-05-28,9521.94,12441.58,80.75
2011-05-29,9521.94,12441.58,80.75
2011-05-30,9504.97,12441.58,80.75
2011-05-31,9693.73,12569.79,81.29
2011-06-01,9719.61,12290.14,80.82
2011-06-02,9555.04,12248.55,80.98
2011-06-03,9492.21,12151.26,80.38
2011-06-04,9492.21,12151.26,80.38
2011-06-05,9492.21,12151.26,80.38
2011-06-06,9380.35,12089.96,80.19
2011-06-07,9442.95,12070.81,80.21
2011-06-08,9449.46,12048.94,79.87
2011-06-09,9467.15,12124.36,80.07
2011-06-10,9514.44,11951.91,80.26
2011-06-11,9514.44,11951.91,80.26
2011-06-12,9514.44,11951.91,80.26
2011-06-13,9448.21,11952.97,80.16
2011-06-14,9547.79,12076.11,80.5
2011-06-15,9574.32,11897.27,80.71
2011-06-16,9411.28,11961.52,80.7
2011-06-17,9351.4,12004.36,80.1
2011-06-18,9351.4,12004.36,80.1
2011-06-19,9351.4,12004.36,80.1
2011-06-20,9354.32,12080.38,80.26
2011-06-21,9459.66,12190.01,80.15
2011-06-22,9629.43,12109.67,80.06
2011-06-23,9596.74,12050,80.45
2011-06-24,9678.71,11934.58,80.32
2011-06-25,9678.71,11934.58,80.32
2011-06-26,9678.71,11934.58,80.32
2011-06-27,9578.31,12043.56,80.89
2011-06-28,9648.98,12188.69,80.85
2011-06-29,9797.26,12261.42,80.8
2011-06-30,9816.09,12414.34,80.64
2011-07-01,9868.07,12582.77,80.81
2011-07-02,9868.07,12582.77,80.81
2011-07-03,9868.07,12582.77,80.81
2011-07-04,9965.09,12582.77,80.81
2011-07-05,9972.46,12569.87,81.14
2011-07-06,10082.48,12626.02,80.9
2011-07-07,10071.14,12719.49,81.26
2011-07-08,10137.73,12657.2,80.64
2011-07-09,10137.73,12657.2,80.64
2011-07-10,10137.73,12657.2,80.64
2011-07-11,10069.53,12505.76,80.37
2011-07-12,9925.92,12446.88,79.53
2011-07-13,9963.14,12491.61,78.99
2011-07-14,9936.12,12437.12,79.11
2011-07-15,9974.47,12479.73,79.03
2011-07-16,9974.47,12479.73,79.03
2011-07-17,9974.47,12479.73,79.03
2011-07-18,9974.47,12385.16,79.1
2011-07-19,9889.72,12587.42,78.91
2011-07-20,10005.9,12571.91,78.76
2011-07-21,10010.39,12724.41,78.47
2011-07-22,10132.11,12681.16,78.44
2011-07-23,10132.11,12681.16,78.44
2011-07-24,10132.11,12681.16,78.44
2011-07-25,10050.01,12592.8,78.31
2011-07-26,10097.72,12501.3,78.04
2011-07-27,10047.19,12302.55,77.99
2011-07-28,9901.35,12240.11,77.87
2011-07-29,9833.03,12143.24,77.18
2011-07-30,9833.03,12143.24,77.18
2011-07-31,9833.03,12143.24,77.18
2011-08-01,9965.01,12132.49,76.87
2011-08-02,9844.59,11866.62,77.13
2011-08-03,9637.14,11896.44,76.87
2011-08-04,9659.18,11383.68,79.01
2011-08-05,9299.88,11444.61,78.48
2011-08-06,9299.88,11444.61,78.48
2011-08-07,9299.88,11444.61,78.48
2011-08-08,9097.56,10809.85,77.53
2011-08-09,8944.48,11239.77,77.16
2011-08-10,9038.74,10719.94,76.41
2011-08-11,8981.94,11143.31,76.68
2011-08-12,8963.72,11269.02,76.79
2011-08-13,8963.72,11269.02,76.79
2011-08-14,8963.72,11269.02,76.79
2011-08-15,9086.41,11482.9,76.73
2011-08-16,9107.43,11405.93,76.76
2011-08-17,9057.26,11410.21,76.46
2011-08-18,8943.76,10990.58,76.52
2011-08-19,8719.24,10817.65,76.46
2011-08-20,8719.24,10817.65,76.46
2011-08-21,8719.24,10817.65,76.46
2011-08-22,8628.13,10854.65,76.77
2011-08-23,8733.01,11176.76,76.59
2011-08-24,8639.61,11320.71,76.78
2011-08-25,8772.36,11149.82,77.38
2011-08-26,8797.78,11284.54,76.62
2011-08-27,8797.78,11284.54,76.62
2011-08-28,8797.78,11284.54,76.62
2011-08-29,8851.35,11539.25,76.96
2011-08-30,8953.9,11559.95,76.75
2011-08-31,8955.2,11613.53,76.5
2011-09-01,9060.8,11493.57,76.81
2011-09-02,8950.74,11240.26,76.79
2011-09-03,8950.74,11240.26,76.79
2011-09-04,8950.74,11240.26,76.79
2011-09-05,8784.46,11240.26,76.79
2011-09-06,8590.57,11139.3,77.48
2011-09-07,8763.41,11414.86,77.39
2011-09-08,8793.12,11295.81,77.43
2011-09-09,8737.66,10992.13,77.31
2011-09-10,8737.66,10992.13,77.31
2011-09-11,8737.66,10992.13,77.31
2011-09-12,8535.67,11061.12,77.15
2011-09-13,8616.55,11105.85,76.88
2011-09-14,8518.57,11246.73,76.71
2011-09-15,8668.86,11433.18,76.7
2011-09-16,8864.16,11509.09,76.89
2011-09-17,8864.16,11509.09,76.89
2011-09-18,8864.16,11509.09,76.89
2011-09-19,8864.16,11401.01,76.48
2011-09-20,8721.24,11408.66,76.52
2011-09-21,8741.16,11124.84,76.38
2011-09-22,8560.26,10733.83,76.31
2011-09-23,8560.26,10771.48,76.3
2011-09-24,8560.26,10771.48,76.3
2011-09-25,8560.26,10771.48,76.3
2011-09-26,8374.13,11043.86,76.35
2011-09-27,8609.95,11190.69,76.6
2011-09-28,8615.65,11010.9,76.51
2011-09-29,8701.23,11153.98,76.68
2011-09-30,8700.29,10913.38,77.04
2011-10-01,8700.29,10913.38,77.04
2011-10-02,8700.29,10913.38,77.04
2011-10-03,8545.48,10655.3,76.66
2011-10-04,8456.12,10808.71,76.86
2011-10-05,8382.98,10939.95,76.86
2011-10-06,8522.02,11123.33,76.64
2011-10-07,8605.62,11103.12,76.77
2011-10-08,8605.62,11103.12,76.77
2011-10-09,8605.62,11103.12,76.77
2011-10-10,8605.62,11433.18,76.77
2011-10-11,8773.68,11416.3,76.66
2011-10-12,8738.9,11518.85,77.3
2011-10-13,8823.25,11478.13,76.88
2011-10-14,8747.96,11644.49,77.36
2011-10-15,8747.96,11644.49,77.36
2011-10-16,8747.96,11644.49,77.36
2011-10-17,8879.6,11397,76.8
2011-10-18,8741.91,11577.05,76.75
2011-10-19,8772.54,11504.62,76.79
2011-10-20,8682.15,11541.78,76.91
2011-10-21,8678.89,11808.79,76.1
2011-10-22,8678.89,11808.79,76.1
2011-10-23,8678.89,11808.79,76.1
2011-10-24,8843.98,11913.62,76.1
2011-10-25,8762.31,11706.62,75.88
2011-10-26,8748.47,11869.04,76.05
2011-10-27,8926.54,12208.55,75.8
2011-10-28,9050.47,12231.11,75.72
2011-10-29,9050.47,12231.11,75.72
2011-10-30,9050.47,12231.11,75.72
2011-10-31,8988.39,11955.01,77.97
2011-11-01,8835.52,11657.96,78.28
2011-11-02,8640.42,11836.04,78.04
2011-11-03,8640.42,12044.47,77.96
2011-11-04,8801.4,11983.24,78.17
2011-11-05,8801.4,11983.24,78.17
2011-11-06,8801.4,11983.24,78.17
2011-11-07,8767.09,12068.39,78.06
2011-11-08,8655.51,12170.18,77.79
2011-11-09,8755.44,11780.94,77.77
2011-11-10,8500.8,11893.86,77.58
2011-11-11,8514.47,12153.68,77.58
2011-11-12,8514.47,12153.68,77.58
2011-11-13,8514.47,12153.68,77.58
2011-11-14,8603.7,12078.98,77.02
2011-11-15,8541.93,12096.16,76.99
2011-11-16,8463.16,11905.59,77.02
2011-11-17,8479.63,11770.73,76.98
2011-11-18,8374.91,11796.16,76.93
2011-11-19,8374.91,11796.16,76.93
2011-11-20,8374.91,11796.16,76.93
2011-11-21,8348.27,11547.31,76.97
2011-11-22,8314.74,11493.72,77.07
2011-11-23,8314.74,11257.55,77.41
2011-11-24,8165.18,11257.55,77.41
2011-11-25,8160.01,11231.65,77.66
2011-11-26,8160.01,11231.65,77.66
2011-11-27,8160.01,11231.65,77.66
2011-11-28,8287.49,11523.01,78.05
2011-11-29,8477.82,11555.63,77.86
2011-11-30,8434.61,12045.68,77.58
2011-12-01,8597.38,12020.03,77.6
2011-12-02,8643.75,12019.42,77.88
2011-12-03,8643.75,12019.42,77.88
2011-12-04,8643.75,12019.42,77.88
2011-12-05,8695.98,12097.83,77.77
2011-12-06,8575.16,12150.13,77.73
2011-12-07,8722.17,12196.37,77.69
2011-12-08,8664.58,11997.7,77.67
2011-12-09,8536.46,12184.26,77.58
2011-12-10,8536.46,12184.26,77.58
2011-12-11,8536.46,12184.26,77.58
2011-12-12,8653.82,12021.39,77.87
2011-12-13,8552.81,11954.94,77.86
2011-12-14,8519.13,11823.48,78.08
2011-12-15,8377.37,11868.81,77.87
2011-12-16,8401.72,11866.39,77.65
2011-12-17,8401.72,11866.39,77.65
2011-12-18,8401.72,11866.39,77.65
2011-12-19,8296.12,11766.26,77.96
2011-12-20,8336.48,12103.58,77.76
2011-12-21,8459.98,12107.74,78
2011-12-22,8395.16,12169.65,78.13
2011-12-23,8395.16,12294,78.13
2011-12-24,8395.16,12294,78.13
2011-12-25,8395.16,12294,78.13
2011-12-26,8479.34,12294,78.13
2011-12-27,8440.56,12291.35,77.83
2011-12-28,8423.62,12151.41,77.98
2011-12-29,8398.89,12287.04,77.71
2011-12-30,8455.35,12217.56,76.98
2011-12-31,8455.35,12217.56,76.98
2012-01-01,8455.35,12217.56,76.98
2012-01-02,8455.35,12217.56,76.98
2012-01-03,8455.35,12397.38,76.67
2012-01-04,8560.11,12418.42,76.68
2012-01-05,8488.71,12415.7,77.18
2012-01-06,8390.35,12359.92,77.06
2012-01-07,8390.35,12359.92,77.06
2012-01-08,8390.35,12359.92,77.06
2012-01-09,8390.35,12392.69,76.88
2012-01-10,8422.26,12462.47,76.84
2012-01-11,8447.88,12449.45,76.9
2012-01-12,8385.59,12471.02,76.76
2012-01-13,8500.02,12422.06,76.9
2012-01-14,8500.02,12422.06,76.9
2012-01-15,8500.02,12422.06,76.9
2012-01-16,8378.36,12422.06,76.9
2012-01-17,8466.4,12482.07,76.8
2012-01-18,8550.58,12578.95,76.81
2012-01-19,8639.68,12623.98,77.23
2012-01-20,8766.36,12720.48,76.97
2012-01-21,8766.36,12720.48,76.97
2012-01-22,8766.36,12720.48,76.97
2012-01-23,8765.9,12708.82,76.92
2012-01-24,8785.33,12675.75,77.78
2012-01-25,8883.69,12758.85,78.13
2012-01-26,8849.47,12734.63,77.47
2012-01-27,8841.22,12660.46,76.68
2012-01-28,8841.22,12660.46,76.68
2012-01-29,8841.22,12660.46,76.68
2012-01-30,8793.05,12653.72,76.28
2012-01-31,8802.51,12632.91,76.34
2012-02-01,8809.79,12716.46,76.11
2012-02-02,8876.82,12705.41,76.13
2012-02-03,8831.93,12862.23,76.54
2012-02-04,8831.93,12862.23,76.54
2012-02-05,8831.93,12862.23,76.54
2012-02-06,8929.2,12845.13,76.54
2012-02-07,8917.52,12878.2,76.88
2012-02-08,9015.59,12883.95,76.9
2012-02-09,9002.24,12890.46,77.42
2012-02-10,8947.17,12801.23,77.57
2012-02-11,8947.17,12801.23,77.57
2012-02-12,8947.17,12801.23,77.57
2012-02-13,8999.18,12874.04,77.52
2012-02-14,9052.07,12878.28,78.39
2012-02-15,9260.34,12780.95,78.22
2012-02-16,9238.1,12904.08,78.77
2012-02-17,9384.17,12949.87,79.33
2012-02-18,9384.17,12949.87,79.33
2012-02-19,9384.17,12949.87,79.33
2012-02-20,9485.09,12949.87,79.33
2012-02-21,9463.02,12965.69,79.73
2012-02-22,9554,12938.67,80.3
2012-02-23,9595.57,12984.69,80.21
2012-02-24,9647.38,12982.95,80.88
2012-02-25,9647.38,12982.95,80.88
2012-02-26,9647.38,12982.95,80.88
2012-02-27,9633.93,12981.51,80.42
2012-02-28,9722.52,13005.12,80.44
2012-02-29,9723.24,12952.07,81.1
2012-03-01,9707.37,12980.3,81.16
2012-03-02,9777.03,12977.57,81.56
2012-03-03,9777.03,12977.57,81.56
2012-03-04,9777.03,12977.57,81.56
2012-03-05,9698.59,12962.81,81.43
2012-03-06,9637.63,12759.15,80.86
2012-03-07,9576.06,12837.33,81.06
2012-03-08,9768.96,12907.94,81.5
2012-03-09,9929.74,12922.02,82.59
2012-03-10,9929.74,12922.02,82.59
2012-03-11,9929.74,12922.02,82.59
2012-03-12,9889.86,12959.71,82.21
2012-03-13,9899.08,13177.68,82.66
2012-03-14,10050.52,13194.1,83.78
2012-03-15,10123.28,13252.76,83.28
2012-03-16,10129.83,13232.62,83.34
2012-03-17,10129.83,13232.62,83.34
2012-03-18,10129.83,13232.62,83.34
2012-03-19,10141.99,13239.13,83.31
2012-03-20,10141.99,13170.19,83.62
2012-03-21,10086.49,13124.62,83.62
2012-03-22,10127.08,13046.14,82.5
2012-03-23,10011.47,13080.73,82.35
2012-03-24,10011.47,13080.73,82.35
2012-03-25,10011.47,13080.73,82.35
2012-03-26,10018.24,13241.63,82.84
2012-03-27,10255.15,13197.73,83.15
2012-03-28,10182.57,13126.21,82.74
2012-03-29,10114.79,13145.82,82.28
2012-03-30,10083.56,13212.04,82.41
2012-03-31,10083.56,13212.04,82.41
2012-04-01,10083.56,13212.04,82.41
2012-04-02,10109.87,13264.49,82.16
2012-04-03,10050.39,13199.55,82.18
2012-04-04,9819.99,13074.75,82.62
2012-04-05,9767.61,13060.14,82.33
2012-04-06,9688.45,13060.14,81.56
2012-04-07,9688.45,13060.14,81.56
2012-04-08,9688.45,13060.14,81.56
2012-04-09,9546.26,12929.59,81.36
2012-04-10,9538.02,12715.93,80.94
2012-04-11,9458.74,12805.39,80.88
2012-04-12,9524.79,12986.58,80.87
2012-04-13,9637.99,12849.59,80.99
2012-04-14,9637.99,12849.59,80.99
2012-04-15,9637.99,12849.59,80.99
2012-04-16,9470.64,12921.41,80.46
2012-04-17,9464.71,13115.54,80.72
2012-04-18,9667.26,13032.75,81.29
2012-04-19,9588.38,12964.1,81.57
2012-04-20,9561.36,13029.26,81.6
2012-04-21,9561.36,13029.26,81.6
2012-04-22,9561.36,13029.26,81.6
2012-04-23,9542.17,12927.17,81.16
2012-04-24,9468.04,13001.56,81.21
2012-04-25,9561.01,13090.72,81.33
2012-04-26,9561.83,13204.62,80.78
2012-04-27,9520.89,13228.31,80.48
2012-04-28,9520.89,13228.31,80.48
2012-04-29,9520.89,13228.31,80.48
2012-04-30,9520.89,13213.63,79.81
2012-05-01,9350.95,13279.32,80.17
2012-05-02,9380.25,13268.57,80.19
2012-05-03,9380.25,13206.59,80.36
2012-05-04,9380.25,13038.27,79.84
2012-05-05,9380.25,13038.27,79.84
2012-05-06,9380.25,13038.27,79.84
2012-05-07,9119.14,13008.53,79.88
2012-05-08,9181.65,12932.09,79.79
2012-05-09,9045.06,12835.06,79.64
2012-05-10,9009.65,12855.04,79.91
2012-05-11,8953.31,12820.6,79.86
2012-05-12,8953.31,12820.6,79.86
2012-05-13,8953.31,12820.6,79.86
2012-05-14,8973.84,12695.35,79.83
2012-05-15,8900.74,12632,80.09
2012-05-16,8801.17,12598.55,80.32
2012-05-17,8876.59,12442.49,79.26
2012-05-18,8611.31,12369.38,79.14
2012-05-19,8611.31,12369.38,79.14
2012-05-20,8611.31,12369.38,79.14
2012-05-21,8633.89,12504.48,79.31
2012-05-22,8729.29,12502.81,79.98
2012-05-23,8556.6,12496.15,79.33
2012-05-24,8563.38,12529.75,79.47
2012-05-25,8580.39,12454.83,79.64
2012-05-26,8580.39,12454.83,79.64
2012-05-27,8580.39,12454.83,79.64
2012-05-28,8593.15,12454.83,79.64
2012-05-29,8657.08,12580.69,79.44
2012-05-30,8633.19,12419.86,78.93
2012-05-31,8542.73,12393.45,78.29
2012-06-01,8440.25,12118.57,78.21
2012-06-02,8440.25,12118.57,78.21
2012-06-03,8440.25,12118.57,78.21
2012-06-04,8295.63,12101.46,78.3
2012-06-05,8382,12127.95,78.57
2012-06-06,8533.53,12414.79,79.11
2012-06-07,8639.72,12460.96,79.67
2012-06-08,8459.26,12554.2,79.47
2012-06-09,8459.26,12554.2,79.47
2012-06-10,8459.26,12554.2,79.47
2012-06-11,8624.9,12411.23,79.5
2012-06-12,8536.72,12573.8,79.44
2012-06-13,8587.84,12496.38,79.35
2012-06-14,8568.89,12651.91,79.29
2012-06-15,8569.32,12767.17,78.65
2012-06-16,8569.32,12767.17,78.65
2012-06-17,8569.32,12767.17,78.65
2012-06-18,8721.02,12741.82,78.95
2012-06-19,8655.87,12837.33,78.92
2012-06-20,8752.31,12824.39,79.54
2012-06-21,8824.07,12573.57,80.18
2012-06-22,8798.35,12640.78,80.52
2012-06-23,8798.35,12640.78,80.52
2012-06-24,8798.35,12640.78,80.52
2012-06-25,8734.62,12502.66,79.5
2012-06-26,8663.99,12534.67,79.46
2012-06-27,8730.49,12627.01,79.83
2012-06-28,8874.11,12602.26,79.35
2012-06-29,9006.78,12880.09,79.81
2012-06-30,9006.78,12880.09,79.81
2012-07-01,9006.78,12880.09,79.81
2012-07-02,9003.48,12871.39,79.42
2012-07-03,9066.59,12943.66,79.77
2012-07-04,9104.17,12943.66,79.77
2012-07-05,9079.8,12896.67,79.95
2012-07-06,9020.75,12772.47,79.61
2012-07-07,9020.75,12772.47,79.61
2012-07-08,9020.75,12772.47,79.61
2012-07-09,8896.88,12736.29,79.66
2012-07-10,8857.73,12653.12,79.44
2012-07-11,8851,12604.53,79.7
2012-07-12,8720.01,12573.27,79.29
2012-07-13,8724.12,12777.09,79.2
2012-07-14,8724.12,12777.09,79.2
2012-07-15,8724.12,12777.09,79.2
2012-07-16,8724.12,12727.21,78.8
2012-07-17,8755,12805.54,79.04
2012-07-18,8726.74,12908.7,78.79
2012-07-19,8795.55,12943.36,78.6
2012-07-20,8669.87,12822.57,78.49
2012-07-21,8669.87,12822.57,78.49
2012-07-22,8669.87,12822.57,78.49
2012-07-23,8508.32,12721.46,78.38
2012-07-24,8488.09,12617.32,78.19
2012-07-25,8365.9,12676.05,78.21
2012-07-26,8443.1,12887.93,78.24
2012-07-27,8566.64,13075.66,78.55
2012-07-28,8566.64,13075.66,78.55
2012-07-29,8566.64,13075.66,78.55
2012-07-30,8635.44,13073.01,78.2
2012-07-31,8695.06,13008.68,78.1
2012-08-01,8641.85,12976.13,78.19
2012-08-02,8653.18,12878.88,78.22
2012-08-03,8555.11,13096.17,78.6
2012-08-04,8555.11,13096.17,78.6
2012-08-05,8555.11,13096.17,78.6
2012-08-06,8726.29,13117.51,78.17
2012-08-07,8803.31,13168.6,78.71
2012-08-08,8881.16,13175.64,78.44
2012-08-09,8978.6,13165.19,78.64
2012-08-10,8891.44,13207.95,78.24
2012-08-11,8891.44,13207.95,78.24
2012-08-12,8891.44,13207.95,78.24
2012-08-13,8885.15,13169.43,78.34
2012-08-14,8929.88,13172.14,78.82
2012-08-15,8925.04,13164.78,78.89
2012-08-16,9092.76,13250.11,79.25
2012-08-17,9162.5,13275.2,79.5
2012-08-18,9162.5,13275.2,79.5
2012-08-19,9162.5,13275.2,79.5
2012-08-20,9171.16,13271.64,79.41
2012-08-21,9156.92,13203.58,79.43
2012-08-22,9131.74,13172.76,79.19
2012-08-23,9178.12,13057.46,78.46
2012-08-24,9070.76,13157.97,78.65
2012-08-25,9070.76,13157.97,78.65
2012-08-26,9070.76,13157.97,78.65
2012-08-27,9085.39,13124.67,78.67
2012-08-28,9033.29,13102.99,78.5
2012-08-29,9069.81,13107.48,78.72
2012-08-30,8983.78,13000.71,78.55
2012-08-31,8839.91,13090.84,78.3
2012-09-01,8839.91,13090.84,78.3
2012-09-02,8839.91,13090.84,78.3
2012-09-03,8783.89,13090.84,78.3
2012-09-04,8775.51,13035.94,78.35
2012-09-05,8679.82,13047.48,78.34
2012-09-06,8680.57,13292,78.96
2012-09-07,8871.65,13306.64,78.14
2012-09-08,8871.65,13306.64,78.14
2012-09-09,8871.65,13306.64,78.14
2012-09-10,8869.37,13254.29,78.24
2012-09-11,8807.38,13323.36,77.78
2012-09-12,8959.96,13333.35,77.86
2012-09-13,8995.15,13539.86,77.41
2012-09-14,9159.39,13593.37,78.22
2012-09-15,9159.39,13593.37,78.22
2012-09-16,9159.39,13593.37,78.22
2012-09-17,9159.39,13553.1,78.68
2012-09-18,9123.77,13564.64,78.59
2012-09-19,9232.21,13577.96,78.4
2012-09-20,9086.98,13596.93,78.3
2012-09-21,9110,13579.47,78.17
2012-09-22,9110,13579.47,78.17
2012-09-23,9110,13579.47,78.17
2012-09-24,9069.29,13558.92,77.9
2012-09-25,9091.54,13457.55,77.91
2012-09-26,8906.7,13413.51,77.78
2012-09-27,8949.87,13485.97,77.62
2012-09-28,8870.16,13437.13,77.92
2012-09-29,8870.16,13437.13,77.92
2012-09-30,8870.16,13437.13,77.92
2012-10-01,8796.51,13515.11,78
2012-10-02,8786.05,13482.36,78.01
2012-10-03,8746.87,13494.61,78.57
2012-10-04,8824.59,13575.36,78.44
2012-10-05,8863.3,13610.15,78.66
2012-10-06,8863.3,13610.15,78.66
2012-10-07,8863.3,13610.15,78.66
2012-10-08,8863.3,13583.65,78.66
2012-10-09,8769.59,13473.53,78.23
2012-10-10,8596.23,13344.97,78.26
2012-10-11,8546.78,13326.39,78.44
2012-10-12,8534.12,13328.85,78.31
2012-10-13,8534.12,13328.85,78.31
2012-10-14,8534.12,13328.85,78.31
2012-10-15,8577.93,13424.23,78.76
2012-10-16,8701.31,13551.78,78.92
2012-10-17,8806.55,13557,78.74
2012-10-18,8982.86,13548.94,79.24
2012-10-19,9002.68,13343.51,79.26
2012-10-20,9002.68,13343.51,79.26
2012-10-21,9002.68,13343.51,79.26
2012-10-22,9010.71,13345.89,79.84
2012-10-23,9014.25,13102.53,79.79
2012-10-24,8954.3,13077.34,79.82
2012-10-25,9055.2,13103.68,80.04
2012-10-26,8933.06,13107.21,79.63
2012-10-27,8933.06,13107.21,79.63
2012-10-28,8933.06,13107.21,79.63
2012-10-29,8929.34,13107.21,79.81
2012-10-30,8841.98,13107.21,79.58
2012-10-31,8928.29,13096.46,79.94
2012-11-01,8946.87,13232.62,80.14
2012-11-02,9051.22,13093.16,80.53
2012-11-03,9051.22,13093.16,80.53
2012-11-04,9051.22,13093.16,80.53
2012-11-05,9007.44,13112.44,80.17
2012-11-06,8975.15,13245.68,80.28
2012-11-07,8972.89,12932.73,79.85
2012-11-08,8837.15,12811.32,79.74
2012-11-09,8757.6,12815.39,79.46
2012-11-10,8757.6,12815.39,79.46
2012-11-11,8757.6,12815.39,79.46
2012-11-12,8676.44,12815.08,79.46
2012-11-13,8661.05,12756.18,79.42
2012-11-14,8664.73,12570.95,80.2
2012-11-15,8829.72,12542.38,81.16
2012-11-16,9024.16,12588.31,81.28
2012-11-17,9024.16,12588.31,81.28
2012-11-18,9024.16,12588.31,81.28
2012-11-19,9153.2,12795.96,81.18
2012-11-20,9142.64,12788.51,81.72
2012-11-21,9222.52,12836.89,82.36
2012-11-22,9366.8,12836.89,82.36
2012-11-23,9366.8,13009.53,82.34
2012-11-24,9366.8,13009.53,82.34
2012-11-25,9366.8,13009.53,82.34
2012-11-26,9388.94,12967.37,82.11
2012-11-27,9423.3,12878.13,82.23
2012-11-28,9308.35,12985.11,81.84
2012-11-29,9400.88,13021.82,82.06
2012-11-30,9446.01,13025.58,82.54
2012-12-01,9446.01,13025.58,82.54
2012-12-02,9446.01,13025.58,82.54
2012-12-03,9458.18,12965.6,82.24
2012-12-04,9432.46,12951.78,81.86
2012-12-05,9468.84,13034.49,82.4
2012-12-06,9545.16,13074.04,82.29
2012-12-07,9527.39,13155.13,82.37
2012-12-08,9527.39,13155.13,82.37
2012-12-09,9527.39,13155.13,82.37
2012-12-10,9533.75,13169.88,82.37
2012-12-11,9525.32,13248.44,82.42
2012-12-12,9581.46,13245.45,83.1
2012-12-13,9742.73,13170.72,83.54
2012-12-14,9737.56,13135.01,83.52
2012-12-15,9737.56,13135.01,83.52
2012-12-16,9737.56,13135.01,83.52
2012-12-17,9828.88,13235.39,83.7
2012-12-18,9923.01,13350.96,84
2012-12-19,10160.4,13251.97,84.32
2012-12-20,10039.33,13311.72,84.33
2012-12-21,9940.06,13190.84,84.1
2012-12-22,9940.06,13190.84,84.1
2012-12-23,9940.06,13190.84,84.1
2012-12-24,9940.06,13138.93,84.81
2012-12-25,10080.12,13138.93,84.81
2012-12-26,10230.36,13114.59,85.62
2012-12-27,10322.98,13096.31,86.06
2012-12-28,10395.18,12938.11,86.12
2012-12-29,10395.18,12938.11,86.12
2012-12-30,10395.18,12938.11,86.12
2012-12-31,10395.18,13104.14,86.64
2013-01-01,10395.18,13104.14,86.64
2013-01-02,10395.18,13412.55,87.1
2013-01-03,10395.18,13391.36,86.92
2013-01-04,10688.11,13435.21,88.14
2013-01-05,10688.11,13435.21,88.14
2013-01-06,10688.11,13435.21,88.14
2013-01-07,10599.01,13384.29,87.68
2013-01-08,10508.06,13328.85,87.31
2013-01-09,10578.57,13390.51,87.9
2013-01-10,10652.64,13471.22,88.16
2013-01-11,10801.57,13488.43,89.22
2013-01-12,10801.57,13488.43,89.22
2013-01-13,10801.57,13488.43,89.22
2013-01-14,10801.57,13507.32,89.34
2013-01-15,10879.08,13534.89,88.65
2013-01-16,10600.44,13511.23,88.64
2013-01-17,10609.64,13596.02,89.41
2013-01-18,10913.3,13649.7,89.9
2013-01-19,10913.3,13649.7,89.9
2013-01-20,10913.3,13649.7,89.9
2013-01-21,10747.74,13649.7,89.9
2013-01-22,10709.93,13712.21,88.62
2013-01-23,10486.99,13779.33,88.44
2013-01-24,10620.87,13825.33,90.04
2013-01-25,10926.65,13895.98,91.04
2013-01-26,10926.65,13895.98,91.04
2013-01-27,10926.65,13895.98,91.04
2013-01-28,10824.31,13881.93,90.73
2013-01-29,10866.72,13954.42,90.65
2013-01-30,11113.95,13910.42,91.05
2013-01-31,11138.66,13860.58,91.28
2013-02-01,11191.34,14009.79,92.54
2013-02-02,11191.34,14009.79,92.54
2013-02-03,11191.34,14009.79,92.54
2013-02-04,11260.35,13880.08,92.57
2013-02-05,11046.92,13979.3,93.34
2013-02-06,11463.75,13986.52,93.56
2013-02-07,11357.07,13944.05,93.24
2013-02-08,11153.16,13992.97,92.72
2013-02-09,11153.16,13992.97,92.72
2013-02-10,11153.16,13992.97,92.72
2013-02-11,11153.16,13971.24,93.44
2013-02-12,11369.12,14018.7,93.14
2013-02-13,11251.41,13982.91,93.39
2013-02-14,11307.28,13973.39,93.1
2013-02-15,11173.83,13981.76,93.64
2013-02-16,11173.83,13981.76,93.64
2013-02-17,11173.83,13981.76,93.64
2013-02-18,11407.87,13981.76,93.64
2013-02-19,11372.34,14035.67,93.54
2013-02-20,11468.28,13927.54,93.53
2013-02-21,11309.13,13880.62,92.96
2013-02-22,11385.94,14000.57,93.35
2013-02-23,11385.94,14000.57,93.35
2013-02-24,11385.94,14000.57,93.35
2013-02-25,11662.52,13784.17,93.35
2013-02-26,11398.81,13900.13,91.38
2013-02-27,11253.97,14075.37,91.88
2013-02-28,11559.36,14054.49,92.36
2013-03-01,11606.38,14089.66,93.38
2013-03-02,11606.38,14089.66,93.38
2013-03-03,11606.38,14089.66,93.38
2013-03-04,11652.29,14127.82,93.32
2013-03-05,11683.45,14253.77,93.39
2013-03-06,11932.27,14296.24,93.64
2013-03-07,11968.08,14329.49,95
2013-03-08,12283.62,14397.07,96
2013-03-09,12283.62,14397.07,96
2013-03-10,12283.62,14397.07,96
2013-03-11,12349.05,14447.29,96.12
2013-03-12,12314.81,14450.06,95.96
2013-03-13,12239.66,14455.28,96
2013-03-14,12381.19,14539.14,96.16
2013-03-15,12560.95,14514.11,95.26
2013-03-16,12560.95,14514.11,95.26
2013-03-17,12560.95,14514.11,95.26
2013-03-18,12220.63,14452.06,94.92
2013-03-19,12468.23,14455.82,94.85
2013-03-20,12468.23,14511.73,95.51
2013-03-21,12635.69,14421.49,95.06
2013-03-22,12338.53,14512.03,94.48
2013-03-23,12338.53,14512.03,94.48
2013-03-24,12338.53,14512.03,94.48
2013-03-25,12546.46,14447.75,94.34
2013-03-26,12471.62,14559.65,94.22
2013-03-27,12493.79,14526.16,94.38
2013-03-28,12335.96,14578.54,94.02
2013-03-29,12397.91,14578.54,94.16
2013-03-30,12397.91,14578.54,94.16
2013-03-31,12397.91,14578.54,94.16
2013-04-01,12135.02,14572.85,93.3
2013-04-02,12003.43,14662.01,93.43
2013-04-03,12362.2,14550.35,92.96
2013-04-04,12634.54,14606.11,96.12
2013-04-05,12833.64,14565.25,96.86
2013-04-06,12833.64,14565.25,96.86
2013-04-07,12833.64,14565.25,96.86
2013-04-08,13192.59,14613.48,98.9
2013-04-09,13192.35,14673.46,99.02
2013-04-10,13288.13,14802.24,99.61
2013-04-11,13549.16,14865.14,99.42
2013-04-12,13485.14,14865.06,98.98
2013-04-13,13485.14,14865.06,98.98
2013-04-14,13485.14,14865.06,98.98
2013-04-15,13275.66,14599.2,98
2013-04-16,13221.44,14756.78,97.86
2013-04-17,13382.89,14618.59,97.74
2013-04-18,13220.07,14537.14,98.22
2013-04-19,13316.48,14547.51,99.28
2013-04-20,13316.48,14547.51,99.28
2013-04-21,13316.48,14547.51,99.28
2013-04-22,13568.37,14567.17,99.29
2013-04-23,13529.65,14719.46,99.43
2013-04-24,13843.46,14676.3,99.39
2013-04-25,13926.08,14700.8,99.42
2013-04-26,13884.13,14712.55,97.84
2013-04-27,13884.13,14712.55,97.84
2013-04-28,13884.13,14712.55,97.84
2013-04-29,13884.13,14818.75,98.09
2013-04-30,13860.86,14839.8,97.52
2013-05-01,13799.35,14700.95,97.28
2013-05-02,13694.04,14831.58,97.96
2013-05-03,13694.04,14973.96,99.1
2013-05-04,13694.04,14973.96,99.1
2013-05-05,13694.04,14973.96,99.1
2013-05-06,13694.04,14968.89,99.35
2013-05-07,14180.24,15056.2,99
2013-05-08,14285.69,15105.12,98.9
2013-05-09,14191.48,15082.62,99.29
2013-05-10,14607.54,15118.49,101.74
2013-05-11,14607.54,15118.49,101.74
2013-05-12,14607.54,15118.49,101.74
2013-05-13,14782.21,15091.68,101.84
2013-05-14,14758.42,15215.25,102.18
2013-05-15,15096.03,15275.69,102.44
2013-05-16,15037.24,15233.22,102.22
2013-05-17,15138.12,15354.4,102.98
2013-05-18,15138.12,15354.4,102.98
2013-05-19,15138.12,15354.4,102.98
2013-05-20,15360.81,15335.28,102.54
2013-05-21,15381.02,15387.58,102.36
2013-05-22,15627.26,15307.17,103.52
2013-05-23,14483.98,15294.5,101.66
2013-05-24,14612.45,15303.1,100.98
2013-05-25,14612.45,15303.1,100.98
2013-05-26,14612.45,15303.1,100.98
2013-05-27,14142.65,15303.1,100.98
2013-05-28,14311.98,15409.39,102.07
2013-05-29,14326.46,15302.8,100.91
2013-05-30,13589.03,15324.53,101.06
2013-05-31,13774.54,15115.57,100.83
2013-06-01,13774.54,15115.57,100.83
2013-06-02,13774.54,15115.57,100.83
2013-06-03,13261.82,15254.03,99.18
2013-06-04,13533.76,15177.54,100.15
2013-06-05,13014.87,14960.59,99.16
2013-06-06,12904.02,15040.62,97.76
2013-06-07,12877.53,15248.12,97.2
2013-06-08,12877.53,15248.12,97.2
2013-06-09,12877.53,15248.12,97.2
2013-06-10,13514.2,15238.59,98.88
2013-06-11,13317.62,15122.02,96.82
2013-06-12,13289.32,14995.23,95.36
2013-06-13,12445.38,15176.08,94.29
2013-06-14,12686.52,15070.18,94.34
2013-06-15,12686.52,15070.18,94.34
2013-06-16,12686.52,15070.18,94.34
2013-06-17,13033.12,15179.85,94.87
2013-06-18,13007.28,15318.23,95.2
2013-06-19,13245.22,15112.19,95.22
2013-06-20,13014.58,14758.32,98.18
2013-06-21,13230.13,14799.4,97.48
2013-06-22,13230.13,14799.4,97.48
2013-06-23,13230.13,14799.4,97.48
2013-06-24,13062.78,14659.56,97.7
2013-06-25,12969.34,14760.31,97.87
2013-06-26,12834.01,14910.14,97.43
2013-06-27,13213.55,15024.49,98.4
2013-06-28,13677.32,14909.6,99.21
2013-06-29,13677.32,14909.6,99.21
2013-06-30,13677.32,14909.6,99.21
2013-07-01,13852.5,14974.96,99.62
2013-07-02,14098.74,14932.41,100.43
2013-07-03,14055.56,14988.37,99.82
2013-07-04,14018.93,14988.37,99.82
2013-07-05,14309.97,15135.84,100.94
2013-07-06,14309.97,15135.84,100.94
2013-07-07,14309.97,15135.84,100.94
2013-07-08,14109.34,15224.69,101.07
2013-07-09,14472.9,15300.34,101.08
2013-07-10,14416.6,15291.66,100.1
2013-07-11,14472.58,15460.92,98.8
2013-07-12,14506.25,15464.3,99.39
2013-07-13,14506.25,15464.3,99.39
2013-07-14,14506.25,15464.3,99.39
2013-07-15,14506.25,15484.26,100.04
2013-07-16,14599.12,15451.85,99.37
2013-07-17,14615.04,15470.52,99.7
2013-07-18,14808.5,15548.54,100.6
2013-07-19,14589.91,15543.74,100.3
2013-07-20,14589.91,15543.74,100.3
2013-07-21,14589.91,15543.74,100.3
2013-07-22,14658.04,15545.55,99.6
2013-07-23,14778.51,15567.74,99.76
2013-07-24,14731.28,15542.24,100.21
2013-07-25,14562.93,15555.61,99.56
2013-07-26,14129.98,15558.83,98.24
2013-07-27,14129.98,15558.83,98.24
2013-07-28,14129.98,15558.83,98.24
2013-07-29,13661.13,15521.97,97.8
2013-07-30,13869.82,15520.59,98.02
2013-07-31,13668.32,15499.54,98.35
2013-08-01,14005.77,15628.02,99.3
2013-08-02,14466.16,15658.36,99.04
2013-08-03,14466.16,15658.36,99.04
2013-08-04,14466.16,15658.36,99.04
2013-08-05,14258.04,15612.13,98.54
2013-08-06,14401.06,15518.74,97.85
2013-08-07,13824.94,15470.67,96.72
2013-08-08,13605.56,15498.32,96.03
2013-08-09,13615.19,15425.51,96.24
2013-08-10,13615.19,15425.51,96.24
2013-08-11,13615.19,15425.51,96.24
2013-08-12,13519.43,15419.68,96.44
2013-08-13,13867,15451.01,98.06
2013-08-14,14050.16,15337.66,98.15
2013-08-15,13752.94,15112.19,97.81
2013-08-16,13650.11,15081.47,97.6
2013-08-17,13650.11,15081.47,97.6
2013-08-18,13650.11,15081.47,97.6
2013-08-19,13758.13,15010.74,97.94
2013-08-20,13396.38,15002.99,97.12
2013-08-21,13424.33,14897.55,97.66
2013-08-22,13365.17,14963.74,98.53
2013-08-23,13660.55,15010.51,98.57
2013-08-24,13660.55,15010.51,98.57
2013-08-25,13660.55,15010.51,98.57
2013-08-26,13636.28,14946.46,98.64
2013-08-27,13542.37,14776.13,97.3
2013-08-28,13338.46,14824.51,97.65
2013-08-29,13459.71,14840.95,98.46
2013-08-30,13388.86,14810.31,98.22
2013-08-31,13388.86,14810.31,98.22
2013-09-01,13388.86,14810.31,98.22
2013-09-02,13572.92,14810.31,98.22
2013-09-03,13978.44,14833.96,99.43
2013-09-04,14053.87,14930.87,99.61
2013-09-05,14064.82,14937.48,100.08
2013-09-06,13860.81,14922.5,99.04
2013-09-07,13860.81,14922.5,99.04
2013-09-08,13860.81,14922.5,99.04
2013-09-09,14205.23,15063.12,99.55
2013-09-10,14423.36,15191.06,100.22
2013-09-11,14425.07,15326.6,100.08
2013-09-12,14387.27,15300.64,99.24
2013-09-13,14404.67,15376.06,99.38
2013-09-14,14404.67,15376.06,99.38
2013-09-15,14404.67,15376.06,99.38
2013-09-16,14404.67,15494.78,98.98
2013-09-17,14311.67,15529.73,99.16
2013-09-18,14505.36,15676.94,99.04
2013-09-19,14766.18,15636.55,99.33
2013-09-20,14742.42,15451.09,99.38
2013-09-21,14742.42,15451.09,99.38
2013-09-22,14742.42,15451.09,99.38
2013-09-23,14742.42,15401.38,98.76
2013-09-24,14732.61,15334.59,98.76
2013-09-25,14620.53,15273.26,98.62
2013-09-26,14799.12,15328.3,98.95
2013-09-27,14760.07,15258.24,98.3
2013-09-28,14760.07,15258.24,98.3
2013-09-29,14760.07,15258.24,98.3
2013-09-30,14455.8,15129.67,98.29
2013-10-01,14484.72,15191.7,98.05
2013-10-02,14170.49,15133.14,97.36
2013-10-03,14157.25,14996.48,97.08
2013-10-04,14024.31,15072.58,97.2
2013-10-05,14024.31,15072.58,97.2
2013-10-06,14024.31,15072.58,97.2
2013-10-07,13853.32,14936.24,97.02
2013-10-08,13894.61,14776.53,96.94
2013-10-09,14037.84,14802.98,97.23
2013-10-10,14194.71,15126.07,98.09
2013-10-11,14404.74,15237.11,98.42
2013-10-12,14404.74,15237.11,98.42
2013-10-13,14404.74,15237.11,98.42
2013-10-14,14404.74,15301.26,98.42
2013-10-15,14441.54,15168.01,98.58
2013-10-16,14467.14,15373.83,98.9
2013-10-17,14586.51,15371.65,97.85
2013-10-18,14561.54,15399.65,97.77
2013-10-19,14561.54,15399.65,97.77
2013-10-20,14561.54,15399.65,97.77
2013-10-21,14693.57,15392.2,98.14
2013-10-22,14713.25,15467.66,98.18
2013-10-23,14426.05,15413.33,97.28
2013-10-24,14486.41,15509.21,97.36
2013-10-25,14088.19,15570.28,97.46
2013-10-26,14088.19,15570.28,97.46
2013-10-27,14088.19,15570.28,97.46
2013-10-28,14396.04,15568.93,97.7
2013-10-29,14325.98,15680.35,98.09
2013-10-30,14502.35,15618.76,98.14
2013-10-31,14327.94,15545.75,98.1
2013-11-01,14201.57,15615.55,98.78
2013-11-02,14201.57,15615.55,98.78
2013-11-03,14201.57,15615.55,98.78
2013-11-04,14201.57,15639.12,98.62
2013-11-05,14225.37,15618.22,98.6
2013-11-06,14337.31,15746.88,98.6
2013-11-07,14228.44,15593.98,98.56
2013-11-08,14086.8,15761.78,99.03
2013-11-09,14086.8,15761.78,99.03
2013-11-10,14086.8,15761.78,99.03
2013-11-11,14269.84,15783.1,99.03
2013-11-12,14588.68,15750.67,99.65
2013-11-13,14567.16,15821.63,99.31
2013-11-14,14876.41,15876.22,99.93
2013-11-15,15165.92,15961.7,100.17
2013-11-16,15165.92,15961.7,100.17
2013-11-17,15165.92,15961.7,100.17
2013-11-18,15164.3,15976.02,100.04
2013-11-19,15126.56,15967.03,100.14
2013-11-20,15076.08,15900.82,100.02
2013-11-21,15365.6,16009.99,100.95
2013-11-22,15381.72,16064.77,101.29
2013-11-23,15381.72,16064.77,101.29
2013-11-24,15381.72,16064.77,101.29
2013-11-25,15619.13,16072.54,101.7
2013-11-26,15515.24,16072.8,101.38
2013-11-27,15449.63,16097.33,102.18
2013-11-28,15727.12,16097.33,102.18
2013-11-29,15661.87,16086.41,102.45
2013-11-30,15661.87,16086.41,102.45
2013-12-01,15661.87,16086.41,102.45
2013-12-02,15655.07,16008.77,103.04
2013-12-03,15749.66,15914.62,102.36
2013-12-04,15407.94,15889.77,102.48
2013-12-05,15177.49,15821.51,101.82
2013-12-06,15299.86,16020.2,102.88
2013-12-07,15299.86,16020.2,102.88
2013-12-08,15299.86,16020.2,102.88
2013-12-09,15650.21,16025.53,103.22
2013-12-10,15611.31,15973.13,102.8
2013-12-11,15515.06,15843.53,102.38
2013-12-12,15341.82,15739.43,103.11
2013-12-13,15403.11,15755.36,103.28
2013-12-14,15403.11,15755.36,103.28
2013-12-15,15403.11,15755.36,103.28
2013-12-16,15152.91,15884.57,102.91
2013-12-17,15278.63,15875.26,102.63
2013-12-18,15587.8,16167.97,103.18
2013-12-19,15859.22,16179.08,104.16
2013-12-20,15870.42,16221.14,104.07
2013-12-21,15870.42,16221.14,104.07
2013-12-22,15870.42,16221.14,104.07
2013-12-23,15870.42,16294.61,104.06
2013-12-24,15889.33,16357.55,104.26
2013-12-25,16009.99,16357.55,104.26
2013-12-26,16174.44,16479.88,104.72
2013-12-27,16178.94,16478.41,105.05
2013-12-28,16178.94,16478.41,105.05
2013-12-29,16178.94,16478.41,105.05
2013-12-30,16291.31,16504.29,105
2013-12-31,16291.31,16576.66,105.25
2014-01-01,16291.31,16576.66,105.25
2014-01-02,16291.31,16441.35,104.84
2014-01-03,16291.31,16469.99,104.46
2014-01-04,16291.31,16469.99,104.46
2014-01-05,16291.31,16469.99,104.46
2014-01-06,15908.88,16425.1,104.38
2014-01-07,15814.37,16530.94,104.54
2014-01-08,16121.45,16462.74,104.87
2014-01-09,15880.33,16444.76,104.74
2014-01-10,15912.06,16437.05,104.06
2014-01-11,15912.06,16437.05,104.06
2014-01-12,15912.06,16437.05,104.06
2014-01-13,15912.06,16257.94,103.31
2014-01-14,15422.4,16373.86,103.8
2014-01-15,15808.73,16481.94,104.42
2014-01-16,15747.2,16417.01,104.32
2014-01-17,15734.46,16458.56,104.32
2014-01-18,15734.46,16458.56,104.32
2014-01-19,15734.46,16458.56,104.32
2014-01-20,15641.68,16458.56,104.32
2014-01-21,15795.96,16414.44,104.14
2014-01-22,15820.96,16373.34,104.36
2014-01-23,15695.89,16197.35,103.65
2014-01-24,15391.56,15879.11,102.41
2014-01-25,15391.56,15879.11,102.41
2014-01-26,15391.56,15879.11,102.41
2014-01-27,15005.73,15837.88,102.26
2014-01-28,14980.16,15928.56,102.8
2014-01-29,15383.91,15738.79,102.2
2014-01-30,15007.06,15848.61,102.83
2014-01-31,14914.53,15698.85,102.28
2014-02-01,14914.53,15698.85,102.28
2014-02-02,14914.53,15698.85,102.28
2014-02-03,14619.13,15372.8,101.11
2014-02-04,14008.47,15445.24,101.62
2014-02-05,14180.38,15440.23,101.38
2014-02-06,14155.12,15628.53,101.84
2014-02-07,14462.41,15794.08,102.32
2014-02-08,14462.41,15794.08,102.32
2014-02-09,14462.41,15794.08,102.32
2014-02-10,14718.34,15801.79,102.14
2014-02-11,14718.34,15994.77,102.63
2014-02-12,14800.06,15963.94,102.48
2014-02-13,14534.74,16027.59,102.2
2014-02-14,14313.03,16154.39,101.82
2014-02-15,14313.03,16154.39,101.82
2014-02-16,14313.03,16154.39,101.82
2014-02-17,14393.11,16154.39,101.82
2014-02-18,14843.24,16130.4,102.31
2014-02-19,14766.53,16040.56,102.3
2014-02-20,14449.18,16133.23,102.32
2014-02-21,14865.67,16103.3,102.71
2014-02-22,14865.67,16103.3,102.71
2014-02-23,14865.67,16103.3,102.71
2014-02-24,14837.68,16207.14,102.44
2014-02-25,15051.6,16179.66,102.2
2014-02-26,14970.97,16198.41,102.36
2014-02-27,14923.11,16272.65,102.12
2014-02-28,14841.07,16321.71,102.08
2014-03-01,14841.07,16321.71,102.08
2014-03-02,14841.07,16321.71,102.08
2014-03-03,14652.23,16168.03,101.36
2014-03-04,14721.48,16395.88,102.18
2014-03-05,14897.63,16360.18,102.32
2014-03-06,15134.75,16421.89,103.03
2014-03-07,15274.07,16452.72,103.38
2014-03-08,15274.07,16452.72,103.38
2014-03-09,15274.07,16452.72,103.38
2014-03-10,15120.14,16418.68,103.23
2014-03-11,15224.11,16351.25,103.18
2014-03-12,14830.39,16340.08,102.74
2014-03-13,14815.98,16108.89,102.12
2014-03-14,14327.66,16065.67,101.46
2014-03-15,14327.66,16065.67,101.46
2014-03-16,14327.66,16065.67,101.46
2014-03-17,14277.67,16247.22,101.62
2014-03-18,14411.27,16336.19,101.37
2014-03-19,14462.52,16222.17,101.54
2014-03-20,14224.23,16331.05,102.39
2014-03-21,14224.23,16302.77,102.38
2014-03-22,14224.23,16302.77,102.38
2014-03-23,14224.23,16302.77,102.38
2014-03-24,14475.3,16276.69,102.21
2014-03-25,14423.19,16367.88,102.32
2014-03-26,14477.16,16268.99,102.3
2014-03-27,14622.89,16264.23,102.1
2014-03-28,14696.03,16323.06,102.92
2014-03-29,14696.03,16323.06,102.92
2014-03-30,14696.03,16323.06,102.92
2014-03-31,14827.83,16457.66,102.98
2014-04-01,14791.99,16532.61,103.52
2014-04-02,14946.32,16573,103.82
2014-04-03,15071.88,16572.55,103.94
2014-04-04,15063.77,16412.71,103.39
2014-04-05,15063.77,16412.71,103.39
2014-04-06,15063.77,16412.71,103.39
2014-04-07,14808.85,16245.87,103.04
2014-04-08,14606.88,16256.14,102.12
2014-04-09,14299.69,16437.18,101.85
2014-04-10,14300.12,16170.22,101.43
2014-04-11,13960.05,16026.75,101.56
2014-04-12,13960.05,16026.75,101.56
2014-04-13,13960.05,16026.75,101.56
2014-04-14,13910.16,16173.24,101.81
2014-04-15,13996.81,16262.56,101.6
2014-04-16,14417.68,16424.85,102.3
2014-04-17,14417.53,16408.54,102.22
2014-04-18,14516.27,16408.54,102.43
2014-04-19,14516.27,16408.54,102.43
2014-04-20,14516.27,16408.54,102.43
2014-04-21,14512.38,16449.25,102.56
2014-04-22,14388.77,16514.37,102.6
2014-04-23,14546.27,16501.65,102.26
2014-04-24,14404.99,16501.65,102.34
2014-04-25,14429.26,16361.46,102.12
2014-04-26,14429.26,16361.46,102.12
2014-04-27,14429.26,16361.46,102.12
2014-04-28,14288.23,16448.74,102.46
2014-04-29,14288.23,16535.37,102.57
2014-04-30,14304.11,16580.84,102.14
2014-05-01,14485.13,16558.87,102.3
2014-05-02,14457.51,16512.89,102.34
2014-05-03,14457.51,16512.89,102.34
2014-05-04,14457.51,16512.89,102.34
2014-05-05,14457.51,16530.55,102.06
2014-05-06,14457.51,16401.02,101.57
2014-05-07,14033.45,16518.54,101.72
2014-05-08,14163.78,16550.97,101.66
2014-05-09,14199.59,16583.34,101.74
2014-05-10,14199.59,16583.34,101.74
2014-05-11,14199.59,16583.34,101.74
2014-05-12,14149.52,16695.47,102.1
2014-05-13,14425.44,16715.44,102.2
2014-05-14,14405.76,16613.97,101.75
2014-05-15,14298.21,16446.81,101.44
2014-05-16,14096.59,16491.31,101.5
2014-05-17,14096.59,16491.31,101.5
2014-05-18,14096.59,16491.31,101.5
2014-05-19,14006.44,16511.86,101.26
2014-05-20,14075.25,16374.31,101.26
2014-05-21,14042.17,16533.06,101.44
2014-05-22,14337.79,16543.08,101.76
2014-05-23,14462.17,16606.27,101.88
2014-05-24,14462.17,16606.27,101.88
2014-05-25,14462.17,16606.27,101.88
2014-05-26,14602.52,16606.27,101.88
2014-05-27,14636.52,16675.5,102.14
2014-05-28,14670.95,16633.18,101.78
2014-05-29,14681.72,16698.74,101.58
2014-05-30,14632.38,16717.17,101.77
2014-05-31,14632.38,16717.17,101.77
2014-06-01,14632.38,16717.17,101.77
2014-06-02,14935.92,16743.63,102.3
2014-06-03,15034.25,16722.34,102.42
2014-06-04,15067.96,16737.53,102.69
2014-06-05,15079.37,16836.11,102.44
2014-06-06,15077.24,16924.28,102.5
2014-06-07,15077.24,16924.28,102.5
2014-06-08,15077.24,16924.28,102.5
2014-06-09,15124,16943.1,102.52
2014-06-10,14994.8,16945.92,102.37
2014-06-11,15069.48,16843.88,101.94
2014-06-12,14973.53,16734.19,101.83
2014-06-13,15097.84,16775.74,102.06
2014-06-14,15097.84,16775.74,102.06
2014-06-15,15097.84,16775.74,102.06
2014-06-16,14933.29,16781.01,101.82
2014-06-17,14975.97,16808.49,102.18
2014-06-18,15115.8,16906.62,102.16
2014-06-19,15361.16,16921.46,101.84
2014-06-20,15349.42,16947.08,102.14
2014-06-21,15349.42,16947.08,102.14
2014-06-22,15349.42,16947.08,102.14
2014-06-23,15369.28,16937.26,101.9
2014-06-24,15376.24,16818.13,102.13
2014-06-25,15266.61,16867.51,101.75
2014-06-26,15308.49,16846.13,101.66
2014-06-27,15095,16851.84,101.39
2014-06-28,15095,16851.84,101.39
2014-06-29,15095,16851.84,101.39
2014-06-30,15162.1,16826.6,101.28
2014-07-01,15326.2,16956.07,101.51
2014-07-02,15369.97,16976.24,101.76
2014-07-03,15348.29,17068.26,102.19
2014-07-04,15437.13,17068.26,102.19
2014-07-05,15437.13,17068.26,102.19
2014-07-06,15437.13,17068.26,102.19
2014-07-07,15379.44,17024.21,101.84
2014-07-08,15314.41,16906.62,101.53
2014-07-09,15302.65,16985.61,101.7
2014-07-10,15216.47,16915.07,101.26
2014-07-11,15164.04,16943.81,101.33
2014-07-12,15164.04,16943.81,101.33
2014-07-13,15164.04,16943.81,101.33
2014-07-14,15296.82,17055.42,101.58
2014-07-15,15395.16,17060.68,101.62
2014-07-16,15379.3,17138.2,101.69
2014-07-17,15370.26,16976.81,101.3
2014-07-18,15215.71,17100.18,101.37
2014-07-19,15215.71,17100.18,101.37
2014-07-20,15215.71,17100.18,101.37
2014-07-21,15215.71,17051.73,101.34
2014-07-22,15343.28,17113.54,101.54
2014-07-23,15328.56,17086.63,101.5
2014-07-24,15284.42,17083.8,101.82
2014-07-25,15457.87,16960.57,101.81
2014-07-26,15457.87,16960.57,101.81
2014-07-27,15457.87,16960.57,101.81
2014-07-28,15529.4,16982.59,101.82
2014-07-29,15618.07,16912.11,102.12
2014-07-30,15646.23,16880.36,102.9
2014-07-31,15620.77,16563.3,102.75
2014-08-01,15523.11,16493.37,102.45
2014-08-02,15523.11,16493.37,102.45
2014-08-03,15523.11,16493.37,102.45
2014-08-04,15474.5,16569.28,102.47
2014-08-05,15320.31,16429.47,102.77
2014-08-06,15159.79,16443.34,102.34
2014-08-07,15232.37,16368.27,102.06
2014-08-08,14778.37,16553.93,101.91
2014-08-09,14778.37,16553.93,101.91
2014-08-10,14778.37,16553.93,101.91
2014-08-11,15130.52,16569.98,102.14
2014-08-12,15161.31,16560.54,102.22
2014-08-13,15213.63,16651.8,102.48
2014-08-14,15314.57,16713.58,102.44
2014-08-15,15318.34,16662.91,102.19
2014-08-16,15318.34,16662.91,102.19
2014-08-17,15318.34,16662.91,102.19
2014-08-18,15322.6,16838.74,102.54
2014-08-19,15449.79,16919.59,102.86
2014-08-20,15454.45,16979.13,103.36
2014-08-21,15586.2,17039.49,103.78
2014-08-22,15539.19,17001.22,103.97
2014-08-23,15539.19,17001.22,103.97
2014-08-24,15539.19,17001.22,103.97
2014-08-25,15613.25,17076.87,103.96
2014-08-26,15521.22,17106.7,104.12
2014-08-27,15534.82,17122.01,103.98
2014-08-28,15459.86,17079.57,103.78
2014-08-29,15424.59,17098.45,104
2014-08-30,15424.59,17098.45,104
2014-08-31,15424.59,17098.45,104
2014-09-01,15476.6,17098.45,104
2014-09-02,15668.6,17067.56,105.1
2014-09-03,15728.35,17078.28,104.88
2014-09-04,15676.18,17069.58,105.22
2014-09-05,15668.68,17137.36,104.94
2014-09-06,15668.68,17137.36,104.94
2014-09-07,15668.68,17137.36,104.94
2014-09-08,15705.11,17111.42,105.65
2014-09-09,15749.15,17013.87,106.32
2014-09-10,15788.78,17068.71,106.76
2014-09-11,15909.2,17049,106.87
2014-09-12,15948.29,16987.51,107.24
2014-09-13,15948.29,16987.51,107.24
2014-09-14,15948.29,16987.51,107.24
2014-09-15,15948.29,17031.14,107.18
2014-09-16,15911.53,17131.97,106.91
2014-09-17,15888.67,17156.85,107.58
2014-09-18,16067.57,17265.99,108.69
2014-09-19,16321.17,17279.74,108.96
2014-09-20,16321.17,17279.74,108.96
2014-09-21,16321.17,17279.74,108.96
2014-09-22,16205.9,17172.68,108.88
2014-09-23,16205.9,17055.87,108.82
2014-09-24,16167.45,17210.06,108.92
2014-09-25,16374.14,16945.8,108.7
2014-09-26,16229.86,17113.15,109.32
2014-09-27,16229.86,17113.15,109.32
2014-09-28,16229.86,17113.15,109.32
2014-09-29,16310.64,17071.22,109.34
2014-09-30,16173.52,17042.9,109.66
2014-10-01,16082.25,16804.71,109.3
2014-10-02,15661.99,16801.05,108.1
2014-10-03,15708.65,17009.69,109.7
2014-10-04,15708.65,17009.69,109.7
2014-10-05,15708.65,17009.69,109.7
2014-10-06,15890.95,16991.91,109.08
2014-10-07,15783.83,16719.39,108.3
2014-10-08,15595.98,16994.22,108.41
2014-10-09,15478.93,16659.25,108
2014-10-10,15300.55,16544.1,107.83
2014-10-11,15300.55,16544.1,107.83
2014-10-12,15300.55,16544.1,107.83
2014-10-13,15300.55,16321.07,107.83
2014-10-14,14936.51,16315.19,107.15
2014-10-15,15073.52,16141.74,106.06
2014-10-16,14738.38,16117.24,105.98
2014-10-17,14532.51,16380.41,106.72
2014-10-18,14532.51,16380.41,106.72
2014-10-19,14532.51,16380.41,106.72
2014-10-20,15111.23,16399.67,106.87
2014-10-21,14804.28,16614.81,106.7
2014-10-22,15195.77,16461.32,107.32
2014-10-23,15138.96,16677.9,108.16
2014-10-24,15291.64,16805.41,108.06
2014-10-25,15291.64,16805.41,108.06
2014-10-26,15291.64,16805.41,108.06
2014-10-27,15388.72,16817.94,107.71
2014-10-28,15329.91,17005.75,108
2014-10-29,15553.91,16974.31,108.1
2014-10-30,15658.2,17195.42,108.94
2014-10-31,16413.76,17390.52,112.09
2014-11-01,16413.76,17390.52,112.09
2014-11-02,16413.76,17390.52,112.09
2014-11-03,16413.76,17366.24,113.92
2014-11-04,16862.47,17383.84,113.44
2014-11-05,16937.32,17484.53,114.62
2014-11-06,16792.48,17554.47,114.87
2014-11-07,16880.38,17573.93,114.73
2014-11-08,16880.38,17573.93,114.73
2014-11-09,16880.38,17573.93,114.73
2014-11-10,16780.53,17613.74,114.78
2014-11-11,17124.11,17614.9,114.78
2014-11-12,17197.05,17612.2,115.42
2014-11-13,17392.79,17652.79,115.63
2014-11-14,17490.83,17634.74,116.52
2014-11-15,17490.83,17634.74,116.52
2014-11-16,17490.83,17634.74,116.52
2014-11-17,16973.8,17647.75,116.44
2014-11-18,17344.06,17687.82,116.76
2014-11-19,17288.75,17685.73,117.7
2014-11-20,17300.86,17719,118.14
2014-11-21,17357.51,17810.06,117.74
2014-11-22,17357.51,17810.06,117.74
2014-11-23,17357.51,17810.06,117.74
2014-11-24,17357.51,17817.9,118.39
2014-11-25,17407.62,17814.94,117.99
2014-11-26,17383.58,17827.75,117.6
2014-11-27,17248.5,17827.75,117.6
2014-11-28,17459.85,17828.24,118.7
2014-11-29,17459.85,17828.24,118.7
2014-11-30,17459.85,17828.24,118.7
2014-12-01,17590.1,17776.8,118.14
2014-12-02,17663.22,17879.55,119.1
2014-12-03,17720.43,17912.62,119.82
2014-12-04,17887.21,17900.1,119.67
2014-12-05,17920.45,17958.79,121.38
2014-12-06,17920.45,17958.79,121.38
2014-12-07,17920.45,17958.79,121.38
2014-12-08,17935.64,17852.48,120.89
2014-12-09,17813.38,17801.2,118.87
2014-12-10,17412.58,17533.15,118.5
2014-12-11,17257.4,17596.34,119.4
2014-12-12,17371.58,17280.83,118.22
2014-12-13,17371.58,17280.83,118.22
2014-12-14,17371.58,17280.83,118.22
2014-12-15,17099.4,17180.84,117.75
2014-12-16,16755.32,17068.87,117.28
2014-12-17,16819.73,17356.87,117.64
2014-12-18,17210.05,17778.15,118.84
2014-12-19,17621.4,17804.8,119.56
2014-12-20,17621.4,17804.8,119.56
2014-12-21,17621.4,17804.8,119.56
2014-12-22,17635.14,17959.44,119.84
2014-12-23,17635.14,18024.17,120.68
2014-12-24,17854.23,18030.21,120.45
2014-12-25,17808.75,18030.21,120.45
2014-12-26,17818.96,18053.71,120.45
2014-12-27,17818.96,18053.71,120.45
2014-12-28,17818.96,18053.71,120.45
2014-12-29,17729.84,18038.23,120.57
2014-12-30,17450.77,17983.07,119.34
2014-12-31,17450.77,17823.07,119.85
2015-01-01,17450.77,17823.07,119.85
2015-01-02,17450.77,17832.99,120.2
2015-01-03,17450.77,17832.99,120.2
2015-01-04,17450.77,17832.99,120.2
2015-01-05,17408.71,17501.65,119.64
2015-01-06,16883.19,17371.64,118.26
2015-01-07,16885.33,17584.52,119.52
2015-01-08,17167.1,17907.87,119.51
2015-01-09,17197.73,17737.37,118.66
2015-01-10,17197.73,17737.37,118.66
2015-01-11,17197.73,17737.37,118.66
2015-01-12,17197.73,17640.84,118.32
2015-01-13,17087.71,17613.68,118.16
2015-01-14,16795.96,17427.09,116.78
2015-01-15,17108.7,17320.71,116.95
2015-01-16,16864.16,17511.57,117.45
2015-01-17,16864.16,17511.57,117.45
2015-01-18,16864.16,17511.57,117.45
2015-01-19,17014.29,17511.57,117.45
2015-01-20,17366.3,17515.23,118.48
2015-01-21,17280.48,17554.28,117.86
2015-01-22,17329.02,17813.98,117.92
2015-01-23,17511.75,17672.6,117.8
2015-01-24,17511.75,17672.6,117.8
2015-01-25,17511.75,17672.6,117.8
2015-01-26,17468.52,17678.7,118.38
2015-01-27,17768.3,17387.21,117.62
2015-01-28,17795.73,17191.37,117.74
2015-01-29,17606.22,17416.85,118.31
2015-01-30,17674.39,17164.95,117.44
2015-01-31,17674.39,17164.95,117.44
2015-02-01,17674.39,17164.95,117.44
2015-02-02,17558.04,17361.04,117.33
2015-02-03,17335.85,17666.4,117.48
2015-02-04,17678.74,17673.02,117.58
2015-02-05,17504.62,17884.88,117.4
2015-02-06,17648.5,17824.29,119.16
2015-02-07,17648.5,17824.29,119.16
2015-02-08,17648.5,17824.29,119.16
2015-02-09,17711.93,17729.21,118.7
2015-02-10,17652.68,17868.76,119.32
2015-02-11,17652.68,17862.14,120.38
2015-02-12,17979.72,17972.38,118.72
2015-02-13,17913.36,18019.35,118.7
2015-02-14,17913.36,18019.35,118.7
2015-02-15,17913.36,18019.35,118.7
2015-02-16,18004.77,18019.35,118.7
2015-02-17,17987.09,18047.58,118.99
2015-02-18,18199.17,18029.85,119.19
2015-02-19,18264.79,17985.77,118.84
2015-02-20,18332.3,18140.44,118.68
2015-02-21,18332.3,18140.44,118.68
2015-02-22,18332.3,18140.44,118.68
2015-02-23,18466.92,18116.84,118.88
2015-02-24,18603.48,18209.19,119.13
2015-02-25,18585.2,18224.57,118.88
2015-02-26,18785.79,18214.42,119.36
2015-02-27,18797.94,18132.7,119.72
2015-02-28,18797.94,18132.7,119.72
2015-03-01,18797.94,18132.7,119.72
2015-03-02,18826.88,18288.63,120.06
2015-03-03,18815.16,18203.37,119.47
2015-03-04,18703.6,18096.9,119.76
2015-03-05,18751.84,18135.72,120.22
2015-03-06,18971,17856.78,120.93
2015-03-07,18971,17856.78,120.93
2015-03-08,18971,17856.78,120.93
2015-03-09,18790.55,17995.72,121.17
2015-03-10,18665.11,17662.94,121.2
2015-03-11,18723.52,17635.39,121.5
2015-03-12,18991.11,17895.22,121.28
2015-03-13,19254.25,17749.31,121.17
2015-03-14,19254.25,17749.31,121.17
2015-03-15,19254.25,17749.31,121.17
2015-03-16,19246.06,17977.42,121.3
2015-03-17,19437,17849.08,121.28
2015-03-18,19544.48,18076.19,120.92
2015-03-19,19476.56,17959.03,120.9
2015-03-20,19560.22,18127.65,120.28
2015-03-21,19560.22,18127.65,120.28
2015-03-22,19560.22,18127.65,120.28
2015-03-23,19754.36,18116.04,119.74
2015-03-24,19713.45,18011.14,119.9
2015-03-25,19746.2,17718.54,119.37
2015-03-26,19471.12,17678.23,119.01
2015-03-27,19285.63,17712.66,119.15
2015-03-28,19285.63,17712.66,119.15
2015-03-29,19285.63,17712.66,119.15
2015-03-30,19411.4,17976.31,120.11
2015-03-31,19206.99,17776.12,119.96
2015-04-01,19034.84,17698.18,119.62
2015-04-02,19312.79,17763.24,119.74
2015-04-03,19435.08,17763.24,118.96
2015-04-04,19435.08,17763.24,118.96
2015-04-05,19435.08,17763.24,118.96
2015-04-06,19397.98,17880.85,119.05
2015-04-07,19640.54,17875.42,120.36
2015-04-08,19789.81,17902.51,119.96
2015-04-09,19937.72,17958.73,120.32
2015-04-10,19907.63,18057.65,120.29
2015-04-11,19907.63,18057.65,120.29
2015-04-12,19907.63,18057.65,120.29
2015-04-13,19905.46,17977.04,120.32
2015-04-14,19908.68,18036.7,119.26
2015-04-15,19869.76,18112.61,119.23
2015-04-16,19885.77,18105.77,119.18
2015-04-17,19652.88,17826.3,119.02
2015-04-18,19652.88,17826.3,119.02
2015-04-19,19652.88,17826.3,119.02
2015-04-20,19634.49,18034.93,119.27
2015-04-21,19909.09,17949.59,119.45
2015-04-22,20133.9,18038.27,119.9
2015-04-23,20187.65,18058.69,119.69
2015-04-24,20020.04,18080.14,118.98
2015-04-25,20020.04,18080.14,118.98
2015-04-26,20020.04,18080.14,118.98
2015-04-27,19983.32,18037.97,119.12
2015-04-28,20058.95,18110.14,118.8
2015-04-29,20058.95,18035.53,118.83
2015-04-30,19520.01,17840.52,119.86
2015-05-01,19531.63,18024.06,120.21
2015-05-02,19531.63,18024.06,120.21
2015-05-03,19531.63,18024.06,120.21
2015-05-04,19531.63,18070.4,120.25
2015-05-05,19531.63,17928.2,119.87
2015-05-06,19531.63,17841.98,119.42
2015-05-07,19291.99,17924.06,119.74
2015-05-08,19379.19,18191.11,119.78
2015-05-09,19379.19,18191.11,119.78
2015-05-10,19379.19,18191.11,119.78
2015-05-11,19620.91,18105.17,120.05
2015-05-12,19624.84,18068.23,119.8
2015-05-13,19764.72,18060.49,119.09
2015-05-14,19570.24,18252.24,119.2
2015-05-15,19732.92,18272.56,119.36
2015-05-16,19732.92,18272.56,119.36
2015-05-17,19732.92,18272.56,119.36
2015-05-18,19890.27,18298.88,119.82
2015-05-19,20026.38,18312.39,120.58
2015-05-20,20196.56,18285.4,121.28
2015-05-21,20202.87,18285.74,121.06
2015-05-22,20264.41,18232.02,121.45
2015-05-23,20264.41,18232.02,121.45
2015-05-24,20264.41,18232.02,121.45
2015-05-25,20413.77,18232.02,121.45
2015-05-26,20437.48,18041.54,123.08
2015-05-27,20472.58,18162.99,123.76
2015-05-28,20551.46,18126.12,124.18
2015-05-29,20563.15,18010.68,123.98
2015-05-30,20563.15,18010.68,123.98
2015-05-31,20563.15,18010.68,123.98
2015-06-01,20569.87,18040.37,124.64
2015-06-02,20543.19,18011.94,124.19
2015-06-03,20473.51,18076.27,124.06
2015-06-04,20488.19,17905.58,124.56
2015-06-05,20460.9,17849.46,125.58
2015-06-06,20460.9,17849.46,125.58
2015-06-07,20460.9,17849.46,125.58
2015-06-08,20457.19,17766.55,125.08
2015-06-09,20096.3,17764.04,124.16
2015-06-10,20046.36,18000.4,122.72
2015-06-11,20382.97,18039.37,123.62
2015-06-12,20407.08,17898.84,123.23
2015-06-13,20407.08,17898.84,123.23
2015-06-14,20407.08,17898.84,123.23
2015-06-15,20387.79,17791.17,123.38
2015-06-16,20257.94,17904.48,123.39
2015-06-17,20219.27,17935.74,124.25
2015-06-18,19990.82,18115.84,122.87
2015-06-19,20174.24,18015.95,122.7
2015-06-20,20174.24,18015.95,122.7
2015-06-21,20174.24,18015.95,122.7
2015-06-22,20428.19,18119.78,123.28
2015-06-23,20809.42,18144.07,123.71
2015-06-24,20868.03,17966.07,124.24
2015-06-25,20771.4,17890.36,123.63
2015-06-26,20706.15,17946.68,123.92
2015-06-27,20706.15,17946.68,123.92
2015-06-28,20706.15,17946.68,123.92
2015-06-29,20109.95,17596.35,122.5
2015-06-30,20235.73,17619.51,122.1
2015-07-01,20329.32,17757.91,123.02
2015-07-02,20522.5,17730.11,123.14
2015-07-03,20539.79,17730.11,123.14
2015-07-04,20539.79,17730.11,123.14
2015-07-05,20539.79,17730.11,123.14
2015-07-06,20112.12,17683.58,122.53
2015-07-07,20376.59,17776.91,122.16
2015-07-08,19737.64,17515.42,120.54
2015-07-09,19855.5,17548.62,121.22
2015-07-10,19779.83,17760.41,122.75
2015-07-11,19779.83,17760.41,122.75
2015-07-12,19779.83,17760.41,122.75
2015-07-13,20089.77,17977.68,123.35
2015-07-14,20385.33,18053.58,123.39
2015-07-15,20463.33,18050.17,123.89
2015-07-16,20600.12,18120.25,124.04
2015-07-17,20650.92,18086.45,124
2015-07-18,20650.92,18086.45,124
2015-07-19,20650.92,18086.45,124
2015-07-20,20650.92,18100.41,124.24
2015-07-21,20841.97,17919.29,123.93
2015-07-22,20593.67,17851.04,124.08
2015-07-23,20683.95,17731.92,123.88
2015-07-24,20544.53,17568.53,123.74
2015-07-25,20544.53,17568.53,123.74
2015-07-26,20544.53,17568.53,123.74
2015-07-27,20350.1,17440.59,123.24
2015-07-28,20328.89,17630.27,123.52
2015-07-29,20302.91,17751.39,123.86
2015-07-30,20522.83,17745.98,124.38
2015-07-31,20585.24,17689.86,123.94
2015-08-01,20585.24,17689.86,123.94
2015-08-02,20585.24,17689.86,123.94
2015-08-03,20548.11,17598.2,123.98
2015-08-04,20520.36,17550.69,124
2015-08-05,20614.06,17540.47,124.84
2015-08-06,20664.44,17419.75,124.6
2015-08-07,20724.56,17373.38,124.27
2015-08-08,20724.56,17373.38,124.27
2015-08-09,20724.56,17373.38,124.27
2015-08-10,20808.69,17615.17,124.55
2015-08-11,20720.75,17402.84,124.9
2015-08-12,20392.77,17402.51,123.87
2015-08-13,20595.55,17408.25,124.32
2015-08-14,20519.45,17477.4,124.27
2015-08-15,20519.45,17477.4,124.27
2015-08-16,20519.45,17477.4,124.27
2015-08-17,20620.26,17545.18,124.33
2015-08-18,20554.47,17511.34,124.39
2015-08-19,20222.63,17348.73,124.1
2015-08-20,20033.52,16990.69,123.54
2015-08-21,19435.83,16459.75,122.11
2015-08-22,19435.83,16459.75,122.11
2015-08-23,19435.83,16459.75,122.11
2015-08-24,18540.68,15871.35,118.56
2015-08-25,17806.7,15666.44,119.91
2015-08-26,18376.83,16285.51,119.07
2015-08-27,18574.44,16654.77,120.89
2015-08-28,19136.32,16643.01,121.32
2015-08-29,19136.32,16643.01,121.32
2015-08-30,19136.32,16643.01,121.32
2015-08-31,18890.48,16528.03,121.26
2015-09-01,18165.69,16058.35,119.94
2015-09-02,18095.4,16351.38,120
2015-09-03,18182.39,16374.76,120.2
2015-09-04,17792.16,16102.38,119.05
2015-09-05,17792.16,16102.38,119.05
2015-09-06,17792.16,16102.38,119.05
2015-09-07,17860.47,16102.38,119.05
2015-09-08,17427.08,16492.68,119.72
2015-09-09,18770.51,16253.57,120.94
2015-09-10,18299.62,16330.4,120.71
2015-09-11,18264.22,16433.09,120.66
2015-09-12,18264.22,16433.09,120.66
2015-09-13,18264.22,16433.09,120.66
2015-09-14,17965.7,16370.96,119.92
2015-09-15,18026.48,16599.85,120.3
2015-09-16,18171.6,16739.95,120.62
2015-09-17,18432.27,16674.74,120.9
2015-09-18,18070.21,16384.58,119.85
2015-09-19,18070.21,16384.58,119.85
2015-09-20,18070.21,16384.58,119.85
2015-09-21,18070.21,16510.19,120.46
2015-09-22,18070.21,16330.47,120.04
2015-09-23,18070.21,16279.89,120.12
2015-09-24,17571.83,16201.32,119.54
2015-09-25,17880.51,16314.67,120.74
2015-09-26,17880.51,16314.67,120.74
2015-09-27,17880.51,16314.67,120.74
2015-09-28,17645.11,16001.89,119.82
2015-09-29,16930.84,16049.13,119.76
2015-09-30,17388.15,16284.7,119.81
2015-10-01,17722.42,16272.01,119.58
2015-10-02,17725.13,16472.37,119.42
2015-10-03,17725.13,16472.37,119.42
2015-10-04,17725.13,16472.37,119.42
2015-10-05,18005.49,16776.43,120.36
2015-10-06,18186.1,16790.19,120.18
2015-10-07,18322.98,16912.29,119.9
2015-10-08,18141.17,17050.75,119.94
2015-10-09,18438.67,17084.49,120.3
2015-10-10,18438.67,17084.49,120.3
2015-10-11,18438.67,17084.49,120.3
2015-10-12,18438.67,17131.86,120.3
2015-10-13,18234.74,17081.89,119.8
2015-10-14,17891,16924.75,119.21
2015-10-15,18096.9,17141.75,118.26
2015-10-16,18291.8,17215.97,119.6
2015-10-17,18291.8,17215.97,119.6
2015-10-18,18291.8,17215.97,119.6
2015-10-19,18131.23,17230.54,119.5
2015-10-20,18207.15,17217.11,119.79
2015-10-21,18554.28,17168.61,119.91
2015-10-22,18435.87,17489.16,120.5
2015-10-23,18825.3,17646.7,121.2
2015-10-24,18825.3,17646.7,121.2
2015-10-25,18825.3,17646.7,121.2
2015-10-26,18947.12,17623.05,120.87
2015-10-27,18777.04,17581.43,120.29
2015-10-28,18903.02,17779.52,120.56
2015-10-29,18935.71,17755.8,121.14
2015-10-30,19083.1,17663.54,120.7
2015-10-31,19083.1,17663.54,120.7
2015-11-01,19083.1,17663.54,120.7
2015-11-02,18683.24,17828.76,120.7
2015-11-03,18683.24,17918.15,121.2
2015-11-04,18926.91,17867.58,121.52
2015-11-05,19116.41,17863.43,121.71
2015-11-06,19265.6,17910.33,123.2
2015-11-07,19265.6,17910.33,123.2
2015-11-08,19265.6,17910.33,123.2
2015-11-09,19642.74,17730.48,123.04
2015-11-10,19671.26,17758.21,123.22
2015-11-11,19691.39,17702.22,123.22
2015-11-12,19697.77,17448.07,122.84
2015-11-13,19596.91,17245.24,122.93
2015-11-14,19596.91,17245.24,122.93
2015-11-15,19596.91,17245.24,122.93
2015-11-16,19393.69,17483.01,123.11
2015-11-17,19630.63,17489.5,123.48
2015-11-18,19649.18,17737.16,123.51
2015-11-19,19859.81,17732.75,122.71
2015-11-20,19879.81,17823.81,122.8
2015-11-21,19879.81,17823.81,122.8
2015-11-22,19879.81,17823.81,122.8
2015-11-23,19879.81,17792.68,123.02
2015-11-24,19924.89,17812.19,122.47
2015-11-25,19847.58,17813.39,122.7
2015-11-26,19944.41,17813.39,122.7
2015-11-27,19883.94,17813.39,122.84
2015-11-28,19883.94,17813.39,122.84
2015-11-29,19883.94,17813.39,122.84
2015-11-30,19747.47,17719.92,123.22
2015-12-01,20012.4,17888.35,122.88
2015-12-02,19938.13,17729.68,123.52
2015-12-03,19939.9,17477.67,123.06
2015-12-04,19504.48,17847.63,123.1
2015-12-05,19504.48,17847.63,123.1
2015-12-06,19504.48,17847.63,123.1
2015-12-07,19698.15,17730.51,123.31
2015-12-08,19492.6,17568,123
2015-12-09,19301.07,17492.3,121.86
2015-12-10,19046.55,17574.75,121.44
2015-12-11,19230.48,17265.21,120.94
2015-12-12,19230.48,17265.21,120.94
2015-12-13,19230.48,17265.21,120.94
2015-12-14,18883.42,17368.5,120.57
2015-12-15,18565.9,17524.91,121.66
2015-12-16,19049.91,17749.09,121.88
2015-12-17,19353.56,17495.84,122.75
2015-12-18,18986.8,17128.55,121.2
2015-12-19,18986.8,17128.55,121.2
2015-12-20,18986.8,17128.55,121.2
2015-12-21,18916.02,17251.62,120.99
2015-12-22,18886.7,17417.27,120.94
2015-12-23,18886.7,17602.61,120.94
2015-12-24,18789.69,17552.17,120.32
2015-12-25,18769.06,17552.17,120.32
2015-12-26,18769.06,17552.17,120.32
2015-12-27,18769.06,17552.17,120.32
2015-12-28,18873.35,17528.27,120.3
2015-12-29,18982.23,17720.98,120.44
2015-12-30,19033.71,17603.87,120.6
2015-12-31,19033.71,17425.03,120.27
2016-01-01,19033.71,17425.03,120.27
2016-01-02,19033.71,17425.03,120.27
2016-01-03,19033.71,17425.03,120.27
2016-01-04,18450.98,17148.94,119.3
2016-01-05,18374,17158.66,118.95
2016-01-06,18191.32,16906.51,118.54
2016-01-07,17767.34,16514.1,118
2016-01-08,17697.96,16346.45,117.74
2016-01-09,17697.96,16346.45,117.74
2016-01-10,17697.96,16346.45,117.74
2016-01-11,17697.96,16398.57,117.48
2016-01-12,17218.96,16516.22,117.78
2016-01-13,17715.63,16151.41,118.06
2016-01-14,17240.95,16379.05,118.03
2016-01-15,17147.11,15988.08,116.78
2016-01-16,17147.11,15988.08,116.78
2016-01-17,17147.11,15988.08,116.78
2016-01-18,16955.57,15988.08,116.78
2016-01-19,17048.37,16016.02,117.66
2016-01-20,16416.19,15766.74,116.38
2016-01-21,16017.26,15882.68,117.61
2016-01-22,16958.53,16093.51,118.37
2016-01-23,16958.53,16093.51,118.37
2016-01-24,16958.53,16093.51,118.37
2016-01-25,17110.91,15885.22,118.55
2016-01-26,16708.9,16167.23,118.5
2016-01-27,17163.92,15944.46,118.9
2016-01-28,17041.45,16069.64,118.61
2016-01-29,17518.3,16466.3,121.05
2016-01-30,17518.3,16466.3,121.05
2016-01-31,17518.3,16466.3,121.05
2016-02-01,17865.23,16449.18,121.06
2016-02-02,17750.68,16153.54,120.27
2016-02-03,17191.25,16336.66,117.92
2016-02-04,17044.99,16416.58,116.75
2016-02-05,16819.59,16204.97,116.99
2016-02-06,16819.59,16204.97,116.99
2016-02-07,16819.59,16204.97,116.99
2016-02-08,17004.3,16027.05,115.7
2016-02-09,16085.44,16014.38,114.8
2016-02-10,15713.39,15914.74,114.03
2016-02-11,15713.39,15660.18,111.72
2016-02-12,14952.61,15973.84,112.96
2016-02-13,14952.61,15973.84,112.96
2016-02-14,14952.61,15973.84,112.96
2016-02-15,16022.58,15973.84,112.96
2016-02-16,16054.43,16196.41,113.9
2016-02-17,15836.36,16453.83,114.14
2016-02-18,16196.8,16413.43,113.62
2016-02-19,15967.17,16391.99,112.42
2016-02-20,15967.17,16391.99,112.42
2016-02-21,15967.17,16391.99,112.42
2016-02-22,16111.05,16620.66,113.12
2016-02-23,16052.05,16431.78,112.17
2016-02-24,15915.79,16484.99,111.36
2016-02-25,16140.34,16697.29,112.7
2016-02-26,16188.41,16639.97,113.78
2016-02-27,16188.41,16639.97,113.78
2016-02-28,16188.41,16639.97,113.78
2016-02-29,16026.76,16516.5,112.9
2016-03-01,16085.51,16865.08,113.94
2016-03-02,16746.55,16899.32,113.81
2016-03-03,16960.16,16943.9,113.53
2016-03-04,17014.78,17006.77,113.91
2016-03-05,17014.78,17006.77,113.91
2016-03-06,17014.78,17006.77,113.91
2016-03-07,16911.32,17073.95,113.6
2016-03-08,16783.15,16964.1,112.58
2016-03-09,16642.2,17000.36,113.06
2016-03-10,16852.35,16995.13,113.1
2016-03-11,16938.87,17213.31,113.66
2016-03-12,16938.87,17213.31,113.66
2016-03-13,16938.87,17213.31,113.66
2016-03-14,17233.75,17229.13,113.59
2016-03-15,17117.07,17251.53,112.88
2016-03-16,16974.45,17325.76,113.69
2016-03-17,16936.38,17481.49,111.3
2016-03-18,16724.81,17602.3,111.38
2016-03-19,16724.81,17602.3,111.38
2016-03-20,16724.81,17602.3,111.38
2016-03-21,16724.81,17623.87,111.62
2016-03-22,17048.55,17582.57,111.82
2016-03-23,17000.98,17502.59,112.63
2016-03-24,16892.33,17515.73,112.64
2016-03-25,17002.75,17515.73,113.05
2016-03-26,17002.75,17515.73,113.05
2016-03-27,17002.75,17515.73,113.05
2016-03-28,17134.37,17535.39,113.29
2016-03-29,17103.53,17633.11,113.33
2016-03-30,16878.96,17716.66,112.6
2016-03-31,16758.67,17685.09,112.42
2016-04-01,16164.16,17792.75,112.06
2016-04-02,16164.16,17792.75,112.06
2016-04-03,16164.16,17792.75,112.06
2016-04-04,16123.27,17737,111.18
2016-04-05,15732.82,17603.32,110.26
2016-04-06,15715.36,17716.05,109.63
2016-04-07,15749.84,17541.96,107.98
2016-04-08,15821.52,17576.96,108.36
2016-04-09,15821.52,17576.96,108.36
2016-04-10,15821.52,17576.96,108.36
2016-04-11,15751.13,17556.41,107.96
2016-04-12,15928.79,17721.25,108.54
2016-04-13,16381.22,17908.28,109.21
2016-04-14,16911.05,17926.43,109.2
2016-04-15,16848.03,17897.46,108.76
2016-04-16,16848.03,17897.46,108.76
2016-04-17,16848.03,17897.46,108.76
2016-04-18,16275.95,18004.16,108.85
2016-04-19,16874.44,18053.6,109.16
2016-04-20,16906.54,18096.27,109.51
2016-04-21,17363.62,17982.52,109.41
2016-04-22,17572.49,18003.75,111.5
2016-04-23,17572.49,18003.75,111.5
2016-04-24,17572.49,18003.75,111.5
2016-04-25,17439.3,17977.24,111.08
2016-04-26,17353.28,17990.32,111.23
2016-04-27,17290.49,18041.55,111.26
2016-04-28,16666.05,17830.76,108.55
2016-04-29,16666.05,17773.64,106.9
2016-04-30,16666.05,17773.64,106.9
2016-05-01,16666.05,17773.64,106.9
2016-05-02,16147.38,17891.16,106.48
2016-05-03,16147.38,17750.91,106.34
2016-05-04,16147.38,17651.26,107.12
2016-05-05,16147.38,17660.71,107.32
2016-05-06,16106.72,17740.63,106.66
2016-05-07,16106.72,17740.63,106.66
2016-05-08,16106.72,17740.63,106.66
2016-05-09,16216.03,17705.91,108.39
2016-05-10,16565.19,17928.35,109.22
2016-05-11,16579.01,17711.12,108.48
2016-05-12,16646.34,17720.5,108.73
2016-05-13,16412.21,17535.32,109.14
2016-05-14,16412.21,17535.32,109.14
2016-05-15,16412.21,17535.32,109.14
2016-05-16,16466.4,17710.71,108.89
2016-05-17,16652.8,17529.98,109.02
2016-05-18,16644.69,17526.62,109.65
2016-05-19,16646.66,17435.4,109.81
2016-05-20,16736.35,17500.94,110.52
2016-05-21,16736.35,17500.94,110.52
2016-05-22,16736.35,17500.94,110.52
2016-05-23,16654.6,17492.93,109.47
2016-05-24,16498.76,17706.05,110
2016-05-25,16757.35,17851.51,110.22
2016-05-26,16772.46,17828.29,109.74
2016-05-27,16834.84,17873.22,109.86
2016-05-28,16834.84,17873.22,109.86
2016-05-29,16834.84,17873.22,109.86
2016-05-30,17068.02,17873.22,109.86
2016-05-31,17234.98,17787.2,110.75
2016-06-01,16955.73,17789.67,109.55
2016-06-02,16562.55,17838.56,108.75
2016-06-03,16642.23,17807.06,106.88
2016-06-04,16642.23,17807.06,106.88
2016-06-05,16642.23,17807.06,106.88
2016-06-06,16580.03,17920.33,107.33
2016-06-07,16675.45,17938.28,107.3
2016-06-08,16830.92,18005.05,106.68
2016-06-09,16668.41,17985.19,106.54
2016-06-10,16601.36,17865.34,107.06
2016-06-11,16601.36,17865.34,107.06
2016-06-12,16601.36,17865.34,107.06
2016-06-13,16019.18,17732.48,106.07
2016-06-14,15859,17674.82,106.02
2016-06-15,15919.58,17640.17,105.87
2016-06-16,15434.14,17733.1,104.05
2016-06-17,15599.66,17675.16,104.2
2016-06-18,15599.66,17675.16,104.2
2016-06-19,15599.66,17675.16,104.2
2016-06-20,15965.3,17804.87,104.32
2016-06-21,16169.11,17829.73,104.56
2016-06-22,16065.72,17780.83,104.56
2016-06-23,16238.35,18011.07,105.9
2016-06-24,14952.02,17400.75,102.26
2016-06-25,14952.02,17400.75,102.26
2016-06-26,14952.02,17400.75,102.26
2016-06-27,15309.21,17140.24,101.66
2016-06-28,15323.14,17409.72,102.71
2016-06-29,15566.83,17694.68,102.68
2016-06-30,15575.92,17929.99,102.77
2016-07-01,15682.48,17949.37,102.55
2016-07-02,15682.48,17949.37,102.55
2016-07-03,15682.48,17949.37,102.55
2016-07-04,15775.8,17949.37,102.55
2016-07-05,15669.33,17840.62,101.58
2016-07-06,15378.99,17918.62,101.12
2016-07-07,15276.24,17895.88,100.74
2016-07-08,15106.98,18146.74,100.65
2016-07-09,15106.98,18146.74,100.65
2016-07-10,15106.98,18146.74,100.65
2016-07-11,15708.82,18226.93,102.66
2016-07-12,16095.65,18347.67,104.72
2016-07-13,16231.43,18372.12,104.1
2016-07-14,16385.89,18506.41,105.4
2016-07-15,16497.85,18516.55,105.64
2016-07-16,16497.85,18516.55,105.64
2016-07-17,16497.85,18516.55,105.64
2016-07-18,16497.85,18533.05,106
2016-07-19,16723.31,18559.01,106.13
2016-07-20,16681.89,18595.03,106.65
2016-07-21,16810.22,18517.23,105.98
2016-07-22,16627.25,18570.85,106.22
2016-07-23,16627.25,18570.85,106.22
2016-07-24,16627.25,18570.85,106.22
2016-07-25,16620.29,18493.06,106.02
2016-07-26,16383.04,18473.75,104.83
2016-07-27,16664.82,18472.17,105.65
2016-07-28,16476.84,18456.35,104.86
2016-07-29,16569.27,18432.24,102.32
2016-07-30,16569.27,18432.24,102.32
2016-07-31,16569.27,18432.24,102.32
2016-08-01,16635.77,18404.51,102.26
2016-08-02,16391.45,18313.77,100.82
2016-08-03,16083.11,18355,101.34
2016-08-04,16254.89,18352.05,101.08
2016-08-05,16254.45,18543.53,101.74
2016-08-06,16254.45,18543.53,101.74
2016-08-07,16254.45,18543.53,101.74
2016-08-08,16650.57,18529.29,102.53
2016-08-09,16764.97,18533.05,101.96
2016-08-10,16735.12,18495.66,101.27
2016-08-11,16735.12,18613.52,101.46
2016-08-12,16919.92,18576.47,101.01
2016-08-13,16919.92,18576.47,101.01
2016-08-14,16919.92,18576.47,101.01
2016-08-15,16869.56,18636.05,101.02
2016-08-16,16596.51,18552.02,100.28
2016-08-17,16745.64,18573.94,100.24
2016-08-18,16486.01,18597.7,100.07
2016-08-19,16545.82,18552.57,100.24
2016-08-20,16545.82,18552.57,100.24
2016-08-21,16545.82,18552.57,100.24
2016-08-22,16598.19,18529.42,100.25
2016-08-23,16497.36,18547.3,100.2
2016-08-24,16597.3,18481.48,100.5
2016-08-25,16555.95,18448.41,100.58
2016-08-26,16360.71,18395.4,101.2
2016-08-27,16360.71,18395.4,101.2
2016-08-28,16360.71,18395.4,101.2
2016-08-29,16737.49,18502.99,102.13
2016-08-30,16725.36,18454.3,102.92
2016-08-31,16887.4,18400.88,103.38
2016-09-01,16926.84,18419.3,103.22
2016-09-02,16925.68,18491.96,104.18
2016-09-03,16925.68,18491.96,104.18
2016-09-04,16925.68,18491.96,104.18
2016-09-05,17037.63,18491.96,104.18
2016-09-06,17081.98,18538.12,102.28
2016-09-07,17012.44,18526.14,101.72
2016-09-08,16958.77,18479.91,102.28
2016-09-09,16965.76,18085.45,102.86
2016-09-10,16965.76,18085.45,102.86
2016-09-11,16965.76,18085.45,102.86
2016-09-12,16672.92,18325.07,101.96
2016-09-13,16729.04,18066.75,102.14
2016-09-14,16614.24,18034.77,102.33
2016-09-15,16405.01,18212.48,102.24
2016-09-16,16519.29,18123.8,102.36
2016-09-17,16519.29,18123.8,102.36
2016-09-18,16519.29,18123.8,102.36
2016-09-19,16519.29,18120.17,101.82
2016-09-20,16492.15,18129.96,101.66
2016-09-21,16807.62,18293.7,100.62
2016-09-22,16807.62,18392.46,100.8
2016-09-23,16754.02,18261.45,101.04
2016-09-24,16754.02,18261.45,101.04
2016-09-25,16754.02,18261.45,101.04
2016-09-26,16544.56,18094.83,100.34
2016-09-27,16683.93,18228.3,100.36
2016-09-28,16465.4,18339.24,100.57
2016-09-29,16693.71,18143.45,101.48
2016-09-30,16449.84,18308.15,101.21
2016-10-01,16449.84,18308.15,101.21
2016-10-02,16449.84,18308.15,101.21
2016-10-03,16598.67,18253.85,101.54
2016-10-04,16735.65,18168.45,102.66
2016-10-05,16819.24,18281.03,103.53
2016-10-06,16899.1,18268.5,104.02
2016-10-07,16860.09,18240.49,103.42
2016-10-08,16860.09,18240.49,103.42
2016-10-09,16860.09,18240.49,103.42
2016-10-10,16860.09,18329.04,103.42
2016-10-11,17024.76,18128.66,103.36
2016-10-12,16840,18144.2,104.48
2016-10-13,16774.24,18098.94,103.62
2016-10-14,16856.37,18138.38,104.1
2016-10-15,16856.37,18138.38,104.1
2016-10-16,16856.37,18138.38,104.1
2016-10-17,16900.12,18086.4,103.96
2016-10-18,16963.61,18161.94,103.8
2016-10-19,16998.91,18202.62,103.3
2016-10-20,17235.5,18162.35,103.92
2016-10-21,17184.59,18145.71,103.96
2016-10-22,17184.59,18145.71,103.96
2016-10-23,17184.59,18145.71,103.96
2016-10-24,17234.42,18223.03,104.2
2016-10-25,17365.25,18169.27,104.25
2016-10-26,17391.84,18199.33,104.42
2016-10-27,17336.42,18169.68,105.14
2016-10-28,17446.41,18161.19,105.4
2016-10-29,17446.41,18161.19,105.4
2016-10-30,17446.41,18161.19,105.4
2016-10-31,17425.02,18142.42,105.07
2016-11-01,17442.4,18037.1,104.59
2016-11-02,17134.68,17959.64,103.22
2016-11-03,17134.68,17930.67,103.17
2016-11-04,16905.36,17888.28,103.02
2016-11-05,16905.36,17888.28,103.02
2016-11-06,16905.36,17888.28,103.02
2016-11-07,17177.21,18259.6,104.6
2016-11-08,17171.38,18332.74,104.98
2016-11-09,16251.54,18589.69,104.84
2016-11-10,17344.42,18807.88,106.56
2016-11-11,17374.79,18847.66,106.56
2016-11-12,17374.79,18847.66,106.56
2016-11-13,17374.79,18847.66,106.56
2016-11-14,17672.62,18868.69,108.3
2016-11-15,17668.15,18923.06,108.94
2016-11-16,17862.21,18868.14,109.16
2016-11-17,17862.63,18903.82,109.64
2016-11-18,17967.41,18867.93,110.51
2016-11-19,17967.41,18867.93,110.51
2016-11-20,17967.41,18867.93,110.51
2016-11-21,18106.02,18956.69,111.12
2016-11-22,18162.94,19023.87,110.98
2016-11-23,18162.94,19083.18,112.58
2016-11-24,18333.41,19083.18,112.58
2016-11-25,18381.22,19152.14,113.17
2016-11-26,18381.22,19152.14,113.17
2016-11-27,18381.22,19152.14,113.17
2016-11-28,18356.89,19097.9,112.36
2016-11-29,18307.04,19121.6,112.78
2016-11-30,18308.48,19123.58,114.34
2016-12-01,18513.12,19191.93,114.34
2016-12-02,18426.08,19170.42,113.76
2016-12-03,18426.08,19170.42,113.76
2016-12-04,18426.08,19170.42,113.76
2016-12-05,18274.99,19216.24,114.1
2016-12-06,18360.54,19251.78,113.98
2016-12-07,18496.69,19549.62,113.5
2016-12-08,18765.47,19614.81,114.16
2016-12-09,18996.37,19756.85,115.17
2016-12-10,18996.37,19756.85,115.17
2016-12-11,18996.37,19756.85,115.17
2016-12-12,19155.03,19796.43,115.34
2016-12-13,19250.52,19911.21,115.26
2016-12-14,19253.61,19792.53,115.06
2016-12-15,19273.79,19852.24,118.32
2016-12-16,19401.15,19843.41,117.74
2016-12-17,19401.15,19843.41,117.74
2016-12-18,19401.15,19843.41,117.74
2016-12-19,19391.6,19883.06,116.6
2016-12-20,19494.53,19974.62,117.86
2016-12-21,19444.49,19941.96,117.79
2016-12-22,19427.67,19918.88,117.48
2016-12-23,19427.67,19933.81,117.22
2016-12-24,19427.67,19933.81,117.22
2016-12-25,19427.67,19933.81,117.22
2016-12-26,19396.64,19933.81,117.22
2016-12-27,19403.06,19945.04,117.52
2016-12-28,19401.72,19833.68,117.66
2016-12-29,19145.14,19819.78,116.32
2016-12-30,19114.37,19762.6,116.78
2016-12-31,19114.37,19762.6,116.78
2017-01-01,19114.37,19762.6,116.78
2017-01-02,19114.37,19762.6,116.78
2017-01-03,19114.37,19881.76,117.68
2017-01-04,19594.16,19942.16,117.38
2017-01-05,19520.69,19899.29,115.46
2017-01-06,19454.33,19963.8,116.85
2017-01-07,19454.33,19963.8,116.85
2017-01-08,19454.33,19963.8,116.85
2017-01-09,19454.33,19887.38,116.07
2017-01-10,19301.44,19855.53,115.74
2017-01-11,19364.67,19954.28,116.26
2017-01-12,19134.7,19891,113.87
2017-01-13,19287.28,19885.73,115.03
2017-01-14,19287.28,19885.73,115.03
2017-01-15,19287.28,19885.73,115.03
2017-01-16,19095.24,19885.73,115.03
2017-01-17,18813.53,19826.77,112.96
2017-01-18,18894.37,19804.72,113.4
2017-01-19,19072.25,19732.4,115.3
2017-01-20,19137.91,19827.25,115.3
2017-01-21,19137.91,19827.25,115.3
2017-01-22,19137.91,19827.25,115.3
2017-01-23,18891.03,19799.85,112.9
2017-01-24,18787.99,19912.71,113.63
2017-01-25,19057.5,20068.51,113.6
2017-01-26,19402.39,20100.91,114.7
2017-01-27,19467.4,20093.78,115.16
2017-01-28,19467.4,20093.78,115.16
2017-01-29,19467.4,20093.78,115.16
2017-01-30,19368.85,19971.13,113.86
2017-01-31,19041.34,19864.09,112.72
2017-02-01,19148.08,19890.94,113.29
2017-02-02,18914.58,19884.91,112.48
2017-02-03,18918.2,20071.46,112.42
2017-02-04,18918.2,20071.46,112.42
2017-02-05,18918.2,20071.46,112.42
2017-02-06,18976.71,20052.42,112.32
2017-02-07,18910.78,20090.29,112.14
2017-02-08,19007.6,20054.34,111.74
2017-02-09,18907.67,20172.4,113.24
2017-02-10,19378.93,20269.37,113.22
2017-02-11,19378.93,20269.37,113.22
2017-02-12,19378.93,20269.37,113.22
2017-02-13,19459.15,20412.16,113.79
2017-02-14,19238.98,20504.41,114.34
2017-02-15,19437.98,20611.86,114.17
2017-02-16,19347.53,20619.77,113.36
2017-02-17,19234.62,20624.05,112.86
2017-02-18,19234.62,20624.05,112.86
2017-02-19,19234.62,20624.05,112.86
2017-02-20,19251.08,20624.05,112.86
2017-02-21,19381.44,20743,113.48
2017-02-22,19379.87,20775.6,113.46
2017-02-23,19371.46,20810.32,112.68
2017-02-24,19283.54,20821.76,112.26
2017-02-25,19283.54,20821.76,112.26
2017-02-26,19283.54,20821.76,112.26
2017-02-27,19107.47,20837.44,112.01
2017-02-28,19118.99,20812.24,112.06
2017-03-01,19393.54,21115.55,113.66
2017-03-02,19564.8,21002.97,114.45
2017-03-03,19469.17,21005.71,114.6
2017-03-04,19469.17,21005.71,114.6
2017-03-05,19469.17,21005.71,114.6
2017-03-06,19379.14,20954.34,113.92
2017-03-07,19344.15,20924.76,113.99
2017-03-08,19254.03,20855.73,114.58
2017-03-09,19318.58,20858.19,114.71
2017-03-10,19604.61,20902.98,115.02
2017-03-11,19604.61,20902.98,115.02
2017-03-12,19604.61,20902.98,115.02
2017-03-13,19633.75,20881.48,114.61
2017-03-14,19609.5,20837.37,114.63
2017-03-15,19577.38,20950.1,114.66
2017-03-16,19590.14,20934.55,113.02
2017-03-17,19521.59,20914.62,112.67
2017-03-18,19521.59,20914.62,112.67
2017-03-19,19521.59,20914.62,112.67
2017-03-20,19521.59,20905.86,112.59
2017-03-21,19455.88,20668.01,111.9
2017-03-22,19041.38,20661.3,111.06
2017-03-23,19085.31,20656.58,111.12
2017-03-24,19262.53,20596.72,111.03
2017-03-25,19262.53,20596.72,111.03
2017-03-26,19262.53,20596.72,111.03
2017-03-27,18985.59,20550.98,110.48
2017-03-28,19202.87,20701.5,110.56
2017-03-29,19217.48,20659.32,111.05
2017-03-30,19063.22,20728.49,111.36
2017-03-31,18909.26,20663.22,111.41
2017-04-01,18909.26,20663.22,111.41
2017-04-02,18909.26,20663.22,111.41
2017-04-03,18983.23,20650.21,110.96
2017-04-04,18810.25,20689.24,110.74
2017-04-05,18861.27,20648.15,111.2
2017-04-06,18597.06,20662.95,111.02
2017-04-07,18664.63,20656.1,110.76
2017-04-08,18664.63,20656.1,110.76
2017-04-09,18664.63,20656.1,110.76
2017-04-10,18797.88,20658.02,110.95
2017-04-11,18747.87,20651.3,109.74
2017-04-12,18552.61,20591.86,109.54
2017-04-13,18426.84,20453.25,109.23
2017-04-14,18335.63,20453.25,108.63
2017-04-15,18335.63,20453.25,108.63
2017-04-16,18335.63,20453.25,108.63
2017-04-17,18355.26,20636.92,108.46
2017-04-18,18418.59,20523.28,108.4
2017-04-19,18432.2,20404.49,109.06
2017-04-20,18430.49,20578.71,109.34
2017-04-21,18620.75,20547.76,109.08
2017-04-22,18620.75,20547.76,109.08
2017-04-23,18620.75,20547.76,109.08
2017-04-24,18875.88,20763.89,109.74
2017-04-25,19079.33,20996.12,110.88
2017-04-26,19289.43,20975.09,111.52
2017-04-27,19251.87,20981.33,111.13
2017-04-28,19196.74,20940.51,111.44
2017-04-29,19196.74,20940.51,111.44
2017-04-30,19196.74,20940.51,111.44
2017-05-01,19310.52,20913.46,111.78
2017-05-02,19445.7,20949.89,112.06
2017-05-03,19445.7,20957.9,112.34
2017-05-04,19445.7,20951.47,112.7
2017-05-05,19445.7,21006.94,112.63
2017-05-06,19445.7,21006.94,112.63
2017-05-07,19445.7,21006.94,112.63
2017-05-08,19895.7,21012.28,112.84
2017-05-09,19843,20975.78,114.19
2017-05-10,19900.09,20943.11,114.02
2017-05-11,19961.55,20919.42,113.77
2017-05-12,19883.9,20896.61,113.3
2017-05-13,19883.9,20896.61,113.3
2017-05-14,19883.9,20896.61,113.3
2017-05-15,19869.85,20981.94,113.54
2017-05-16,19919.82,20979.75,113.24
2017-05-17,19814.88,20606.93,111.46
2017-05-18,19553.86,20663.02,110.82
2017-05-19,19590.76,20804.84,111.47
2017-05-20,19590.76,20804.84,111.47
2017-05-21,19590.76,20804.84,111.47
2017-05-22,19678.28,20894.83,111.15
2017-05-23,19613.28,20937.91,111.64
2017-05-24,19742.98,21012.42,112.02
2017-05-25,19813.13,21082.95,111.7
2017-05-26,19686.84,21080.28,111.3
2017-05-27,19686.84,21080.28,111.3
2017-05-28,19686.84,21080.28,111.3
2017-05-29,19682.57,21080.28,111.3
2017-05-30,19677.85,21029.47,110.68
2017-05-31,19650.57,21008.65,110.71
2017-06-01,19860.03,21144.18,111.24
2017-06-02,20177.28,21206.29,110.49
2017-06-03,20177.28,21206.29,110.49
2017-06-04,20177.28,21206.29,110.49
2017-06-05,20170.82,21184.04,110.49
2017-06-06,19979.9,21136.23,109.34
2017-06-07,19984.62,21173.69,109.54
2017-06-08,19909.26,21182.53,110.1
2017-06-09,20013.26,21271.97,110.61
2017-06-10,20013.26,21271.97,110.61
2017-06-11,20013.26,21271.97,110.61
2017-06-12,19908.58,21235.67,109.72
2017-06-13,19898.75,21328.47,110.12
2017-06-14,19883.52,21374.56,109.16
2017-06-15,19831.82,21359.9,110.66
2017-06-16,19943.26,21384.28,110.84
2017-06-17,19943.26,21384.28,110.84
2017-06-18,19943.26,21384.28,110.84
2017-06-19,20067.75,21528.99,111.34
2017-06-20,20230.41,21467.14,111.46
2017-06-21,20138.79,21410.03,111.58
2017-06-22,20110.51,21397.29,111.36
2017-06-23,20132.67,21394.76,111.26
2017-06-24,20132.67,21394.76,111.26
2017-06-25,20132.67,21394.76,111.26
2017-06-26,20153.35,21409.55,111.48
2017-06-27,20225.09,21310.66,112.42
2017-06-28,20130.41,21454.61,112.18
2017-06-29,20220.3,21287.03,112.32
2017-06-30,20033.43,21349.63,112.4
2017-07-01,20033.43,21349.63,112.4
2017-07-02,20033.43,21349.63,112.4
2017-07-03,20055.8,21479.27,113.32
2017-07-04,20032.35,21479.27,113.32
2017-07-05,20081.63,21478.17,113.2
2017-07-06,19994.06,21320.04,113.28
2017-07-07,19929.09,21414.34,114.1
2017-07-08,19929.09,21414.34,114.1
2017-07-09,19929.09,21414.34,114.1
2017-07-10,20080.98,21408.52,114.08
2017-07-11,20195.48,21409.07,114.2
2017-07-12,20098.38,21532.14,113.19
2017-07-13,20099.81,21553.09,113.39
2017-07-14,20118.86,21637.74,112.66
2017-07-15,20118.86,21637.74,112.66
2017-07-16,20118.86,21637.74,112.66
2017-07-17,20118.86,21629.72,112.76
2017-07-18,19999.91,21574.73,111.89
2017-07-19,20020.86,21640.75,111.77
2017-07-20,20144.59,21611.78,111.68
2017-07-21,20099.75,21580.07,111.18
2017-07-22,20099.75,21580.07,111.18
2017-07-23,20099.75,21580.07,111.18
2017-07-24,19975.67,21513.17,111.1
2017-07-25,19955.2,21613.43,111.57
2017-07-26,20050.16,21711.01,112.1
2017-07-27,20079.64,21796.55,111.62
2017-07-28,19959.84,21830.31,110.87
2017-07-29,19959.84,21830.31,110.87
2017-07-30,19959.84,21830.31,110.87
2017-07-31,19925.18,21891.12,110.38
2017-08-01,19985.79,21963.92,110.33
2017-08-02,20080.04,22016.24,110.43
2017-08-03,20029.26,22026.1,110.12
2017-08-04,19952.33,22092.81,110.76
2017-08-05,19952.33,22092.81,110.76
2017-08-06,19952.33,22092.81,110.76
2017-08-07,20055.89,22118.42,110.76
2017-08-08,19996.01,22085.34,110.74
2017-08-09,19738.71,22048.7,110.04
2017-08-10,19729.74,21844.01,109.37
2017-08-11,19729.74,21858.32,109.06
2017-08-12,19729.74,21858.32,109.06
2017-08-13,19729.74,21858.32,109.06
2017-08-14,19537.1,21993.71,109.48
2017-08-15,19753.31,21998.99,110.42
2017-08-16,19729.28,22024.87,110.8
2017-08-17,19702.63,21750.73,109.88
2017-08-18,19470.41,21674.51,109.32
2017-08-19,19470.41,21674.51,109.32
2017-08-20,19470.41,21674.51,109.32
2017-08-21,19393.13,21703.75,108.89
2017-08-22,19383.84,21899.89,109.4
2017-08-23,19434.64,21812.09,109.14
2017-08-24,19353.77,21783.4,109.34
2017-08-25,19452.61,21813.67,109.24
2017-08-26,19452.61,21813.67,109.24
2017-08-27,19452.61,21813.67,109.24
2017-08-28,19449.9,21808.4,109.22
2017-08-29,19362.55,21865.37,109.02
2017-08-30,19506.54,21892.43,110.2
2017-08-31,19646.24,21948.1,110.06
2017-09-01,19691.47,21987.56,110.09
2017-09-02,19691.47,21987.56,110.09
2017-09-03,19691.47,21987.56,110.09
2017-09-04,19508.25,21987.56,110.09
2017-09-05,19385.81,21753.31,108.94
2017-09-06,19357.97,21807.64,108.75
2017-09-07,19396.52,21784.78,108.26
2017-09-08,19274.82,21797.79,107.72
2017-09-09,19274.82,21797.79,107.72
2017-09-10,19274.82,21797.79,107.72
2017-09-11,19545.77,22057.37,109.03
2017-09-12,19776.62,22118.86,110.01
2017-09-13,19865.82,22158.18,110.58
2017-09-14,19807.44,22203.48,110.66
2017-09-15,19909.5,22268.34,110.84
2017-09-16,19909.5,22268.34,110.84
2017-09-17,19909.5,22268.34,110.84
2017-09-18,19909.5,22331.35,111.48
2017-09-19,20299.38,22370.8,111.49
2017-09-20,20310.46,22412.59,111.5
2017-09-21,20347.48,22359.23,112.3
2017-09-22,20296.45,22349.59,112.01
2017-09-23,20296.45,22349.59,112.01
2017-09-24,20296.45,22349.59,112.01
2017-09-25,20397.58,22296.09,111.64
2017-09-26,20330.19,22284.32,112.16
2017-09-27,20267.05,22340.71,112.76
2017-09-28,20363.11,22381.2,112.66
2017-09-29,20356.28,22405.09,112.64
2017-09-30,20356.28,22405.09,112.64
2017-10-01,20356.28,22405.09,112.64
2017-10-02,20400.78,22557.6,112.6
2017-10-03,20614.07,22641.67,112.8
2017-10-04,20626.66,22661.64,112.84
2017-10-05,20628.56,22775.39,112.74
2017-10-06,20690.71,22773.67,112.68
2017-10-07,20690.71,22773.67,112.68
2017-10-08,20690.71,22773.67,112.68
2017-10-09,20690.71,22761.07,112.68
2017-10-10,20823.51,22830.68,112.15
2017-10-11,20881.27,22872.89,112.35
2017-10-12,20954.72,22841.01,112.38
2017-10-13,21155.18,22871.72,111.94
2017-10-14,21155.18,22871.72,111.94
2017-10-15,21155.18,22871.72,111.94
2017-10-16,21255.56,22956.96,111.72
2017-10-17,21336.12,22997.44,112.32
2017-10-18,21363.05,23157.6,112.94
2017-10-19,21448.52,23163.04,112.54
2017-10-20,21457.64,23328.63,113.5
2017-10-21,21457.64,23328.63,113.5
2017-10-22,21457.64,23328.63,113.5
2017-10-23,21696.65,23273.96,113.66
2017-10-24,21805.17,23441.76,113.92
2017-10-25,21707.62,23329.46,113.7
2017-10-26,21739.78,23400.86,113.72
2017-10-27,22008.45,23434.19,113.82
2017-10-28,22008.45,23434.19,113.82
2017-10-29,22008.45,23434.19,113.82
2017-10-30,22011.67,23348.74,113.26
2017-10-31,22011.61,23377.24,113.63
2017-11-01,22420.08,23435.01,114.04
2017-11-02,22539.12,23516.26,113.84
2017-11-03,22539.12,23539.19,114.25
2017-11-04,22539.12,23539.19,114.25
2017-11-05,22539.12,23539.19,114.25
2017-11-06,22548.35,23548.42,113.9
2017-11-07,22937.6,23557.23,113.9
2017-11-08,22913.82,23563.36,113.62
2017-11-09,22868.71,23461.94,113.4
2017-11-10,22681.42,23422.21,113.4
2017-11-11,22681.42,23422.21,113.4
2017-11-12,22681.42,23422.21,113.4
2017-11-13,22380.99,23439.7,113.62
2017-11-14,22380.01,23409.47,113.5
2017-11-15,22028.32,23271.28,113.15
2017-11-16,22351.12,23458.36,112.89
2017-11-17,22396.8,23358.24,111.98
2017-11-18,22396.8,23358.24,111.98
2017-11-19,22396.8,23358.24,111.98
2017-11-20,22261.76,23430.33,112.49
2017-11-21,22416.48,23590.83,112.46
2017-11-22,22523.15,23526.18,111.62
2017-11-23,22523.15,23526.18,111.62
2017-11-24,22550.85,23557.99,111.54
2017-11-25,22550.85,23557.99,111.54
2017-11-26,22550.85,23557.99,111.54
2017-11-27,22495.99,23580.78,111
2017-11-28,22486.24,23836.71,111.13
2017-11-29,22597.2,23940.68,111.75
2017-11-30,22724.96,24272.35,112.3
2017-12-01,22819.03,24231.59,111.88
2017-12-02,22819.03,24231.59,111.88
2017-12-03,22819.03,24231.59,111.88
2017-12-04,22707.16,24290.05,112.8
2017-12-05,22622.38,24180.64,112.76
2017-12-06,22177.04,24140.91,112.32
2017-12-07,22498.03,24211.48,112.7
2017-12-08,22811.08,24329.16,113.55
2017-12-09,22811.08,24329.16,113.55
2017-12-10,22811.08,24329.16,113.55
2017-12-11,22938.73,24386.03,113.34
2017-12-12,22866.17,24504.8,113.62
2017-12-13,22758.07,24585.43,113.19
2017-12-14,22694.45,24508.66,112.56
2017-12-15,22553.22,24651.74,112.68
2017-12-16,22553.22,24651.74,112.68
2017-12-17,22553.22,24651.74,112.68
2017-12-18,22901.77,24792.2,112.4
2017-12-19,22868,24754.75,112.98
2017-12-20,22891.72,24726.65,113.29
2017-12-21,22866.1,24782.29,113.42
2017-12-22,22902.76,24754.06,113.3
2017-12-23,22902.76,24754.06,113.3
2017-12-24,22902.76,24754.06,113.3
2017-12-25,22939.18,24754.06,113.3
2017-12-26,22892.69,24746.21,113.2
2017-12-27,22911.21,24774.3,113.28
2017-12-28,22783.98,24837.51,112.85
2017-12-29,22764.94,24719.22,112.69
2017-12-30,22764.94,24719.22,112.69
2017-12-31,22764.94,24719.22,112.69
2018-01-01,22764.94,24719.22,112.69
2018-01-02,22764.94,24824.01,112.18
2018-01-03,22764.94,24922.68,112.28
2018-01-04,23506.33,25075.13,112.78
2018-01-05,23714.53,25295.87,113.18
2018-01-06,23714.53,25295.87,113.18
2018-01-07,23714.53,25295.87,113.18
2018-01-08,23714.53,25283,113.08
2018-01-09,23849.99,25385.8,112.57
2018-01-10,23788.2,25369.13,111.48
2018-01-11,23710.43,25574.73,111.35
2018-01-12,23653.82,25803.19,111.23
2018-01-13,23653.82,25803.19,111.23
2018-01-14,23653.82,25803.19,111.23
2018-01-15,23714.88,25803.19,111.23
2018-01-16,23951.81,25792.86,110.74
2018-01-17,23868.34,26115.65,110.81
2018-01-18,23763.37,26017.81,110.88
2018-01-19,23808.06,26071.72,110.56
2018-01-20,23808.06,26071.72,110.56
2018-01-21,23808.06,26071.72,110.56
2018-01-22,23816.33,26214.6,111.15
2018-01-23,24124.15,26210.81,110.46
2018-01-24,23940.78,26252.12,109.15
2018-01-25,23669.49,26392.79,108.7
2018-01-26,23631.88,26616.71,108.38
2018-01-27,23631.88,26616.71,108.38
2018-01-28,23631.88,26616.71,108.38
2018-01-29,23629.34,26439.48,109.12
2018-01-30,23291.97,26076.89,108.9
2018-01-31,23098.29,26149.39,109.31
2018-02-01,23486.11,26186.71,109.5
2018-02-02,23274.53,25520.96,110.4
2018-02-03,23274.53,25520.96,110.4
2018-02-04,23274.53,25520.96,110.4
2018-02-05,22682.08,24345.75,110.09
2018-02-06,21610.24,24912.77,109.18
2018-02-07,21645.37,24893.35,109.53
2018-02-08,21890.86,23860.46,109
2018-02-09,21382.62,24190.9,108.44
2018-02-10,21382.62,24190.9,108.44
2018-02-11,21382.62,24190.9,108.44
2018-02-12,21382.62,24601.27,108.72
2018-02-13,21244.68,24640.45,107.59
2018-02-14,21154.17,24893.49,107
2018-02-15,21464.98,25200.37,106.36
2018-02-16,21720.25,25219.38,106.1
2018-02-17,21720.25,25219.38,106.1
2018-02-18,21720.25,25219.38,106.1
2018-02-19,22149.21,25219.38,106.1
2018-02-20,21925.1,24964.75,107.23
2018-02-21,21970.81,24797.78,107.64
2018-02-22,21736.44,24962.48,106.96
2018-02-23,21892.78,25309.99,106.64
2018-02-24,21892.78,25309.99,106.64
2018-02-25,21892.78,25309.99,106.64
2018-02-26,22153.63,25709.27,106.96
2018-02-27,22389.86,25410.03,107.47
2018-02-28,22068.24,25029.2,106.62
2018-03-01,21724.47,24608.98,106.91
2018-03-02,21181.64,24538.06,105.65
2018-03-03,21181.64,24538.06,105.65
2018-03-04,21181.64,24538.06,105.65
2018-03-05,21042.09,24874.76,105.97
2018-03-06,21417.76,24884.12,106.03
2018-03-07,21252.72,24801.36,105.94
2018-03-08,21368.07,24895.21,106.08
2018-03-09,21469.2,25335.74,106.74
2018-03-10,21469.2,25335.74,106.74
2018-03-11,21469.2,25335.74,106.74
2018-03-12,21824.03,25178.61,106.52
2018-03-13,21968.1,25007.03,106.64
2018-03-14,21777.29,24758.12,106.17
2018-03-15,21803.95,24873.66,106.07
2018-03-16,21676.51,24946.51,106.1
2018-03-17,21676.51,24946.51,106.1
2018-03-18,21676.51,24946.51,106.1
2018-03-19,21480.9,24610.91,105.83
2018-03-20,21380.97,24727.27,106.42
2018-03-21,21380.97,24682.31,106.3
2018-03-22,21591.99,23957.89,105.34
2018-03-23,20617.86,23533.2,104.83
2018-03-24,20617.86,23533.2,104.83
2018-03-25,20617.86,23533.2,104.83
2018-03-26,20766.1,24202.6,105
2018-03-27,21317.32,23857.71,105.72
2018-03-28,21031.31,23848.42,106.3
2018-03-29,21159.08,24103.11,106.27
2018-03-30,21454.3,24103.11,106.2
2018-03-31,21454.3,24103.11,106.2
2018-04-01,21454.3,24103.11,106.2
2018-04-02,21388.58,23644.19,105.99
2018-04-03,21292.29,24033.36,106.45
2018-04-04,21319.55,24264.3,106.56
2018-04-05,21645.42,24505.22,107.48
2018-04-06,21567.52,23932.76,107.03
2018-04-07,21567.52,23932.76,107.03
2018-04-08,21567.52,23932.76,107.03
2018-04-09,21678.26,23979.1,107.06
2018-04-10,21794.32,24408,107.3
2018-04-11,21687.1,24189.45,106.78
2018-04-12,21660.28,24483.05,107.3
2018-04-13,21778.74,24360.14,107.52
2018-04-14,21778.74,24360.14,107.52
2018-04-15,21778.74,24360.14,107.52
2018-04-16,21835.53,24573.04,107.26
2018-04-17,21847.59,24786.63,107.09
2018-04-18,22158.2,24748.07,107.26
2018-04-19,22191.18,24664.89,107.42
2018-04-20,22162.24,24462.94,107.6
2018-04-21,22162.24,24462.94,107.6
2018-04-22,22162.24,24462.94,107.6
2018-04-23,22088.04,24448.69,108.62
2018-04-24,22278.12,24024.13,109.03
2018-04-25,22215.32,24083.83,109.33
2018-04-26,22319.61,24322.34,109.3
2018-04-27,22467.87,24311.19,109.12
2018-04-28,22467.87,24311.19,109.12
2018-04-29,22467.87,24311.19,109.12
2018-04-30,22467.87,24163.15,109.28
2018-05-01,22508.03,24099.05,109.69
2018-05-02,22472.78,23924.98,109.89
2018-05-03,22472.78,23930.15,109.06
2018-05-04,22472.78,24262.51,109.16
2018-05-05,22472.78,24262.51,109.16
2018-05-06,22472.78,24262.51,109.16
2018-05-07,22467.16,24357.32,109.14
2018-05-08,22508.69,24360.21,109.16
2018-05-09,22408.88,24542.54,109.68
2018-05-10,22497.18,24739.53,109.53
2018-05-11,22758.48,24831.17,109.26
2018-05-12,22758.48,24831.17,109.26
2018-05-13,22758.48,24831.17,109.26
2018-05-14,22865.86,24899.41,109.52
2018-05-15,22818.02,24706.41,110.25
2018-05-16,22717.23,24768.93,110.22
2018-05-17,22838.37,24713.98,110.76
2018-05-18,22930.36,24715.09,110.71
2018-05-19,22930.36,24715.09,110.71
2018-05-20,22930.36,24715.09,110.71
2018-05-21,23002.37,25013.29,111.08
2018-05-22,22960.34,24834.41,110.94
2018-05-23,22689.74,24886.81,110.05
2018-05-24,22437.01,24811.76,109.3
2018-05-25,22450.79,24753.09,109.35
2018-05-26,22450.79,24753.09,109.35
2018-05-27,22450.79,24753.09,109.35
2018-05-28,22481.09,24753.09,109.35
2018-05-29,22358.43,24361.45,108.62
2018-05-30,22018.52,24667.78,109.04
2018-05-31,22201.82,24415.84,108.73
2018-06-01,22171.35,24635.21,109.49
2018-06-02,22171.35,24635.21,109.49
2018-06-03,22171.35,24635.21,109.49
2018-06-04,22475.94,24813.69,109.66
2018-06-05,22539.54,24799.98,109.63
2018-06-06,22625.73,25146.39,110
2018-06-07,22823.26,25241.41,109.92
2018-06-08,22694.5,25316.53,109.45
2018-06-09,22694.5,25316.53,109.45
2018-06-10,22694.5,25316.53,109.45
2018-06-11,22804.04,25322.31,109.94
2018-06-12,22878.35,25320.73,110.22
2018-06-13,22966.38,25201.2,110.41
2018-06-14,22738.61,25175.31,110.44
2018-06-15,22851.75,25090.48,110.58
2018-06-16,22851.75,25090.48,110.58
2018-06-17,22851.75,25090.48,110.58
2018-06-18,22680.33,24987.47,110.44
2018-06-19,22278.48,24700.21,110.02
2018-06-20,22555.43,24657.8,110.14
2018-06-21,22693.04,24461.7,110.05
2018-06-22,22516.83,24580.89,109.98
2018-06-23,22516.83,24580.89,109.98
2018-06-24,22516.83,24580.89,109.98
2018-06-25,22338.15,24252.8,109.62
2018-06-26,22342,24283.11,109.92
2018-06-27,22271.77,24117.59,110.34
2018-06-28,22270.39,24216.05,110.38
2018-06-29,22304.51,24271.41,110.71
2018-06-30,22304.51,24271.41,110.71
2018-07-01,22304.51,24271.41,110.71
2018-07-02,21811.93,24307.18,110.73
2018-07-03,21785.54,24174.82,110.54
2018-07-04,21717.04,24174.82,110.54
2018-07-05,21546.99,24356.74,110.59
2018-07-06,21788.14,24456.48,110.48
2018-07-07,21788.14,24456.48,110.48
2018-07-08,21788.14,24456.48,110.48
2018-07-09,22052.18,24776.59,110.78
2018-07-10,22196.89,24919.66,111.24
2018-07-11,21932.21,24700.45,111.52
2018-07-12,22187.96,24924.89,112.41
2018-07-13,22597.35,25019.41,112.38
2018-07-14,22597.35,25019.41,112.38
2018-07-15,22597.35,25019.41,112.38
2018-07-16,22597.35,25064.36,112.29
2018-07-17,22697.36,25119.89,112.79
2018-07-18,22794.19,25199.29,112.82
2018-07-19,22764.68,25064.5,112.98
2018-07-20,22697.88,25058.12,111.74
2018-07-21,22697.88,25058.12,111.74
2018-07-22,22697.88,25058.12,111.74
2018-07-23,22396.99,25044.29,111.36
2018-07-24,22510.48,25241.94,111.27
2018-07-25,22614.25,25414.1,111.02
2018-07-26,22586.87,25527.07,111.2
2018-07-27,22712.75,25451.06,110.94
2018-07-28,22712.75,25451.06,110.94
2018-07-29,22712.75,25451.06,110.94
2018-07-30,22544.84,25306.83,110.98
2018-07-31,22553.72,25415.19,111.88
2018-08-01,22746.7,25333.82,111.72
2018-08-02,22512.53,25326.16,111.48
2018-08-03,22525.18,25462.58,111.12
2018-08-04,22525.18,25462.58,111.12
2018-08-05,22525.18,25462.58,111.12
2018-08-06,22507.32,25502.18,111.43
2018-08-07,22662.74,25628.91,111.19
2018-08-08,22644.31,25583.75,110.96
2018-08-09,22598.39,25509.23,110.9
2018-08-10,22298.08,25313.14,110.66
2018-08-11,22298.08,25313.14,110.66
2018-08-12,22298.08,25313.14,110.66
2018-08-13,21857.43,25187.7,110.65
2018-08-14,22356.08,25299.92,110.92
2018-08-15,22204.22,25162.41,110.62
2018-08-16,22192.04,25558.73,110.89
2018-08-17,22270.38,25669.32,110.54
2018-08-18,22270.38,25669.32,110.54
2018-08-19,22270.38,25669.32,110.54
2018-08-20,22199,25758.69,110.38
2018-08-21,22219.73,25822.29,110.48
2018-08-22,22362.55,25733.6,110.54
2018-08-23,22410.82,25656.98,111.14
2018-08-24,22601.77,25790.35,111.22
2018-08-25,22601.77,25790.35,111.22
2018-08-26,22601.77,25790.35,111.22
2018-08-27,22799.64,26049.64,111.09
2018-08-28,22813.47,26064.02,111.04
2018-08-29,22848.22,26124.57,111.8
2018-08-30,22869.5,25986.92,111.17
2018-08-31,22865.15,25964.82,110.98
2018-09-01,22865.15,25964.82,110.98
2018-09-02,22865.15,25964.82,110.98
2018-09-03,22707.38,25964.82,110.98
2018-09-04,22696.9,25952.48,111.44
2018-09-05,22580.83,25974.99,111.47
2018-09-06,22487.94,25995.87,110.87
2018-09-07,22307.06,25916.54,111.18
2018-09-08,22307.06,25916.54,111.18
2018-09-09,22307.06,25916.54,111.18
2018-09-10,22373.09,25857.07,111.09
2018-09-11,22664.69,25971.06,111.54
2018-09-12,22604.61,25998.92,111.29
2018-09-13,22821.32,26145.99,111.92
2018-09-14,23094.67,26154.67,112.09
2018-09-15,23094.67,26154.67,112.09
2018-09-16,23094.67,26154.67,112.09
2018-09-17,23094.67,26062.12,111.97
2018-09-18,23420.54,26246.96,112.3
2018-09-19,23672.52,26405.76,112.21
2018-09-20,23674.93,26656.98,112.58
2018-09-21,23869.93,26743.5,112.62
2018-09-22,23869.93,26743.5,112.62
2018-09-23,23869.93,26743.5,112.62
2018-09-24,23869.93,26562.05,112.62
2018-09-25,23940.26,26492.21,112.88
2018-09-26,24033.79,26385.28,112.92
2018-09-27,23796.74,26439.93,113.38
2018-09-28,24120.04,26458.31,113.48
2018-09-29,24120.04,26458.31,113.48
2018-09-30,24120.04,26458.31,113.48
2018-10-01,24245.76,26651.21,113.96
2018-10-02,24270.62,26773.94,113.66
2018-10-03,24110.96,26828.39,114.19
2018-10-04,23975.62,26627.48,113.79
2018-10-05,23783.72,26447.05,113.56
2018-10-06,23783.72,26447.05,113.56
2018-10-07,23783.72,26447.05,113.56
2018-10-08,23783.72,26486.78,113.56
2018-10-09,23469.39,26430.57,113.13
2018-10-10,23506.04,25598.74,112.71
2018-10-11,22590.86,25052.83,112.26
2018-10-12,22694.66,25339.99,112.02
2018-10-13,22694.66,25339.99,112.02
2018-10-14,22694.66,25339.99,112.02
2018-10-15,22271.3,25250.55,111.82
2018-10-16,22549.24,25798.42,112.16
2018-10-17,22841.12,25706.68,112.21
2018-10-18,22658.16,25379.45,112.11
2018-10-19,22532.08,25444.34,112.52
2018-10-20,22532.08,25444.34,112.52
2018-10-21,22532.08,25444.34,112.52
2018-10-22,22614.82,25317.41,112.78
2018-10-23,22010.78,25191.43,112.12
2018-10-24,22091.18,24583.42,112.58
2018-10-25,21268.73,24984.55,112.54
2018-10-26,21184.6,24688.31,111.65
2018-10-27,21184.6,24688.31,111.65
2018-10-28,21184.6,24688.31,111.65
2018-10-29,21149.8,24442.92,112.49
2018-10-30,21457.29,24874.64,112.76
2018-10-31,21920.46,25115.76,112.86
2018-11-01,21687.65,25380.74,112.79
2018-11-02,22243.66,25270.83,113.09
2018-11-03,22243.66,25270.83,113.09
2018-11-04,22243.66,25270.83,113.09
2018-11-05,21898.99,25461.7,113.22
2018-11-06,22147.75,25635.01,113.38
2018-11-07,22085.8,26180.3,113.32
2018-11-08,22486.92,26191.22,113.87
2018-11-09,22250.25,25989.3,113.77
2018-11-10,22250.25,25989.3,113.77
2018-11-11,22250.25,25989.3,113.77
2018-11-12,22269.88,25387.18,113.77
2018-11-13,21810.52,25286.49,113.97
2018-11-14,21846.48,25080.5,113.7
2018-11-15,21803.62,25289.27,113.46
2018-11-16,21680.34,25413.22,112.76
2018-11-17,21680.34,25413.22,112.76
2018-11-18,21680.34,25413.22,112.76
2018-11-19,21821.16,25017.44,112.54
2018-11-20,21583.12,24465.64,112.66
2018-11-21,21507.54,24464.69,113.06
2018-11-22,21646.55,24464.69,113.06
2018-11-23,21646.55,24285.95,112.83
2018-11-24,21646.55,24285.95,112.83
2018-11-25,21646.55,24285.95,112.83
2018-11-26,21812,24640.24,113.58
2018-11-27,21952.4,24748.73,113.84
2018-11-28,22177.02,25366.43,113.96
2018-11-29,22262.6,25338.84,113.42
2018-11-30,22351.06,25538.46,113.54
2018-12-01,22351.06,25538.46,113.54
2018-12-02,22351.06,25538.46,113.54
2018-12-03,22574.76,25826.43,113.54
2018-12-04,22036.05,25027.07,112.93
2018-12-05,21919.33,25027.07,112.93
2018-12-06,21501.62,24947.67,112.46
2018-12-07,21678.68,24388.95,112.6
2018-12-08,21678.68,24388.95,112.6
2018-12-09,21678.68,24388.95,112.6
2018-12-10,21219.5,24423.26,112.96
2018-12-11,21148.02,24370.24,113.41
2018-12-12,21602.75,24527.27,113.28
2018-12-13,21816.19,24597.38,113.66
2018-12-14,21374.83,24100.51,113.35
2018-12-15,21374.83,24100.51,113.35
2018-12-16,21374.83,24100.51,113.35
2018-12-17,21506.88,23592.98,112.96
2018-12-18,21115.45,23675.64,112.54
2018-12-19,20987.92,23323.66,112.15
2018-12-20,20392.58,22859.6,111.34
2018-12-21,20166.19,22445.37,111.14
2018-12-22,20166.19,22445.37,111.14
2018-12-23,20166.19,22445.37,111.14
2018-12-24,20166.19,21792.2,111.14
2018-12-25,19155.74,21792.2,111.14
2018-12-26,19327.06,22878.45,110.45
2018-12-27,20077.62,23138.82,110.78
2018-12-28,20014.77,23062.4,110.34
2018-12-29,20014.77,23062.4,110.34
2018-12-30,20014.77,23062.4,110.34
2018-12-31,20014.77,23327.46,109.7
2019-01-01,20014.77,23327.46,109.7
2019-01-02,20014.77,23346.24,109.22
2019-01-03,20014.77,22686.22,108.07
2019-01-04,19561.96,23433.16,108.29
2019-01-05,19561.96,23433.16,108.29
2019-01-06,19561.96,23433.16,108.29
2019-01-07,20038.97,23531.35,108.62
2019-01-08,20204.04,23787.45,108.57
2019-01-09,20427.06,23879.12,108.38
2019-01-10,20163.8,24001.92,108.29
2019-01-11,20359.7,23995.95,108.34
2019-01-12,20359.7,23995.95,108.34
2019-01-13,20359.7,23995.95,108.34
2019-01-14,20359.7,23909.84,108.34
2019-01-15,20555.29,24065.59,108.72
2019-01-16,20442.75,24207.16,108.84
2019-01-17,20402.27,24370.1,109.01
2019-01-18,20666.07,24706.35,109.79
2019-01-19,20666.07,24706.35,109.79
2019-01-20,20666.07,24706.35,109.79
2019-01-21,20719.33,24706.35,109.79
2019-01-22,20622.91,24404.48,109.34
2019-01-23,20593.72,24575.62,109.44
2019-01-24,20574.63,24553.24,109.72
2019-01-25,20773.56,24737.2,109.6
2019-01-26,20773.56,24737.2,109.6
2019-01-27,20773.56,24737.2,109.6
2019-01-28,20649,24528.22,109.2
2019-01-29,20664.64,24579.96,109.36
2019-01-30,20556.54,25014.86,109.57
2019-01-31,20773.49,24999.67,108.84
2019-02-01,20788.39,25063.89,109.55
2019-02-02,20788.39,25063.89,109.55
2019-02-03,20788.39,25063.89,109.55
2019-02-04,20883.77,25239.37,109.96
2019-02-05,20844.45,25411.52,109.99
2019-02-06,20874.06,25390.3,109.75
2019-02-07,20751.28,25169.53,109.7
2019-02-08,20333.17,25106.33,109.76
2019-02-09,20333.17,25106.33,109.76
2019-02-10,20333.17,25106.33,109.76
2019-02-11,20333.17,25053.11,110.4
2019-02-12,20864.21,25425.76,110.5
2019-02-13,21144.48,25543.27,110.86
2019-02-14,21139.71,25439.39,110.68
2019-02-15,20900.63,25883.25,110.54
2019-02-16,20900.63,25883.25,110.54
2019-02-17,20900.63,25883.25,110.54
2019-02-18,21281.85,25883.25,110.54
2019-02-19,21302.65,25891.32,110.68
2019-02-20,21431.49,25954.44,110.68
2019-02-21,21464.23,25850.63,110.72
2019-02-22,21425.51,26031.81,110.7
2019-02-23,21425.51,26031.81,110.7
2019-02-24,21425.51,26031.81,110.7
2019-02-25,21528.23,26091.95,111.07
2019-02-26,21449.39,26057.98,110.76
2019-02-27,21556.51,25985.16,110.92
2019-02-28,21385.16,25916,111.38
2019-03-01,21602.69,26026.32,111.89
2019-03-02,21602.69,26026.32,111.89
2019-03-03,21602.69,26026.32,111.89
2019-03-04,21822.04,25819.65,111.68
2019-03-05,21726.28,25806.63,111.98
2019-03-06,21596.81,25673.46,111.66
2019-03-07,21456.01,25473.23,111.6
2019-03-08,21025.56,25450.24,111.11
2019-03-09,21025.56,25450.24,111.11
2019-03-10,21025.56,25450.24,111.11
2019-03-11,21125.09,25650.88,111.21
2019-03-12,21503.69,25554.66,111.38
2019-03-13,21290.24,25702.89,111.23
2019-03-14,21287.02,25709.94,111.71
2019-03-15,21450.85,25848.87,111.57
2019-03-16,21450.85,25848.87,111.57
2019-03-17,21450.85,25848.87,111.57
2019-03-18,21584.5,25914.1,111.41
2019-03-19,21566.85,25887.38,111.38
2019-03-20,21608.92,25745.67,111.41
2019-03-21,21608.92,25962.51,110.86
2019-03-22,21627.34,25502.32,109.76
2019-03-23,21627.34,25502.32,109.76
2019-03-24,21627.34,25502.32,109.76
2019-03-25,20977.11,25516.83,110.09
2019-03-26,21428.39,25657.73,110.5
2019-03-27,21378.73,25625.59,110.38
2019-03-28,21033.76,25717.46,110.54
2019-03-29,21205.81,25928.68,110.68
2019-03-30,21205.81,25928.68,110.68
2019-03-31,21205.81,25928.68,110.68
2019-04-01,21509.03,26258.42,111.29
2019-04-02,21505.31,26179.13,111.32
2019-04-03,21713.21,26218.13,111.48
2019-04-04,21724.95,26384.63,111.55
2019-04-05,21807.5,26424.99,111.71
2019-04-06,21807.5,26424.99,111.71
2019-04-07,21807.5,26424.99,111.71
2019-04-08,21761.65,26341.02,111.47
2019-04-09,21802.59,26150.58,111.08
2019-04-10,21687.57,26157.16,110.92
2019-04-11,21711.38,26143.05,111.48
2019-04-12,21870.56,26412.3,112
2019-04-13,21870.56,26412.3,112
2019-04-14,21870.56,26412.3,112
2019-04-15,22169.11,26384.77,112
2019-04-16,22221.66,26452.66,111.95
2019-04-17,22277.97,26449.54,112
2019-04-18,22090.12,26559.54,111.94
2019-04-19,22200.56,26559.54,111.92
2019-04-20,22200.56,26559.54,111.92
2019-04-21,22200.56,26559.54,111.92
2019-04-22,22217.9,26511.05,111.94
2019-04-23,22259.74,26656.39,111.86
2019-04-24,22200,26597.05,111.81
2019-04-25,22307.58,26462.08,111.59
2019-04-26,22258.73,26543.33,111.6
2019-04-27,22258.73,26543.33,111.6
2019-04-28,22258.73,26543.33,111.6
2019-04-29,22258.73,26554.39,111.8
2019-04-30,22258.73,26592.91,111.4
2019-05-01,22258.73,26430.14,111.18
2019-05-02,22258.73,26307.79,111.39
2019-05-03,22258.73,26504.95,111.28
2019-05-04,22258.73,26504.95,111.28
2019-05-05,22258.73,26504.95,111.28
2019-05-06,22258.73,26438.48,110.86
2019-05-07,21923.72,25965.09,110.34
2019-05-08,21602.59,25967.33,110.12
2019-05-09,21402.13,25828.36,109.55
2019-05-10,21344.92,25942.37,109.56
2019-05-11,21344.92,25942.37,109.56
2019-05-12,21344.92,25942.37,109.56
2019-05-13,21191.28,25324.99,109.18
2019-05-14,21067.23,25532.05,109.68
2019-05-15,21188.56,25648.02,109.58
2019-05-16,21062.98,25862.68,109.89
2019-05-17,21250.09,25764,109.9
2019-05-18,21250.09,25764,109.9
2019-05-19,21250.09,25764,109.9
2019-05-20,21301.73,25679.9,109.96
2019-05-21,21272.45,25877.33,110.6
2019-05-22,21283.37,25776.61,110.28
2019-05-23,21151.14,25490.47,109.58
2019-05-24,21117.22,25585.69,109.38
2019-05-25,21117.22,25585.69,109.38
2019-05-26,21117.22,25585.69,109.38
2019-05-27,21182.58,25585.69,109.38
2019-05-28,21260.14,25347.77,109.49
2019-05-29,21003.37,25126.41,109.24
2019-05-30,20942.53,25169.88,109.67
2019-05-31,20601.19,24815.04,108.66
2019-06-01,20601.19,24815.04,108.66
2019-06-02,20601.19,24815.04,108.66
2019-06-03,20410.88,24819.78,108.39
2019-06-04,20408.54,25332.18,108.3
2019-06-05,20776.1,25539.57,108.2
2019-06-06,20774.04,25720.66,108.08
2019-06-07,20884.71,25983.94,108.15
2019-06-08,20884.71,25983.94,108.15
2019-06-09,20884.71,25983.94,108.15
2019-06-10,21134.42,26062.68,108.56
2019-06-11,21204.28,26048.51,108.52
2019-06-12,21129.72,26004.83,108.42
2019-06-13,21032,26106.77,108.44
2019-06-14,21116.89,26089.61,108.44
2019-06-15,21116.89,26089.61,108.44
2019-06-16,21116.89,26089.61,108.44
2019-06-17,21124,26112.53,108.56
2019-06-18,20972.71,26465.54,108.39
2019-06-19,21333.87,26504,108.36
2019-06-20,21462.86,26753.17,107.52
2019-06-21,21258.64,26719.13,107.55
2019-06-22,21258.64,26719.13,107.55
2019-06-23,21258.64,26719.13,107.55
2019-06-24,21285.99,26727.54,107.36
2019-06-25,21193.81,26548.22,106.92
2019-06-26,21086.59,26536.82,107.64
2019-06-27,21338.17,26526.58,107.73
2019-06-28,21275.92,26599.96,107.84
2019-06-29,21275.92,26599.96,107.84
2019-06-30,21275.92,26599.96,107.84
2019-07-01,21729.97,26717.43,108.42
2019-07-02,21754.27,26786.68,107.98
2019-07-03,21638.16,26966,107.84
2019-07-04,21702.45,26966,107.84
2019-07-05,21746.38,26922.12,108.55
2019-07-06,21746.38,26922.12,108.55
2019-07-07,21746.38,26922.12,108.55
2019-07-08,21534.35,26806.14,108.72
2019-07-09,21565.15,26783.49,108.78
2019-07-10,21533.48,26860.2,108.44
2019-07-11,21643.53,27088.08,108.29
2019-07-12,21685.9,27332.03,108
2019-07-13,21685.9,27332.03,108
2019-07-14,21685.9,27332.03,108
2019-07-15,21685.9,27359.16,107.89
2019-07-16,21535.25,27335.63,108.35
2019-07-17,21469.18,27219.85,108.1
2019-07-18,21046.24,27222.97,107.74
2019-07-19,21466.99,27154.2,107.78
2019-07-20,21466.99,27154.2,107.78
2019-07-21,21466.99,27154.2,107.78
2019-07-22,21416.79,27171.9,107.91
2019-07-23,21620.88,27349.19,108.06
2019-07-24,21709.57,27269.97,108.08
2019-07-25,21756.55,27140.98,108.58
2019-07-26,21658.15,27192.45,108.69
2019-07-27,21658.15,27192.45,108.69
2019-07-28,21658.15,27192.45,108.69
2019-07-29,21616.8,27221.35,108.86
2019-07-30,21709.31,27198.02,108.66
2019-07-31,21521.53,26864.27,108.58
2019-08-01,21540.99,26583.42,108.28
2019-08-02,21087.16,26485.01,106.64
2019-08-03,21087.16,26485.01,106.64
2019-08-04,21087.16,26485.01,106.64
2019-08-05,20720.29,25717.74,106.02
2019-08-06,20585.31,26029.52,106.45
2019-08-07,20516.56,26007.07,105.62
2019-08-08,20593.35,26378.19,106.04
2019-08-09,20684.82,26287.44,105.3
2019-08-10,20684.82,26287.44,105.3
2019-08-11,20684.82,26287.44,105.3
2019-08-12,20684.82,25896.44,105.38
2019-08-13,20455.44,26279.91,106.6
2019-08-14,20655.13,25479.42,105.79
2019-08-15,20405.65,25579.39,106.12
2019-08-16,20418.81,25886.01,106.34
2019-08-17,20418.81,25886.01,106.34
2019-08-18,20418.81,25886.01,106.34
2019-08-19,20563.16,26135.79,106.5
2019-08-20,20677.22,25962.44,106.35
2019-08-21,20618.57,26202.73,106.52
2019-08-22,20628.01,26252.24,106.44
2019-08-23,20710.91,25628.9,105.3
2019-08-24,20710.91,25628.9,105.3
2019-08-25,20710.91,25628.9,105.3
2019-08-26,20261.04,25898.83,106
2019-08-27,20456.08,25777.9,105.8
2019-08-28,20479.42,26036.1,105.86
2019-08-29,20460.93,26362.25,106.5
2019-08-30,20704.37,26403.28,106.3
2019-08-31,20704.37,26403.28,106.3
2019-09-01,20704.37,26403.28,106.3
2019-09-02,20620.19,26403.28,106.3
2019-09-03,20625.16,26118.02,105.88
2019-09-04,20649.14,26355.47,106.28
2019-09-05,21085.94,26728.15,106.96
2019-09-06,21199.57,26797.46,106.8
2019-09-07,21199.57,26797.46,106.8
2019-09-08,21199.57,26797.46,106.8
2019-09-09,21318.42,26835.51,107.14
2019-09-10,21392.1,26909.43,107.34
2019-09-11,21597.76,27137.04,107.73
2019-09-12,21759.61,27182.45,107.97
2019-09-13,21988.29,27219.52,108.12
2019-09-14,21988.29,27219.52,108.12
2019-09-15,21988.29,27219.52,108.12
2019-09-16,21988.29,27076.82,107.94
2019-09-17,22001.32,27110.8,108.12
2019-09-18,21960.71,27147.08,108.17
2019-09-19,22044.45,27094.79,108
2019-09-20,22079.09,26935.07,107.95
2019-09-21,22079.09,26935.07,107.95
2019-09-22,22079.09,26935.07,107.95
2019-09-23,22079.09,26949.99,107.47
2019-09-24,22098.84,26807.77,107.32
2019-09-25,22020.15,26970.71,107.78
2019-09-26,22048.24,26891.12,107.67
2019-09-27,21878.9,26820.25,108.05
2019-09-28,21878.9,26820.25,108.05
2019-09-29,21878.9,26820.25,108.05
2019-09-30,21755.84,26916.83,108.11
2019-10-01,21885.24,26573.04,107.7
2019-10-02,21778.61,26078.62,107.21
2019-10-03,21341.74,26201.04,106.76
2019-10-04,21410.2,26573.72,106.91
2019-10-05,21410.2,26573.72,106.91
2019-10-06,21410.2,26573.72,106.91
2019-10-07,21375.25,26478.02,107.06
2019-10-08,21587.78,26164.04,107.06
2019-10-09,21456.38,26346.01,107.43
2019-10-10,21551.98,26496.67,107.91
2019-10-11,21798.87,26816.59,108.52
2019-10-12,21798.87,26816.59,108.52
2019-10-13,21798.87,26816.59,108.52
2019-10-14,21798.87,26787.36,108.52
2019-10-15,22207.21,27024.8,108.83
2019-10-16,22472.92,27001.98,108.71
2019-10-17,22451.86,27025.88,108.51
2019-10-18,22492.68,26770.2,108.44
2019-10-19,22492.68,26770.2,108.44
2019-10-20,22492.68,26770.2,108.44
2019-10-21,22548.9,26827.64,108.57
2019-10-22,22548.9,26788.1,108.56
2019-10-23,22625.38,26833.95,108.64
2019-10-24,22750.6,26805.53,108.62
2019-10-25,22799.81,26958.06,108.75
2019-10-26,22799.81,26958.06,108.75
2019-10-27,22799.81,26958.06,108.75
2019-10-28,22867.27,27090.72,109.02
2019-10-29,22974.13,27071.46,108.83
2019-10-30,22843.12,27186.69,108.88
2019-10-31,22927.04,27046.23,108.09
2019-11-01,22850.77,27347.36,108.16
2019-11-02,22850.77,27347.36,108.16
2019-11-03,22850.77,27347.36,108.16
2019-11-04,22850.77,27462.11,108.56
2019-11-05,23251.99,27492.63,109.13
2019-11-06,23303.82,27492.56,108.86
2019-11-07,23330.32,27674.8,109.42
2019-11-08,23391.87,27681.24,109.14
2019-11-09,23391.87,27681.24,109.14
2019-11-10,23391.87,27681.24,109.14
2019-11-11,23331.84,27691.49,109.14
2019-11-12,23520.01,27691.49,109.09
2019-11-13,23319.87,27783.59,108.83
2019-11-14,23141.55,27781.96,108.33
2019-11-15,23303.32,28004.89,108.8
2019-11-16,23303.32,28004.89,108.8
2019-11-17,23303.32,28004.89,108.8
2019-11-18,23416.76,28036.22,108.61
2019-11-19,23292.65,27934.02,108.59
2019-11-20,23148.57,27821.09,108.67
2019-11-21,23038.58,27766.29,108.53
2019-11-22,23112.88,27875.62,108.67
2019-11-23,23112.88,27875.62,108.67
2019-11-24,23112.88,27875.62,108.67
2019-11-25,23292.81,28066.47,108.95
2019-11-26,23373.32,28121.68,109.11
2019-11-27,23437.77,28164,109.38
2019-11-28,23409.14,28164,109.38
2019-11-29,23293.91,28051.41,109.47
2019-11-30,23293.91,28051.41,109.47
2019-12-01,23293.91,28051.41,109.47
2019-12-02,23529.5,27783.04,109.09
2019-12-03,23379.81,27502.81,108.53
2019-12-04,23135.23,27649.78,108.87
2019-12-05,23300.09,27677.79,108.69
2019-12-06,23354.4,28015.06,108.66
2019-12-07,23354.4,28015.06,108.66
2019-12-08,23354.4,28015.06,108.66
2019-12-09,23430.7,27909.6,108.59
2019-12-10,23410.19,27881.72,108.73
2019-12-11,23391.86,27911.3,108.67
2019-12-12,23424.81,28132.05,109.16
2019-12-13,24023.1,28135.38,109.28
2019-12-14,24023.1,28135.38,109.28
2019-12-15,24023.1,28135.38,109.28
2019-12-16,23952.35,28235.89,109.64
2019-12-17,24066.12,28267.16,109.52
2019-12-18,23934.43,28239.28,109.58
2019-12-19,23864.85,28376.96,109.23
2019-12-20,23816.63,28455.09,109.45
2019-12-21,23816.63,28455.09,109.45
2019-12-22,23816.63,28455.09,109.45
2019-12-23,23821.11,28551.53,109.39
2019-12-24,23830.58,28515.45,109.38
2019-12-25,23782.87,28515.45,109.38
2019-12-26,23924.92,28621.39,109.67
2019-12-27,23837.72,28645.26,109.47
2019-12-28,23837.72,28645.26,109.47
2019-12-29,23837.72,28645.26,109.47
2019-12-30,23656.62,28462.14,108.85
2019-12-31,23656.62,28538.44,108.67
2020-01-01,23656.62,28538.44,108.67
2020-01-02,23656.62,28868.8,108.43
2020-01-03,23656.62,28634.88,107.94
2020-01-04,23656.62,28634.88,107.94
2020-01-05,23656.62,28634.88,107.94
2020-01-06,23204.86,28703.38,108.36
2020-01-07,23575.72,28583.68,108.53
2020-01-08,23204.76,28745.09,109.03
2020-01-09,23739.87,28956.9,109.47
2020-01-10,23850.57,28823.77,109.5
2020-01-11,23850.57,28823.77,109.5
2020-01-12,23850.57,28823.77,109.5
2020-01-13,23850.57,28907.05,109.93
2020-01-14,24025.17,28939.67,110.05
2020-01-15,23916.58,29030.22,109.94
2020-01-16,23933.13,29297.64,110.16
2020-01-17,24041.26,29348.1,110.16
2020-01-18,24041.26,29348.1,110.16
2020-01-19,24041.26,29348.1,110.16
2020-01-20,24083.51,29348.1,110.16
2020-01-21,23864.56,29196.04,109.95
2020-01-22,24031.35,29186.27,109.93
2020-01-23,23795.44,29160.09,109.39
2020-01-24,23827.18,28989.73,109.31
2020-01-25,23827.18,28989.73,109.31
2020-01-26,23827.18,28989.73,109.31
2020-01-27,23343.51,28535.8,108.95
2020-01-28,23215.71,28722.85,109.17
2020-01-29,23379.4,28734.45,109.15
2020-01-30,22977.75,28859.44,108.75
2020-01-31,23205.18,28256.03,108.5
2020-02-01,23205.18,28256.03,108.5
2020-02-02,23205.18,28256.03,108.5
2020-02-03,22971.94,28399.81,108.59
2020-02-04,23084.59,28807.63,109.41
2020-02-05,23319.56,29290.85,109.74
2020-02-06,23873.59,29379.77,109.89
2020-02-07,23827.98,29102.51,109.81
2020-02-08,23827.98,29102.51,109.81
2020-02-09,23827.98,29102.51,109.81
2020-02-10,23685.98,29276.82,109.77
2020-02-11,23685.98,29276.34,109.78
2020-02-12,23861.21,29551.42,110
2020-02-13,23827.73,29423.31,109.81
2020-02-14,23687.59,29398.08,109.77
2020-02-15,23687.59,29398.08,109.77
2020-02-16,23687.59,29398.08,109.77
2020-02-17,23523.24,29398.08,109.77
2020-02-18,23193.8,29232.19,109.8
2020-02-19,23400.7,29348.03,111.17
2020-02-20,23479.15,29219.98,111.86
2020-02-21,23386.74,28992.41,111.74
2020-02-22,23386.74,28992.41,111.74
2020-02-23,23386.74,28992.41,111.74
2020-02-24,23386.74,27960.8,110.56
2020-02-25,22605.41,27081.36,110.23
2020-02-26,22426.19,26957.59,110.36
2020-02-27,21948.23,25766.64,110.15
2020-02-28,21142.96,25409.36,108.12
2020-02-29,21142.96,25409.36,108.12
2020-03-01,21142.96,25409.36,108.12
2020-03-02,21344.08,26703.32,108.02
2020-03-03,21082.73,25917.41,107.28
2020-03-04,21100.06,27090.86,107.34
2020-03-05,21329.12,26121.28,106.56
2020-03-06,20749.75,25864.78,105.31
2020-03-07,20749.75,25864.78,105.31
2020-03-08,20749.75,25864.78,105.31
2020-03-09,19698.76,23851.02,102.52
2020-03-10,19867.12,25018.16,103.71
2020-03-11,19416.06,23553.22,104.81
2020-03-12,18559.63,21200.62,105.67
2020-03-13,17431.05,23185.62,107.15
2020-03-14,17431.05,23185.62,107.15
2020-03-15,17431.05,23185.62,107.15
2020-03-16,17002.04,20188.52,105.64
2020-03-17,17011.53,21237.38,107.41
2020-03-18,16726.55,19898.92,108.45
2020-03-19,16552.83,20087.19,110.08
2020-03-20,16552.83,19173.98,111.3
2020-03-21,16552.83,19173.98,111.3
2020-03-22,16552.83,19173.98,111.3
2020-03-23,16887.78,18591.93,111.36
2020-03-24,18092.35,20704.91,111.44
2020-03-25,19546.63,21200.55,111.43
2020-03-26,18664.6,22552.17,109.45
2020-03-27,19389.43,21636.78,108.16
2020-03-28,19389.43,21636.78,108.16
2020-03-29,19389.43,21636.78,108.16
2020-03-30,19084.97,22327.48,108.06
2020-03-31,18917.01,21917.16,107.53
2020-04-01,18065.41,20943.51,107.05
2020-04-02,17818.72,21413.44,107.85
2020-04-03,17820.19,21052.53,108.53
2020-04-04,17820.19,21052.53,108.53
2020-04-05,17820.19,21052.53,108.53
2020-04-06,18576.3,22679.99,109.11
2020-04-07,18950.18,22653.86,108.97
2020-04-08,19353.24,23433.57,108.7
2020-04-09,19345.77,23719.37,108.38
2020-04-10,19498.5,23719.37,108.39
2020-04-11,19498.5,23719.37,108.39
2020-04-12,19498.5,23719.37,108.39
2020-04-13,19043.4,23390.77,107.59
2020-04-14,19638.81,23949.76,107.08
2020-04-15,19550.09,23504.35,107.42
2020-04-16,19290.2,23537.68,107.72
2020-04-17,19897.26,24242.49,107.52
2020-04-18,19897.26,24242.49,107.52
2020-04-19,19897.26,24242.49,107.52
2020-04-20,19669.12,23650.44,107.69
2020-04-21,19280.78,23018.88,107.69
2020-04-22,19137.95,23475.82,107.81
2020-04-23,19429.44,23515.26,107.65
2020-04-24,19262,23775.27,107.44
2020-04-25,19262,23775.27,107.44
2020-04-26,19262,23775.27,107.44
2020-04-27,19783.22,24133.78,107.22
2020-04-28,19771.19,24101.55,106.83
2020-04-29,19771.19,24633.86,106.67
2020-04-30,20193.69,24345.72,106.94
2020-05-01,19619.35,23723.69,106.76
2020-05-02,19619.35,23723.69,106.76
2020-05-03,19619.35,23723.69,106.76
2020-05-04,19619.35,23749.76,106.82
2020-05-05,19619.35,23883.09,106.52
2020-05-06,19619.35,23664.64,106.07
2020-05-07,19674.77,23875.89,106.36
2020-05-08,20179.09,24331.32,106.5
2020-05-09,20179.09,24331.32,106.5
2020-05-10,20179.09,24331.32,106.5
2020-05-11,20390.66,24221.99,107.7
2020-05-12,20366.48,23764.78,107.33
2020-05-13,20267.05,23247.97,106.92
2020-05-14,19914.78,23625.34,107.09
2020-05-15,20037.47,23685.42,107.27
2020-05-16,20037.47,23685.42,107.27
2020-05-17,20037.47,23685.42,107.27
2020-05-18,20133.73,24597.37,107.25
2020-05-19,20433.45,24206.86,107.89
2020-05-20,20595.15,24575.9,107.46
2020-05-21,20552.31,24474.12,107.69
2020-05-22,20388.16,24465.16,107.5
2020-05-23,20388.16,24465.16,107.5
2020-05-24,20388.16,24465.16,107.5
2020-05-25,20741.65,24465.16,107.5
2020-05-26,21271.17,24995.11,107.64
2020-05-27,21419.23,25548.27,107.79
2020-05-28,21916.31,25400.64,107.67
2020-05-29,21877.89,25383.11,107.77
2020-05-30,21877.89,25383.11,107.77
2020-05-31,21877.89,25383.11,107.77
2020-06-01,22062.39,25475.02,107.56
2020-06-02,22325.61,25742.65,108.6
2020-06-03,22613.76,26269.89,108.88
2020-06-04,22695.74,26281.82,109
2020-06-05,22863.73,27110.98,109.68
2020-06-06,22863.73,27110.98,109.68
2020-06-07,22863.73,27110.98,109.68
2020-06-08,23178.1,27572.44,108.46
2020-06-09,23091.03,27272.3,107.66
2020-06-10,23124.95,26989.99,107.25
2020-06-11,22472.91,25128.17,106.67
2020-06-12,22305.48,25605.54,107.36
2020-06-13,22305.48,25605.54,107.36
2020-06-14,22305.48,25605.54,107.36
2020-06-15,21530.95,25763.16,107.33
2020-06-16,22582.21,26289.98,107.35
2020-06-17,22455.76,26119.61,107.26
2020-06-18,22355.46,26080.1,106.78
2020-06-19,22478.79,25871.46,106.89
2020-06-20,22478.79,25871.46,106.89
2020-06-21,22478.79,25871.46,106.89
2020-06-22,22437.27,26024.96,106.84
2020-06-23,22549.05,26156.1,106.44
2020-06-24,22534.32,25445.94,106.83
2020-06-25,22259.79,25745.6,107.21
2020-06-26,22512.08,25015.55,107.19
2020-06-27,22512.08,25015.55,107.19
2020-06-28,22512.08,25015.55,107.19
2020-06-29,21995.04,25595.8,107.71
2020-06-30,22288.14,25812.88,107.77
2020-07-01,22121.73,25734.97,107.5
2020-07-02,22145.96,25827.36,107.55
2020-07-03,22306.48,25827.36,107.55
2020-07-04,22306.48,25827.36,107.55
2020-07-05,22306.48,25827.36,107.55
2020-07-06,22714.44,26287.03,107.5
2020-07-07,22614.69,25890.18,107.53
2020-07-08,22438.65,26067.28,107.39
2020-07-09,22529.29,25706.09,107.27
2020-07-10,22290.81,26075.3,106.77
2020-07-11,22290.81,26075.3,106.77
2020-07-12,22290.81,26075.3,106.77
2020-07-13,22784.74,26085.8,107.22
2020-07-14,22587.01,26642.59,107.2
2020-07-15,22945.5,26870.1,106.92
2020-07-16,22770.36,26734.71,107.05
2020-07-17,22696.42,26671.95,107.06
2020-07-18,22696.42,26671.95,107.06
2020-07-19,22696.42,26671.95,107.06
2020-07-20,22717.48,26680.87,107.21
2020-07-21,22884.22,26840.4,106.82
2020-07-22,22751.61,27005.84,107.18
2020-07-23,22751.61,26652.33,106.83
2020-07-24,22751.61,26469.89,105.79
2020-07-25,22751.61,26469.89,105.79
2020-07-26,22751.61,26469.89,105.79
2020-07-27,22715.85,26584.77,105.29
2020-07-28,22657.38,26379.28,105.03
2020-07-29,22397.11,26539.57,105.06
2020-07-30,22339.23,26313.65,105.05
2020-07-31,21710,26428.32,105.78
2020-08-01,21710,26428.32,105.78
2020-08-02,21710,26428.32,105.78
2020-08-03,22195.38,26664.4,106.11
2020-08-04,22573.66,26828.47,105.87
2020-08-05,22514.85,27201.52,105.44
2020-08-06,22418.15,27386.98,105.52
2020-08-07,22329.94,27433.48,105.92
2020-08-08,22329.94,27433.48,105.92
2020-08-09,22329.94,27433.48,105.92
2020-08-10,22329.94,27791.44,105.85
2020-08-11,22750.24,27686.91,106.56
2020-08-12,22843.96,27976.84,106.85
2020-08-13,23249.61,27896.72,106.89
2020-08-14,23289.36,27931.02,106.49
2020-08-15,23289.36,27931.02,106.49
2020-08-16,23289.36,27931.02,106.49
2020-08-17,23096.75,27844.91,105.97
2020-08-18,23051.08,27778.07,105.41
2020-08-19,23110.61,27692.88,105.71
2020-08-20,22880.62,27739.73,105.81
2020-08-21,22920.3,27930.33,105.88
2020-08-22,22920.3,27930.33,105.88
2020-08-23,22920.3,27930.33,105.88
2020-08-24,22985.51,28308.46,105.9
2020-08-25,23296.77,28248.44,106.4
2020-08-26,23290.86,28331.92,106.13
2020-08-27,23208.86,28492.27,106.42
2020-08-28,22882.65,28653.87,105.3
2020-08-29,22882.65,28653.87,105.3
2020-08-30,22882.65,28653.87,105.3
2020-08-31,23139.76,28430.05,105.84
2020-09-01,23138.07,28645.66,106
2020-09-02,23247.15,29100.5,106.15
2020-09-03,23465.53,28292.73,106.14
2020-09-04,23205.43,28133.31,106.34
2020-09-05,23205.43,28133.31,106.34
2020-09-06,23205.43,28133.31,106.34
2020-09-07,23089.95,28133.31,106.34
2020-09-08,23274.13,27500.89,105.97
2020-09-09,23032.54,27940.47,106.23
2020-09-10,23235.47,27534.58,106.19
2020-09-11,23406.49,27665.64,106.17
2020-09-12,23406.49,27665.64,106.17
2020-09-13,23406.49,27665.64,106.17
2020-09-14,23559.3,27993.33,105.68
2020-09-15,23454.89,27995.6,105.5
2020-09-16,23475.53,28032.38,104.94
2020-09-17,23319.37,27901.98,104.77
2020-09-18,23360.3,27657.42,104.44
2020-09-19,23360.3,27657.42,104.44
2020-09-20,23360.3,27657.42,104.44
2020-09-21,23360.3,27147.7,104.69
2020-09-22,23360.3,27288.18,105.05
2020-09-23,23346.49,26763.13,105.34
2020-09-24,23087.82,26815.44,105.42
2020-09-25,23204.62,27173.96,105.59
2020-09-26,23204.62,27173.96,105.59
2020-09-27,23204.62,27173.96,105.59
2020-09-28,23511.62,27584.06,105.5
2020-09-29,23539.1,27452.66,105.68
2020-09-30,23185.12,27781.7,105.58
2020-10-01,23185.12,27816.9,105.53
2020-10-02,23029.9,27682.81,105.36
2020-10-03,23029.9,27682.81,105.36
2020-10-04,23029.9,27682.81,105.36
2020-10-05,23312.14,28148.64,105.7
2020-10-06,23433.73,27772.76,105.64
2020-10-07,23422.82,28303.46,105.97
2020-10-08,23647.07,28425.51,105.98
2020-10-09,23619.69,28586.9,105.72
2020-10-10,23619.69,28586.9,105.72
2020-10-11,23619.69,28586.9,105.72
2020-10-12,23558.69,28837.52,105.72
2020-10-13,23601.78,28679.81,105.55
2020-10-14,23626.73,28514,105.08
2020-10-15,23507.23,28494.2,105.38
2020-10-16,23410.63,28606.31,105.41
2020-10-17,23410.63,28606.31,105.41
2020-10-18,23410.63,28606.31,105.41
2020-10-19,23671.13,28195.42,105.42
2020-10-20,23567.04,28308.79,105.56
2020-10-21,23639.46,28210.82,104.58
2020-10-22,23474.27,28363.66,104.88
2020-10-23,23516.59,28335.57,104.78
2020-10-24,23516.59,28335.57,104.78
2020-10-25,23516.59,28335.57,104.78
2020-10-26,23494.34,27685.38,104.86
2020-10-27,23485.8,27463.19,104.44
2020-10-28,23418.51,26519.95,104.33
2020-10-29,23331.94,26659.11,104.69
2020-10-30,22977.13,26501.6,104.54
2020-10-31,22977.13,26501.6,104.54
2020-11-01,22977.13,26501.6,104.54
2020-11-02,23295.48,26925.05,104.8
2020-11-03,23295.48,27480.03,104.5
2020-11-04,23695.23,27847.66,104.39
2020-11-05,24105.28,28390.18,103.67
2020-11-06,24325.23,28323.4,103.32
2020-11-07,24325.23,28323.4,103.32
2020-11-08,24325.23,28323.4,103.32
2020-11-09,24839.84,29157.97,105.58
2020-11-10,24905.59,29420.92,105.36
2020-11-11,25349.6,29397.63,105.36
2020-11-12,25520.88,29080.17,105.16
2020-11-13,25385.87,29479.81,104.61
2020-11-14,25385.87,29479.81,104.61
2020-11-15,25385.87,29479.81,104.61
2020-11-16,25906.93,29950.44,104.54
2020-11-17,26014.62,29783.35,104.2
2020-11-18,25728.14,29438.42,103.72
2020-11-19,25634.34,29483.23,103.85
2020-11-20,25527.37,29263.48,103.81
2020-11-21,25527.37,29263.48,103.81
2020-11-22,25527.37,29263.48,103.81
2020-11-23,25527.37,29591.27,104.42
2020-11-24,26165.59,30046.24,104.61
2020-11-25,26296.86,29872.47,104.39
2020-11-26,26537.31,29872.47,104.39
2020-11-27,26644.71,29910.37,104.39
2020-11-28,26644.71,29910.37,104.39
2020-11-29,26644.71,29910.37,104.39
2020-11-30,26433.62,29638.64,104.38
2020-12-01,26787.54,29823.92,104.4
2020-12-02,26800.98,29883.79,104.52
2020-12-03,26809.37,29969.52,103.77
2020-12-04,26751.24,30218.26,104.16
2020-12-05,26751.24,30218.26,104.16
2020-12-06,26751.24,30218.26,104.16
2020-12-07,26547.44,30069.79,104.01
2020-12-08,26467.08,30173.88,104.14
2020-12-09,26817.94,30068.81,104.28
2020-12-10,26756.24,29999.26,104.3
2020-12-11,26652.52,30046.37,103.88
2020-12-12,26652.52,30046.37,103.88
2020-12-13,26652.52,30046.37,103.88
2020-12-14,26732.44,29861.55,104.06
2020-12-15,26687.84,30199.31,103.69
2020-12-16,26757.4,30154.54,103.59
2020-12-17,26806.67,30303.37,103.13
2020-12-18,26763.39,30179.05,103.35
2020-12-19,26763.39,30179.05,103.35
2020-12-20,26763.39,30179.05,103.35
2020-12-21,26714.42,30216.45,103.44
2020-12-22,26436.39,30015.51,103.62
2020-12-23,26524.79,30129.83,103.52
2020-12-24,26668.35,30199.87,103.52
2020-12-25,26656.61,30199.87,103.52
2020-12-26,26656.61,30199.87,103.52
2020-12-27,26656.61,30199.87,103.52
2020-12-28,26854.03,30403.97,103.84
2020-12-29,27568.15,30335.67,103.5
2020-12-30,27444.17,30409.56,103.31
2020-12-31,27444.17,30606.48,103.19
2021-01-01,27444.17,30606.48,103.19
2021-01-02,27444.17,30606.48,103.19
2021-01-03,27444.17,30606.48,103.19
2021-01-04,27258.38,30223.89,103.19
2021-01-05,27158.63,30391.6,102.7
2021-01-06,27055.94,30829.4,103.25
2021-01-07,27490.13,31041.13,103.84
2021-01-08,28139.03,31097.97,103.89
2021-01-09,28139.03,31097.97,103.89
2021-01-10,28139.03,31097.97,103.89
2021-01-11,28139.03,31008.69,104.16
2021-01-12,28164.34,31068.69,104.09
2021-01-13,28456.59,31060.47,103.91
2021-01-14,28698.26,30991.52,103.66
2021-01-15,28519.18,30814.26,103.8
2021-01-16,28519.18,30814.26,103.8
2021-01-17,28519.18,30814.26,103.8
2021-01-18,28242.21,30814.26,103.8
2021-01-19,28633.46,30930.52,103.86
2021-01-20,28523.26,31188.38,103.86
2021-01-21,28756.86,31176.01,103.57
2021-01-22,28631.45,30996.98,103.76
2021-01-23,28631.45,30996.98,103.76
2021-01-24,28631.45,30996.98,103.76
2021-01-25,28822.29,30960,103.78
2021-01-26,28546.18,30937.04,103.69
2021-01-27,28635.21,30303.17,104.09
2021-01-28,28197.42,30603.36,104.31
2021-01-29,27663.39,29982.62,104.64
2021-01-30,27663.39,29982.62,104.64
2021-01-31,27663.39,29982.62,104.64
2021-02-01,28091.05,30211.91,104.97
2021-02-02,28362.17,30687.48,105.09
2021-02-03,28646.5,30723.6,105.05
2021-02-04,28341.95,31055.86,105.43
2021-02-05,28779.19,31148.24,105.44
2021-02-06,28779.19,31148.24,105.44
2021-02-07,28779.19,31148.24,105.44
2021-02-08,29388.5,31385.76,105.19
2021-02-09,29505.93,31375.83,104.62
2021-02-10,29562.93,31437.8,104.67
2021-02-11,29562.93,31430.7,104.75
2021-02-12,29520.07,31458.4,104.94
2021-02-13,29520.07,31458.4,104.94
2021-02-14,29520.07,31458.4,104.94
2021-02-15,30084.15,31458.4,104.94
2021-02-16,30467.75,31522.75,105.88
2021-02-17,30292.19,31613.02,105.83
2021-02-18,30236.09,31493.34,105.69
2021-02-19,30017.92,31494.32,105.58
2021-02-20,30017.92,31494.32,105.58
2021-02-21,30017.92,31494.32,105.58
2021-02-22,30156.03,31521.69,105.06
2021-02-23,30156.03,31537.35,105.21
2021-02-24,29671.7,31961.86,105.91
2021-02-25,30168.27,31402.01,106.22
2021-02-26,28966.01,30932.37,106.64
2021-02-27,28966.01,30932.37,106.64
2021-02-28,28966.01,30932.37,106.64
2021-03-01,29663.5,31535.51,106.68
2021-03-02,29408.17,31391.52,106.75
2021-03-03,29559.1,31270.09,106.92
2021-03-04,28930.11,30924.14,107.58
2021-03-05,28864.32,31496.3,108.24
2021-03-06,28864.32,31496.3,108.24
2021-03-07,28864.32,31496.3,108.24
2021-03-08,28743.25,31802.44,108.92
2021-03-09,29027.94,31832.74,108.64
2021-03-10,29036.56,32297.02,108.58
2021-03-11,29211.64,32485.59,108.44
2021-03-12,29717.83,32778.64,108.87
2021-03-13,29717.83,32778.64,108.87
2021-03-14,29717.83,32778.64,108.87
2021-03-15,29766.97,32953.46,109.11
2021-03-16,29921.09,32825.95,109.01
2021-03-17,29914.33,33015.37,109.22
2021-03-18,30216.75,32862.3,108.97
2021-03-19,29792.05,32627.97,108.85
2021-03-20,29792.05,32627.97,108.85
2021-03-21,29792.05,32627.97,108.85
2021-03-22,29174.15,32731.2,108.67
2021-03-23,28995.92,32423.15,108.61
2021-03-24,28405.52,32420.06,108.81
2021-03-25,28729.88,32619.48,109.13
2021-03-26,29176.7,33072.88,109.55
2021-03-27,29176.7,33072.88,109.55
2021-03-28,29176.7,33072.88,109.55
2021-03-29,29384.52,33171.37,109.73
2021-03-30,29432.7,33066.96,110.19
2021-03-31,29178.8,32981.55,110.61
2021-04-01,29388.87,33153.21,110.61
2021-04-02,29854,33153.21,110.67
2021-04-03,29854,33153.21,110.67
2021-04-04,29854,33153.21,110.67
2021-04-05,30089.25,33527.19,110.08
2021-04-06,29696.63,33430.24,109.83
2021-04-07,29730.79,33446.26,109.67
2021-04-08,29708.98,33503.57,109.25
2021-04-09,29768.06,33800.6,109.64
2021-04-10,29768.06,33800.6,109.64
2021-04-11,29768.06,33800.6,109.64
2021-04-12,29538.73,33745.4,109.43
2021-04-13,29751.61,33677.27,109.19
2021-04-14,29620.99,33730.89,108.93
2021-04-15,29642.69,34035.99,108.78
2021-04-16,29683.37,34200.67,108.78
2021-04-17,29683.37,34200.67,108.78
2021-04-18,29683.37,34200.67,108.78
2021-04-19,29685.37,34077.63,108.09
2021-04-20,29100.38,33821.3,108.07
2021-04-21,28508.55,34137.31,108.09
2021-04-22,29188.17,33815.9,108.17
2021-04-23,29020.63,34043.49,107.94
2021-04-24,29020.63,34043.49,107.94
2021-04-25,29020.63,34043.49,107.94
2021-04-26,29126.23,33981.57,108.12
2021-04-27,28991.89,33984.93,108.56
2021-04-28,29053.97,33820.38,108.81
2021-04-29,29053.97,34060.36,108.94
2021-04-30,28812.63,33874.85,109.33
2021-05-01,28812.63,33874.85,109.33
2021-05-02,28812.63,33874.85,109.33
2021-05-03,28812.63,34113.23,109.08
2021-05-04,28812.63,34133.03,109.34
2021-05-05,28812.63,34230.34,109.27
2021-05-06,29331.37,34548.53,109.17
2021-05-07,29357.82,34777.76,108.52
2021-05-08,29357.82,34777.76,108.52
2021-05-09,29357.82,34777.76,108.52
2021-05-10,29518.34,34742.82,108.7
2021-05-11,28608.59,34269.16,108.53
2021-05-12,28147.51,33587.66,109.53
2021-05-13,27448.01,34021.45,109.56
2021-05-14,28084.47,34382.13,109.37
2021-05-15,28084.47,34382.13,109.37
2021-05-16,28084.47,34382.13,109.37
2021-05-17,27824.83,34327.79,109.17
2021-05-18,28406.84,34060.66,109.01
2021-05-19,28044.45,33896.04,108.76
2021-05-20,28098.25,34084.15,108.79
2021-05-21,28317.83,34207.84,108.94
2021-05-22,28317.83,34207.84,108.94
2021-05-23,28317.83,34207.84,108.94
2021-05-24,28364.61,34393.98,108.81
2021-05-25,28553.98,34312.46,108.95
2021-05-26,28642.19,34323.05,109.1
2021-05-27,28549.01,34464.64,109.81
2021-05-28,29149.41,34529.45,109.83
2021-05-29,29149.41,34529.45,109.83
2021-05-30,29149.41,34529.45,109.83
2021-05-31,28860.08,34529.45,109.83
2021-06-01,28814.34,34575.31,109.43
2021-06-02,28946.14,34600.38,109.59
2021-06-03,29058.11,34577.04,110.28
2021-06-04,28941.52,34756.39,109.42
2021-06-05,28941.52,34756.39,109.42
2021-06-06,28941.52,34756.39,109.42
2021-06-07,29019.24,34630.24,109.25
2021-06-08,28963.56,34599.82,109.47
2021-06-09,28860.8,34447.14,109.61
2021-06-10,28958.56,34466.24,109.49
2021-06-11,28948.73,34479.6,109.75
2021-06-12,28948.73,34479.6,109.75
2021-06-13,28948.73,34479.6,109.75
2021-06-14,29161.8,34393.75,109.98
2021-06-15,29441.3,34299.33,110.12
2021-06-16,29291.01,34033.67,109.88
2021-06-17,29018.33,33823.45,110.28
2021-06-18,28964.08,33290.08,110.21
2021-06-19,28964.08,33290.08,110.21
2021-06-20,28964.08,33290.08,110.21
2021-06-21,28010.93,33876.97,110.22
2021-06-22,28884.13,33945.58,110.75
2021-06-23,28874.89,33874.24,110.86
2021-06-24,28875.23,34196.82,110.91
2021-06-25,29066.18,34433.84,110.78
2021-06-26,29066.18,34433.84,110.78
2021-06-27,29066.18,34433.84,110.78
2021-06-28,29048.02,34283.27,110.5
2021-06-29,28812.61,34292.29,110.53
2021-06-30,28791.53,34502.51,111.05
2021-07-01,28707.04,34633.53,111.56
2021-07-02,28783.28,34786.35,111.28
2021-07-03,28783.28,34786.35,111.28
2021-07-04,28783.28,34786.35,111.28
2021-07-05,28598.19,34786.35,111.28
2021-07-06,28643.21,34577.37,110.66
2021-07-07,28366.95,34681.79,110.62
2021-07-08,28118.03,34421.93,109.82
2021-07-09,27940.42,34870.16,110.18
2021-07-10,27940.42,34870.16,110.18
2021-07-11,27940.42,34870.16,110.18
2021-07-12,28569.02,34996.18,110.36
2021-07-13,28718.24,34888.79,110.36
2021-07-14,28608.49,34933.23,110.03
2021-07-15,28279.09,34987.02,110.05
2021-07-16,28003.08,34687.85,110.13
2021-07-17,28003.08,34687.85,110.13
2021-07-18,28003.08,34687.85,110.13
2021-07-19,27652.74,33962.04,109.45
2021-07-20,27388.16,34511.99,109.92
2021-07-21,27548,34798,110.22
2021-07-22,27548,34823.35,110.1
2021-07-23,27548,35061.55,110.52
2021-07-24,27548,35061.55,110.52
2021-07-25,27548,35061.55,110.52
2021-07-26,27833.29,35144.31,110.31
2021-07-27,27970.22,35058.52,109.64
2021-07-28,27581.66,34930.93,110.06
2021-07-29,27782.42,35084.53,109.53
2021-07-30,27283.59,34935.47,109.7
2021-07-31,27283.59,34935.47,109.7
2021-08-01,27283.59,34935.47,109.7
2021-08-02,27781.02,34838.16,109.22
2021-08-03,27641.83,35116.4,109.09
2021-08-04,27584.08,34792.67,109.44
2021-08-05,27728.12,35064.25,109.75
2021-08-06,27820.04,35208.51,110.22
2021-08-07,27820.04,35208.51,110.22
2021-08-08,27820.04,35208.51,110.22
2021-08-09,27820.04,35101.85,110.25
2021-08-10,27888.15,35264.67,110.54
2021-08-11,28070.51,35484.97,110.47
2021-08-12,28015.02,35499.85,110.36
2021-08-13,27977.15,35515.38,109.75
2021-08-14,27977.15,35515.38,109.75
2021-08-15,27977.15,35515.38,109.75
2021-08-16,27523.19,35625.4,109.26
2021-08-17,27424.47,35343.28,109.59
2021-08-18,27585.91,34960.69,109.92
2021-08-19,27281.17,34894.12,109.75
2021-08-20,27013.25,35120.08,109.77
2021-08-21,27013.25,35120.08,109.77
2021-08-22,27013.25,35120.08,109.77
2021-08-23,27494.24,35335.71,109.78
2021-08-24,27732.1,35366.26,109.68
2021-08-25,27724.8,35405.5,110.03
2021-08-26,27742.29,35213.12,110.09
2021-08-27,27641.14,35455.8,109.84
2021-08-28,27641.14,35455.8,109.84
2021-08-29,27641.14,35455.8,109.84
2021-08-30,27789.29,35399.84,109.91
2021-08-31,28089.54,35360.73,110.05
2021-09-01,28451.02,35312.53,110.03
2021-09-02,28543.51,35443.82,110.01
2021-09-03,29128.11,35369.09,109.64
2021-09-04,29128.11,35369.09,109.64
2021-09-05,29128.11,35369.09,109.64
2021-09-06,29659.89,35369.09,109.64
2021-09-07,29916.14,35100,110.17
2021-09-08,30181.21,35031.07,110.32
2021-09-09,30008.19,34879.38,109.76
2021-09-10,30381.84,34607.72,109.93
2021-09-11,30381.84,34607.72,109.93
2021-09-12,30381.84,34607.72,109.93
2021-09-13,30447.37,34869.63,109.94
2021-09-14,30670.1,34577.57,109.66
2021-09-15,30511.71,34814.39,109.4
2021-09-16,30323.34,34751.32,109.67
2021-09-17,30500.05,34584.88,109.94
2021-09-18,30500.05,34584.88,109.94
2021-09-19,30500.05,34584.88,109.94
2021-09-20,30500.05,33970.47,109.47
2021-09-21,29839.71,33919.84,109.33
2021-09-22,29639.4,34258.32,109.59
2021-09-23,29639.4,34764.82,110.17
2021-09-24,30248.81,34798,110.72
2021-09-25,30248.81,34798,110.72
2021-09-26,30248.81,34798,110.72
2021-09-27,30240.06,34869.37,110.97
2021-09-28,30183.96,34299.99,111.33
2021-09-29,29544.29,34390.72,111.83
2021-09-30,29452.66,33843.92,111.5
2021-10-01,28771.07,34326.46,110.97
2021-10-02,28771.07,34326.46,110.97
2021-10-03,28771.07,34326.46,110.97
2021-10-04,28444.89,34002.92,110.94
2021-10-05,27822.12,34314.67,111.39
2021-10-06,27528.87,34416.99,111.33
2021-10-07,27678.21,34754.94,111.5
2021-10-08,28048.94,34746.25,112.15
2021-10-09,28048.94,34746.25,112.15
2021-10-10,28048.94,34746.25,112.15
2021-10-11,28498.2,34496.06,112.15
2021-10-12,28230.61,34378.34,113.69
2021-10-13,28140.28,34377.81,113.49
2021-10-14,28550.93,34912.56,113.59
2021-10-15,29068.63,35294.76,114.31
2021-10-16,29068.63,35294.76,114.31
2021-10-17,29068.63,35294.76,114.31
2021-10-18,29025.46,35258.61,114.22
2021-10-19,29215.52,35457.31,114.27
2021-10-20,29255.55,35609.34,114.24
2021-10-21,28708.58,35603.08,113.75
2021-10-22,28804.85,35677.02,113.54
2021-10-23,28804.85,35677.02,113.54
2021-10-24,28804.85,35677.02,113.54
2021-10-25,28600.41,35741.15,113.7
2021-10-26,29106.01,35756.88,114.19
2021-10-27,29098.24,35490.69,113.75
2021-10-28,28820.09,35730.48,113.38
2021-10-29,28892.69,35819.56,114.03
2021-10-30,28892.69,35819.56,114.03
2021-10-31,28892.69,35819.56,114.03
2021-11-01,29647.08,35913.84,114.19
2021-11-02,29520.9,36052.63,113.78
2021-11-03,29520.9,36157.58,114.06
2021-11-04,29794.37,36124.23,113.63
2021-11-05,29611.57,36327.95,113.45
2021-11-06,29611.57,36327.95,113.45
2021-11-07,29611.57,36327.95,113.45
2021-11-08,29507.05,36432.22,113.15
2021-11-09,29285.46,36319.98,112.87
2021-11-10,29106.78,36079.94,113.89
2021-11-11,29277.86,35921.23,113.89
2021-11-12,29609.97,36100.31,113.9
2021-11-13,29609.97,36100.31,113.9
2021-11-14,29609.97,36100.31,113.9
2021-11-15,29776.8,36087.45,113.96
2021-11-16,29808.12,36142.22,114.62
2021-11-17,29688.33,35931.05,114.33
2021-11-18,29598.66,35870.95,114.22
2021-11-19,29745.87,35601.98,113.81
2021-11-20,29745.87,35601.98,113.81
2021-11-21,29745.87,35601.98,113.81
2021-11-22,29774.11,35619.25,114.69
2021-11-23,29774.11,35813.8,114.98
2021-11-24,29302.66,35804.38,115.34
2021-11-25,29499.28,35804.38,115.34
2021-11-26,28751.62,34899.34,113.46
2021-11-27,28751.62,34899.34,113.46
2021-11-28,28751.62,34899.34,113.46
2021-11-29,28283.92,35135.94,113.75
2021-11-30,27821.76,34483.72,113.22
2021-12-01,27935.62,34022.04,112.82
2021-12-02,27753.37,34639.79,113.1
2021-12-03,28029.57,34580.08,112.88
2021-12-04,28029.57,34580.08,112.88
2021-12-05,28029.57,34580.08,112.88
2021-12-06,27927.37,35227.03,113.31
2021-12-07,28455.6,35719.43,113.61
2021-12-08,28860.62,35754.75,113.83
2021-12-09,28725.47,35754.69,113.53
2021-12-10,28437.77,35970.99,113.36
2021-12-11,28437.77,35970.99,113.36
2021-12-12,28437.77,35970.99,113.36
2021-12-13,28640.49,35650.95,113.42
2021-12-14,28432.64,35544.18,113.63
2021-12-15,28459.72,35927.43,113.83
2021-12-16,29066.32,35897.64,113.67
2021-12-17,28545.68,35365.44,113.56
2021-12-18,28545.68,35365.44,113.56
2021-12-19,28545.68,35365.44,113.56
2021-12-20,27937.81,34932.16,113.45
2021-12-21,28517.59,35492.7,114.11
2021-12-22,28562.21,35753.89,114.22
2021-12-23,28798.37,35950.56,114.42
2021-12-24,28782.59,35950.56,114.42
2021-12-25,28782.59,35950.56,114.42
2021-12-26,28782.59,35950.56,114.42
2021-12-27,28676.46,36302.38,114.85
2021-12-28,29069.16,36398.21,114.75
2021-12-29,28906.88,36488.63,114.97
2021-12-30,28791.71,36398.08,115.17
2021-12-31,28791.71,36338.3,115.17
2022-01-01,28791.71,36338.3,115.17
2022-01-02,28791.71,36338.3,115.17
2022-01-03,28791.71,36585.06,115.27
2022-01-04,29301.79,36799.65,116.12
2022-01-05,29332.16,36407.11,115.91
2022-01-06,28487.87,36236.47,115.78
2022-01-07,28478.56,36231.66,115.61
2022-01-08,28478.56,36231.66,115.61
2022-01-09,28478.56,36231.66,115.61
2022-01-10,28478.56,36068.87,115.14
2022-01-11,28222.48,36252.02,115.38
2022-01-12,28765.66,36290.32,114.74
2022-01-13,28489.13,36113.62,114.06
2022-01-14,28124.28,35911.81,113.89
2022-01-15,28124.28,35911.81,113.89
2022-01-16,28124.28,35911.81,113.89
2022-01-17,28333.52,35911.81,113.89
2022-01-18,28257.25,35368.47,114.6
2022-01-19,27467.23,35028.65,114.28
2022-01-20,27772.93,34715.39,114.08
2022-01-21,27522.26,34265.37,113.72
2022-01-22,27522.26,34265.37,113.72
2022-01-23,27522.26,34265.37,113.72
2022-01-24,27588.37,34364.5,113.82
2022-01-25,27131.34,34297.73,113.88
2022-01-26,27011.33,34168.09,114.33
2022-01-27,26170.3,34160.78,115.47
2022-01-28,26717.34,34725.47,115.21
2022-01-29,26717.34,34725.47,115.21
2022-01-30,26717.34,34725.47,115.21
2022-01-31,27001.98,35131.86,115.22
2022-02-01,27078.48,35405.24,114.77
2022-02-02,27533.6,35629.33,114.36
2022-02-03,27241.31,35111.16,114.88
2022-02-04,27439.99,35089.74,115.22
2022-02-05,27439.99,35089.74,115.22
2022-02-06,27439.99,35089.74,115.22
2022-02-07,27248.87,35091.13,115.09
2022-02-08,27284.52,35462.78,115.62
2022-02-09,27579.87,35768.06,115.44
2022-02-10,27696.08,35241.59,115.84
2022-02-11,27696.08,34738.06,115.91
2022-02-12,27696.08,34738.06,115.91
2022-02-13,27696.08,34738.06,115.91
2022-02-14,27079.59,34566.17,115.72
2022-02-15,26865.19,34988.84,115.64
2022-02-16,27460.4,34934.27,115.41
2022-02-17,27232.87,34312.03,115.03
2022-02-18,27122.07,34079.18,115.08
2022-02-19,27122.07,34079.18,115.08
2022-02-20,27122.07,34079.18,115.08
2022-02-21,26910.87,34079.18,115.08
2022-02-22,26449.61,33596.61,114.94
2022-02-23,26449.61,33131.76,115.12
2022-02-24,25970.82,33223.83,115.45
2022-02-25,26476.5,34058.75,115.62
2022-02-26,26476.5,34058.75,115.62
2022-02-27,26476.5,34058.75,115.62
2022-02-28,26526.82,33892.6,115.11
2022-03-01,26844.72,33294.95,114.87
2022-03-02,26393.03,33891.35,115.59
2022-03-03,26577.27,33794.66,115.67
2022-03-04,25985.47,33614.8,114.65
2022-03-05,25985.47,33614.8,114.65
2022-03-06,25985.47,33614.8,114.65
2022-03-07,25221.41,32817.38,115.41
2022-03-08,24790.95,32632.64,115.64
2022-03-09,24717.53,33286.25,115.87
2022-03-10,25690.4,33174.07,116.05
2022-03-11,25162.78,32944.19,117.08
2022-03-12,25162.78,32944.19,117.08
2022-03-13,25162.78,32944.19,117.08
2022-03-14,25307.85,32945.24,118
2022-03-15,25346.48,33544.34,118.19
2022-03-16,25762.01,34063.1,118.48
2022-03-17,26652.89,34480.76,118.45
2022-03-18,26827.43,34754.93,119.17
2022-03-19,26827.43,34754.93,119.17
2022-03-20,26827.43,34754.93,119.17
2022-03-21,26827.43,34552.99,119.15
2022-03-22,27224.11,34807.46,120.66
2022-03-23,28040.16,34358.5,121.02
2022-03-24,28110.39,34707.94,122.08
2022-03-25,28149.84,34861.24,121.98
2022-03-26,28149.84,34861.24,121.98
2022-03-27,28149.84,34861.24,121.98
2022-03-28,27943.89,34955.89,123.25
2022-03-29,28252.42,35294.19,122.61
2022-03-30,28027.25,35228.81,121.97
2022-03-31,27821.43,34678.35,121.44
2022-04-01,27665.98,34818.27,122.6
2022-04-02,27665.98,34818.27,122.6
2022-04-03,27665.98,34818.27,122.6
2022-04-04,27736.47,34921.88,122.7
2022-04-05,27787.98,34641.18,123.48
2022-04-06,27350.3,34496.51,123.7
2022-04-07,26888.57,34583.57,123.8
2022-04-08,26985.8,34721.12,124.31
2022-04-09,26985.8,34721.12,124.31
2022-04-10,26985.8,34721.12,124.31
2022-04-11,26821.52,34308.08,125.55
2022-04-12,26334.98,34220.36,125.25
2022-04-13,26843.49,34564.59,125.51
2022-04-14,27172,34451.23,125.92
2022-04-15,27093.19,34451.23,126.31
2022-04-16,27093.19,34451.23,126.31
2022-04-17,27093.19,34451.23,126.31
2022-04-18,26799.71,34411.69,126.77
2022-04-19,26985.09,34911.2,128.55
2022-04-20,27217.85,35160.79,127.76
2022-04-21,27553.06,34792.76,128.62
2022-04-22,27105.26,33811.4,128.78
2022-04-23,27105.26,33811.4,128.78
2022-04-24,27105.26,33811.4,128.78
2022-04-25,26590.78,34049.46,127.66
2022-04-26,26700.11,33240.18,127.37
2022-04-27,26386.63,33301.93,128.44
2022-04-28,26847.9,33916.39,130.94
2022-04-29,26847.9,32977.21,129.84
2022-04-30,26847.9,32977.21,129.84
2022-05-01,26847.9,32977.21,129.84
2022-05-02,26818.53,33061.5,130.18
2022-05-03,26818.53,33128.79,130.09
2022-05-04,26818.53,34061.06,129.97
2022-05-05,26818.53,32997.97,130.41
2022-05-06,27003.56,32899.37,130.35
2022-05-07,27003.56,32899.37,130.35
2022-05-08,27003.56,32899.37,130.35
2022-05-09,26319.34,32245.7,130.37
2022-05-10,26167.1,32160.74,130.21
2022-05-11,26213.64,31834.11,130.2
2022-05-12,25748.72,31730.3,128.1
2022-05-13,26427.65,32196.66,129.23
2022-05-14,26427.65,32196.66,129.23
2022-05-15,26427.65,32196.66,129.23
2022-05-16,26547.05,32223.42,129.15
2022-05-17,26659.75,32654.59,129.31
2022-05-18,26911.2,31490.07,128.22
2022-05-19,26402.84,31253.13,127.62
2022-05-20,26739.03,31261.9,127.86
2022-05-21,26739.03,31261.9,127.86
2022-05-22,26739.03,31261.9,127.86
2022-05-23,27001.52,31880.24,127.78
2022-05-24,26748.14,31928.62,126.56
2022-05-25,26677.8,32120.28,127.31
2022-05-26,26604.84,32637.19,127.23
2022-05-27,26781.68,33212.96,127.14
2022-05-28,26781.68,33212.96,127.14
2022-05-29,26781.68,33212.96,127.14
2022-05-30,27369.43,33212.96,127.14
2022-05-31,27279.8,32990.12,128.53
2022-06-01,27457.89,32813.23,130.09
2022-06-02,27413.88,33248.28,129.83
2022-06-03,27761.57,32899.7,130.71
2022-06-04,27761.57,32899.7,130.71
2022-06-05,27761.57,32899.7,130.71
2022-06-06,27915.89,32915.78,131.55
2022-06-07,27943.95,33180.14,132.53
2022-06-08,28234.29,32910.9,134.06
2022-06-09,28246.53,32272.79,134.06
2022-06-10,27824.29,31392.79,134.19
2022-06-11,27824.29,31392.79,134.19
2022-06-12,27824.29,31392.79,134.19
2022-06-13,26987.44,30516.74,134.12
2022-06-14,26629.86,30364.83,134.89
2022-06-15,26326.16,30668.53,134.5
2022-06-16,26431.2,29927.07,131.65
2022-06-17,25963,29888.78,135.14
2022-06-18,25963,29888.78,135.14
2022-06-19,25963,29888.78,135.14
2022-06-20,25771.22,29888.78,135.14
2022-06-21,26246.31,30530.25,136.25
2022-06-22,26149.55,30483.13,136.05
2022-06-23,26171.25,30677.36,134.72
2022-06-24,26491.97,31500.68,135.22
2022-06-25,26491.97,31500.68,135.22
2022-06-26,26491.97,31500.68,135.22
2022-06-27,26871.27,31438.26,135.26
2022-06-28,27049.47,30946.99,136.19
2022-06-29,26804.6,31029.31,136.5
2022-06-30,26393.04,30775.43,135.69
2022-07-01,25935.62,31097.26,135.09
2022-07-02,25935.62,31097.26,135.09
2022-07-03,25935.62,31097.26,135.09
2022-07-04,26153.81,31097.26,135.09
2022-07-05,26423.47,30967.82,135.72
2022-07-06,26107.65,31037.68,135.66
2022-07-07,26490.53,31384.55,135.99
2022-07-08,26517.19,31338.15,136.16
2022-07-09,26517.19,31338.15,136.16
2022-07-10,26517.19,31338.15,136.16
2022-07-11,26812.3,31173.84,137.29
2022-07-12,26336.66,30981.33,136.68
2022-07-13,26478.77,30772.79,137.34
2022-07-14,26643.39,30630.17,138.94
2022-07-15,26788.47,31288.26,138.57
2022-07-16,26788.47,31288.26,138.57
2022-07-17,26788.47,31288.26,138.57
2022-07-18,26788.47,31072.61,138.23
2022-07-19,26961.68,31827.05,137.94
2022-07-20,27680.26,31874.84,138.16
2022-07-21,27803,32036.9,137.94
2022-07-22,27914.66,31899.29,136.12
2022-07-23,27914.66,31899.29,136.12
2022-07-24,27914.66,31899.29,136.12
2022-07-25,27699.25,31990.04,136.72
2022-07-26,27655.21,31761.54,136.62
2022-07-27,27715.75,32197.59,137.31
2022-07-28,27815.48,32529.63,134.45
2022-07-29,27801.64,32845.13,133.25
2022-07-30,27801.64,32845.13,133.25
2022-07-31,27801.64,32845.13,133.25
2022-08-01,27993.35,32798.4,131.8
2022-08-02,27594.73,32396.17,132.32
2022-08-03,27741.9,32812.5,134.18
2022-08-04,27932.2,32726.82,133.28
2022-08-05,28175.87,32803.47,135.33
2022-08-06,28175.87,32803.47,135.33
2022-08-07,28175.87,32803.47,135.33
2022-08-08,28249.24,32832.54,134.73
2022-08-09,27999.96,32774.41,134.95
2022-08-10,27819.33,33309.51,132.58
2022-08-11,27819.33,33336.67,132.66
2022-08-12,28546.98,33761.05,133.57
2022-08-13,28546.98,33761.05,133.57
2022-08-14,28546.98,33761.05,133.57
2022-08-15,28871.78,33912.44,133.13
2022-08-16,28868.91,34152.01,134.38
2022-08-17,29222.77,33980.32,135.4
2022-08-18,28942.14,33999.04,135.29
2022-08-19,28930.33,33706.74,137.01
2022-08-20,28930.33,33706.74,137.01
2022-08-21,28930.33,33706.74,137.01
2022-08-22,28794.5,33063.61,137.57
2022-08-23,28452.75,32909.59,136.36
2022-08-24,28313.47,32969.23,136.92
2022-08-25,28479.01,33291.78,136.83
2022-08-26,28641.38,32283.4,137.07
2022-08-27,28641.38,32283.4,137.07
2022-08-28,28641.38,32283.4,137.07
2022-08-29,27878.96,32098.99,138.74
2022-08-30,28195.58,31790.87,138.73
2022-08-31,28091.53,31510.43,138.69
2022-09-01,27661.47,31656.42,139.93
2022-09-02,27650.84,31318.44,140.03
2022-09-03,27650.84,31318.44,140.03
2022-09-04,27650.84,31318.44,140.03
2022-09-05,27619.61,31318.44,140.03
2022-09-06,27626.51,31145.3,142.95
2022-09-07,27430.3,31581.28,144.39
2022-09-08,28065.28,31774.52,144.05
2022-09-09,28214.75,32151.71,142.44
2022-09-10,28214.75,32151.71,142.44
2022-09-11,28214.75,32151.71,142.44
2022-09-12,28542.11,32381.34,142.41
2022-09-13,28614.63,31104.97,144.3
2022-09-14,27818.62,31135.09,142.93
2022-09-15,27875.91,30961.82,143.57
2022-09-16,27567.65,30822.42,143.04
2022-09-17,27567.65,30822.42,143.04
2022-09-18,27567.65,30822.42,143.04
2022-09-19,27567.65,31019.68,143.34
2022-09-20,27688.42,30706.23,143.64
2022-09-21,27313.13,30183.78,144.14
2022-09-22,27153.83,30076.68,142.16
2022-09-23,27153.83,29590.41,143.18
2022-09-24,27153.83,29590.41,143.18
2022-09-25,27153.83,29590.41,143.18
2022-09-26,26431.55,29260.81,144.45
2022-09-27,26571.87,29134.99,144.71
2022-09-28,26173.98,29683.74,144.15
2022-09-29,26422.05,29225.61,144.45
2022-09-30,25937.21,28725.51,144.71
2022-10-01,25937.21,28725.51,144.71
2022-10-02,25937.21,28725.51,144.71
2022-10-03,26215.79,29490.89,144.5
2022-10-04,26992.21,30316.32,144.32
2022-10-05,27120.53,30273.87,144.73
2022-10-06,27311.3,29926.94,144.94
2022-10-07,27116.11,29296.79,145.19
2022-10-08,27116.11,29296.79,145.19
2022-10-09,27116.11,29296.79,145.19
2022-10-10,27116.11,29202.88,145.19
2022-10-11,26401.25,29239.19,145.55
2022-10-12,26396.83,29210.85,146.87
2022-10-13,26237.42,30038.72,147.15
2022-10-14,27090.76,29634.83,148.46
2022-10-15,27090.76,29634.83,148.46
2022-10-16,27090.76,29634.83,148.46
2022-10-17,26775.79,30185.82,148.71
2022-10-18,27156.14,30523.8,149.23
2022-10-19,27257.38,30423.81,149.77
2022-10-20,27006.96,30333.59,149.82
2022-10-21,26890.58,31082.56,146.35
2022-10-22,26890.58,31082.56,146.35
2022-10-23,26890.58,31082.56,146.35
2022-10-24,26974.9,31499.62,148.76
2022-10-25,27250.28,31836.74,147.85
2022-10-26,27431.84,31839.11,146.5
2022-10-27,27345.24,32033.28,146.02
2022-10-28,27105.2,32861.8,147.68
2022-10-29,27105.2,32861.8,147.68
2022-10-30,27105.2,32861.8,147.68
2022-10-31,27587.46,32732.95,148.63
2022-11-01,27678.92,32653.2,148.11
2022-11-02,27663.39,32147.76,147.11
2022-11-03,27663.39,32001.25,148.18
2022-11-04,27199.74,32403.22,147.22
2022-11-05,27199.74,32403.22,147.22
2022-11-06,27199.74,32403.22,147.22
2022-11-07,27527.64,32827,146.64
2022-11-08,27872.11,33160.83,145.38
2022-11-09,27716.43,32513.94,146.15
2022-11-10,27446.1,33715.37,141.78
2022-11-11,28263.57,33747.86,141.78
2022-11-12,28263.57,33747.86,141.78
2022-11-13,28263.57,33747.86,141.78
2022-11-14,27963.47,33536.7,140.43
2022-11-15,27990.17,33592.92,139.36
2022-11-16,28028.3,33553.83,139.59
2022-11-17,27930.57,33546.32,140.45
2022-11-18,27899.77,33745.69,140.03
2022-11-19,27899.77,33745.69,140.03
2022-11-20,27899.77,33745.69,140.03
2022-11-21,27944.79,33700.28,141.95
2022-11-22,28115.74,34098.1,141.29
2022-11-23,28115.74,34194.06,139.76
2022-11-24,28383.09,34194.06,139.76
2022-11-25,28283.03,34347.03,139.21
2022-11-26,28283.03,34347.03,139.21
2022-11-27,28283.03,34347.03,139.21
2022-11-28,28162.83,33849.46,138.67
2022-11-29,28027.84,33852.53,138.28
2022-11-30,27968.99,34589.77,139.31
2022-12-01,28226.08,34395.01,135.55
2022-12-02,27777.9,34429.88,134.89
2022-12-03,27777.9,34429.88,134.89
2022-12-04,27777.9,34429.88,134.89
2022-12-05,27820.4,33947.1,136.55
2022-12-06,27885.87,33596.34,136.67
2022-12-07,27686.4,33597.92,136.57
2022-12-08,27574.43,33781.48,136.45
2022-12-09,27901.01,33476.46,136.4
2022-12-10,27901.01,33476.46,136.4
2022-12-11,27901.01,33476.46,136.4
2022-12-12,27842.33,34005.04,137.47
2022-12-13,27954.85,34108.64,135.14
2022-12-14,28156.21,33966.35,134.95
2022-12-15,28051.7,33202.22,137.92
2022-12-16,27527.12,32920.46,136.55
2022-12-17,27527.12,32920.46,136.55
2022-12-18,27527.12,32920.46,136.55
2022-12-19,27237.64,32757.54,136.87
2022-12-20,26568.03,32849.74,131.08
2022-12-21,26387.72,33376.48,132.36
2022-12-22,26507.87,33027.49,132.34
2022-12-23,26235.25,33203.93,132.78
2022-12-24,26235.25,33203.93,132.78
2022-12-25,26235.25,33203.93,132.78
2022-12-26,26405.87,33203.93,132.78
2022-12-27,26447.87,33241.56,133.43
2022-12-28,26340.5,32875.71,134.27
2022-12-29,26093.67,33220.8,133.16
2022-12-30,26094.5,33147.25,131.81
2022-12-31,26094.5,33147.25,131.81
2023-01-01,26094.5,33147.25,131.81
2023-01-02,26094.5,33147.25,131.81
2023-01-03,26094.5,33136.37,130.83
2023-01-04,25716.86,33269.77,132
2023-01-05,25820.8,32930.08,133.57
2023-01-06,25973.85,33630.61,132.21
2023-01-07,25973.85,33630.61,132.21
2023-01-08,25973.85,33630.61,132.21
2023-01-09,25973.85,33517.65,131.58
2023-01-10,26175.56,33704.1,132.25
2023-01-11,26446,33973.01,132.58
2023-01-12,26449.82,34189.97,129.75
2023-01-13,26119.52,34302.61,127.85
2023-01-14,26119.52,34302.61,127.85
2023-01-15,26119.52,34302.61,127.85
2023-01-16,25822.32,34302.61,127.85
2023-01-17,26138.68,33910.85,128.18
2023-01-18,26791.12,33296.96,128.45
2023-01-19,26405.23,33044.56,128.48
2023-01-20,26553.53,33375.49,129.97
2023-01-21,26553.53,33375.49,129.97
2023-01-22,26553.53,33375.49,129.97
2023-01-23,26906.04,33629.56,130.69
2023-01-24,27299.19,33733.96,130.07
2023-01-25,27395.01,33743.84,129.64
2023-01-26,27362.75,33949.41,130.4
2023-01-27,27382.56,33978.08,129.94
2023-01-28,27382.56,33978.08,129.94
2023-01-29,27382.56,33978.08,129.94
2023-01-30,27433.4,33717.09,130.34
2023-01-31,27327.11,34086.04,130.17
2023-02-01,27346.88,34092.96,129.27
2023-02-02,27402.05,34053.94,128.45
2023-02-03,27509.46,33926.01,131.07
2023-02-04,27509.46,33926.01,131.07
2023-02-05,27509.46,33926.01,131.07
2023-02-06,27693.65,33891.02,132.76
2023-02-07,27685.47,34156.69,131.37
2023-02-08,27606.46,33949.01,131.27
2023-02-09,27584.35,33699.88,130.98
2023-02-10,27670.98,33869.27,131.5
2023-02-11,27670.98,33869.27,131.5
2023-02-12,27670.98,33869.27,131.5
2023-02-13,27427.32,34245.93,132.71
2023-02-14,27602.77,34089.27,133.05
2023-02-15,27501.86,34128.05,134.22
2023-02-16,27696.44,33696.85,133.95
2023-02-17,27513.13,33826.69,134.21
2023-02-18,27513.13,33826.69,134.21
2023-02-19,27513.13,33826.69,134.21
2023-02-20,27531.94,33826.69,134.21
2023-02-21,27473.1,33129.59,134.87
2023-02-22,27104.32,33045.09,134.77
2023-02-23,27104.32,33153.91,134.8
2023-02-24,27453.48,32816.92,136.36
2023-02-25,27453.48,32816.92,136.36
2023-02-26,27453.48,32816.92,136.36
2023-02-27,27423.96,32889.09,136.18
2023-02-28,27445.56,32656.7,136.09
2023-03-01,27516.53,32661.84,135.82
2023-03-02,27498.87,33003.57,136.84
2023-03-03,27927.47,33390.97,136.09
2023-03-04,27927.47,33390.97,136.09
2023-03-05,27927.47,33390.97,136.09
2023-03-06,28237.78,33431.44,135.93
2023-03-07,28309.16,32856.46,136.9
2023-03-08,28444.19,32798.4,137.18
2023-03-09,28623.15,32254.86,136.41
2023-03-10,28143.97,31909.64,135.05
2023-03-11,28143.97,31909.64,135.05
2023-03-12,28143.97,31909.64,135.05
2023-03-13,27832.96,31819.14,133.13
2023-03-14,27222.04,32155.4,134.33
2023-03-15,27229.48,31874.57,132.81
2023-03-16,27010.61,32246.55,133.01
2023-03-17,27333.79,31861.98,132.01
2023-03-18,27333.79,31861.98,132.01
2023-03-19,27333.79,31861.98,132.01
2023-03-20,26945.67,32244.58,131.59
2023-03-21,26945.67,32560.6,132.27
2023-03-22,27466.61,32030.11,132.67
2023-03-23,27419.61,32105.25,130.99
2023-03-24,27385.25,32237.53,130.64
2023-03-25,27385.25,32237.53,130.64
2023-03-26,27385.25,32237.53,130.64
2023-03-27,27476.87,32432.08,131.49
2023-03-28,27518.25,32394.25,130.97
2023-03-29,27883.78,32717.6,132.69
2023-03-30,27782.93,32859.03,132.71
2023-03-31,28041.48,33274.15,132.75
2023-04-01,28041.48,33274.15,132.75
2023-04-02,28041.48,33274.15,132.75
2023-04-03,28188.15,33601.15,132.35
2023-04-04,28287.42,33402.38,131.6
2023-04-05,27813.26,33482.72,131.11
2023-04-06,27472.63,33485.29,131.67
2023-04-07,27518.31,33485.29,132.11
2023-04-08,27518.31,33485.29,132.11
2023-04-09,27518.31,33485.29,132.11
2023-04-10,27633.66,33586.52,133.75
2023-04-11,27923.37,33684.79,133.63
2023-04-12,28082.7,33646.5,133.25
2023-04-13,28156.97,34029.69,132.37
2023-04-14,28493.47,33886.47,133.74
2023-04-15,28493.47,33886.47,133.74
2023-04-16,28493.47,33886.47,133.74
2023-04-17,28514.78,33987.18,134.51
2023-04-18,28658.83,33976.63,134.11
2023-04-19,28606.76,33897.01,134.79
2023-04-20,28657.57,33786.62,134.1
2023-04-21,28564.37,33808.96,134.28
2023-04-22,28564.37,33808.96,134.28
2023-04-23,28564.37,33808.96,134.28
2023-04-24,28593.52,33875.4,134.41
2023-04-25,28620.07,33530.83,133.96
2023-04-26,28416.47,33301.87,133.72
2023-04-27,28457.68,33826.16,134.04
2023-04-28,28856.44,34098.16,135.99
2023-04-29,28856.44,34098.16,135.99
2023-04-30,28856.44,34098.16,135.99
2023-05-01,29123.18,34051.7,137.35
2023-05-02,29157.95,33684.53,136.46
2023-05-03,29157.95,33414.24,135.31
2023-05-04,29157.95,33127.74,133.76
2023-05-05,29157.95,33674.38,134.85
2023-05-06,29157.95,33674.38,134.85
2023-05-07,29157.95,33674.38,134.85
2023-05-08,28949.88,33618.69,134.83
2023-05-09,29242.82,33561.81,135.15
2023-05-10,29122.18,33531.33,134.52
2023-05-11,29126.72,33309.51,134.46
2023-05-12,29388.3,33300.62,135.63
2023-05-13,29388.3,33300.62,135.63
2023-05-14,29388.3,33300.62,135.63
2023-05-15,29626.34,33348.6,136.07
2023-05-16,29842.99,33012.14,136.62
2023-05-17,30093.59,33420.77,137.51
2023-05-18,30573.93,33535.91,138.5
2023-05-19,30808.35,33426.63,137.67
2023-05-20,30808.35,33426.63,137.67
2023-05-21,30808.35,33426.63,137.67
2023-05-22,31086.82,33286.58,138.65
2023-05-23,30957.77,33055.51,138.74
2023-05-24,30682.68,32799.92,139.14
2023-05-25,30801.13,32764.65,139.81
2023-05-26,30916.31,33093.34,140.53
2023-05-27,30916.31,33093.34,140.53
2023-05-28,30916.31,33093.34,140.53
2023-05-29,31233.54,33093.34,140.53
2023-05-30,31328.16,33042.78,139.83
2023-05-31,30887.88,32908.27,139.78
2023-06-01,31148.01,33061.57,138.74
2023-06-02,31524.22,33762.76,139.76
2023-06-03,31524.22,33762.76,139.76
2023-06-04,31524.22,33762.76,139.76
2023-06-05,32217.43,33562.86,139.64
2023-06-06,32506.78,33573.28,139.67
2023-06-07,31913.74,33665.02,139.98
2023-06-08,31641.27,33833.61,138.83
2023-06-09,32265.17,33876.78,139.35
2023-06-10,32265.17,33876.78,139.35
2023-06-11,32265.17,33876.78,139.35
2023-06-12,32434,34066.33,139.72
2023-06-13,33018.65,34212.12,140
2023-06-14,33502.42,33979.33,139.33
2023-06-15,33485.49,34408.06,140.49
2023-06-16,33706.08,34299.12,141.82
2023-06-17,33706.08,34299.12,141.82
2023-06-18,33706.08,34299.12,141.82
2023-06-19,33370.42,34299.12,141.82
2023-06-20,33388.91,34053.87,141.46
2023-06-21,33575.14,33951.52,142.09
2023-06-22,33264.88,33946.71,142.89
2023-06-23,32781.54,33727.43,143.78
2023-06-24,32781.54,33727.43,143.78
2023-06-25,32781.54,33727.43,143.78
2023-06-26,32698.81,33714.71,143.55
2023-06-27,32538.33,33926.74,144
2023-06-28,33193.99,33852.66,144.23
2023-06-29,33234.14,34122.42,144.72
2023-06-30,33189.04,34407.6,144.47
2023-07-01,33189.04,34407.6,144.47
2023-07-02,33189.04,34407.6,144.47
2023-07-03,33753.33,34418.47,144.5
2023-07-04,33422.52,34418.47,144.5
2023-07-05,33338.7,34288.64,144.56
2023-07-06,32773.02,33922.26,144.09
2023-07-07,32388.42,33734.88,142.21
2023-07-08,32388.42,33734.88,142.21
2023-07-09,32388.42,33734.88,142.21
2023-07-10,32189.73,33944.4,141.56
2023-07-11,32203.57,34261.42,140.51
2023-07-12,31943.93,34347.43,138.21
2023-07-13,32419.33,34395.14,138.14
2023-07-14,32391.26,34509.03,138.74
2023-07-15,32391.26,34509.03,138.74
2023-07-16,32391.26,34509.03,138.74
2023-07-17,32391.26,34585.35,138.92
2023-07-18,32493.89,34951.93,138.94
2023-07-19,32896.03,35061.21,139.76
2023-07-20,32490.52,35225.18,140.39
2023-07-21,32304.25,35227.69,141.75
2023-07-22,32304.25,35227.69,141.75
2023-07-23,32304.25,35227.69,141.75
2023-07-24,32700.94,35411.24,141.19
2023-07-25,32682.51,35438.07,140.91
2023-07-26,32668.34,35520.12,140.41
2023-07-27,32891.16,35282.72,141.03
2023-07-28,32759.23,35459.29,140.72
2023-07-29,32759.23,35459.29,140.72
2023-07-30,32759.23,35459.29,140.72
2023-07-31,33172.22,35559.53,142.18
2023-08-01,33476.58,35630.68,143.34
2023-08-02,32707.69,35282.52,143.21
2023-08-03,32159.28,35215.89,142.42
2023-08-04,32192.75,35065.62,141.79
2023-08-05,32192.75,35065.62,141.79
2023-08-06,32192.75,35065.62,141.79
2023-08-07,32254.56,35473.13,142.45
2023-08-08,32377.29,35314.49,143.17
2023-08-09,32204.33,35123.36,143.58
2023-08-10,32473.65,35176.15,144.4
2023-08-11,32473.65,35281.4,144.94
2023-08-12,32473.65,35281.4,144.94
2023-08-13,32473.65,35281.4,144.94
2023-08-14,32059.91,35307.63,145.3
2023-08-15,32238.89,34946.39,145.4
2023-08-16,31766.82,34765.74,145.81
2023-08-17,31626,34474.83,146.16
2023-08-18,31450.76,34500.66,145.15
2023-08-19,31450.76,34500.66,145.15
2023-08-20,31450.76,34500.66,145.15
2023-08-21,31565.64,34463.69,146.26
2023-08-22,31856.71,34288.83,145.79
2023-08-23,32010.26,34472.98,144.62
2023-08-24,32287.21,34099.42,145.75
2023-08-25,31624.28,34346.9,146.38
2023-08-26,31624.28,34346.9,146.38
2023-08-27,31624.28,34346.9,146.38
2023-08-28,32169.99,34559.98,146.4
2023-08-29,32226.97,34852.67,146.01
2023-08-30,32333.46,34890.24,145.94
2023-08-31,32619.34,34721.91,145.68
2023-09-01,32710.62,34837.71,146.2
2023-09-02,32710.62,34837.71,146.2
2023-09-03,32710.62,34837.71,146.2
2023-09-04,32939.18,34837.71,146.2
2023-09-05,33036.76,34641.97,147.63
2023-09-06,33241.02,34443.19,147.65
2023-09-07,32991.08,34500.73,147.13
2023-09-08,32606.84,34576.59,147.7
2023-09-09,32606.84,34576.59,147.7
2023-09-10,32606.84,34576.59,147.7
2023-09-11,32467.76,34663.72,146.46
2023-09-12,32776.37,34645.99,147.12
2023-09-13,32706.52,34575.53,147.45
2023-09-14,33168.1,34907.11,147.17
2023-09-15,33533.09,34618.24,147.83
2023-09-16,33533.09,34618.24,147.83
2023-09-17,33533.09,34618.24,147.83
2023-09-18,33533.09,34624.3,147.63
2023-09-19,33242.59,34517.73,147.8
2023-09-20,33023.78,34440.88,147.74
2023-09-21,32571.03,34070.42,147.42
2023-09-22,32402.41,33963.84,148.24
2023-09-23,32402.41,33963.84,148.24
2023-09-24,32402.41,33963.84,148.24
2023-09-25,32678.62,34006.88,148.74
2023-09-26,32315.05,33618.88,148.9
2023-09-27,32371.9,33550.27,149.48
2023-09-28,31872.52,33666.34,149.18
2023-09-29,31857.62,33507.5,149.43
2023-09-30,31857.62,33507.5,149.43
2023-10-01,31857.62,33507.5,149.43
2023-10-02,31759.88,33433.35,149.8
2023-10-03,31237.94,33002.38,149.16
2023-10-04,30526.88,33129.55,148.83
2023-10-05,31075.36,33119.57,148.49
2023-10-06,30994.67,33407.58,149.08
2023-10-07,30994.67,33407.58,149.08
2023-10-08,30994.67,33407.58,149.08
2023-10-09,30994.67,33604.65,149.08
2023-10-10,31746.53,33739.3,148.62
2023-10-11,31936.51,33804.87,149.17
2023-10-12,32494.66,33631.14,149.71
2023-10-13,32315.99,33670.29,149.62
2023-10-14,32315.99,33670.29,149.62
2023-10-15,32315.99,33670.29,149.62
2023-10-16,31659.03,33984.54,149.57
2023-10-17,32040.29,33997.65,149.71
2023-10-18,32042.25,33665.08,149.86
2023-10-19,31430.62,33414.17,149.92
2023-10-20,31259.36,33127.28,149.85
2023-10-21,31259.36,33127.28,149.85
2023-10-22,31259.36,33127.28,149.85
2023-10-23,30999.55,32936.41,149.78
2023-10-24,31062.35,33141.38,149.84
2023-10-25,31269.92,33035.93,149.94
2023-10-26,30601.78,32784.3,150.44
2023-10-27,30991.69,32417.59,149.6
2023-10-28,30991.69,32417.59,149.6
2023-10-29,30991.69,32417.59,149.6
2023-10-30,30696.96,32928.96,149.01
2023-10-31,30858.85,33052.87,151.46
2023-11-01,31601.65,33274.58,150.96
2023-11-02,31949.89,33839.08,150.48
2023-11-03,31949.89,34061.32,149.36
2023-11-04,31949.89,34061.32,149.36
2023-11-05,31949.89,34061.32,149.36
2023-11-06,32708.48,34095.86,149.77
2023-11-07,32271.82,34152.6,150.47
2023-11-08,32166.48,34112.27,150.77
2023-11-09,32646.46,33891.94,151.04
2023-11-10,32568.11,34283.1,151.04
2023-11-11,32568.11,34283.1,151.04
2023-11-12,32568.11,34283.1,151.04
2023-11-13,32585.11,34337.87,151.56
2023-11-14,32695.93,34827.7,150.75
2023-11-15,33519.7,34991.21,151.07
2023-11-16,33424.41,34945.47,150.59
2023-11-17,33585.2,34947.28,149.82
2023-11-18,33585.2,34947.28,149.82
2023-11-19,33585.2,34947.28,149.82
2023-11-20,33388.03,35151.04,148.26
2023-11-21,33354.14,35088.29,147.88
2023-11-22,33451.83,35273.03,149.67
2023-11-23,33451.83,35273.03,149.67
2023-11-24,33625.53,35390.15,149.57
2023-11-25,33625.53,35390.15,149.57
2023-11-26,33625.53,35390.15,149.57
2023-11-27,33447.67,35333.47,148.89
2023-11-28,33408.39,35416.98,147.41
2023-11-29,33321.22,35430.42,147.39
2023-11-30,33486.89,35950.89,147.87
2023-12-01,33431.51,36245.5,147
2023-12-02,33431.51,36245.5,147
2023-12-03,33431.51,36245.5,147
2023-12-04,33231.27,36204.44,147.15
2023-12-05,32775.82,36124.56,147.26
2023-12-06,33445.9,36054.43,147.16
2023-12-07,32858.31,36117.38,144.1
2023-12-08,32307.86,36247.87,144.88
2023-12-09,32307.86,36247.87,144.88
2023-12-10,32307.86,36247.87,144.88
2023-12-11,32791.8,36404.93,146.41
2023-12-12,32843.7,36577.94,145.45
2023-12-13,32926.35,37090.24,145.17
2023-12-14,32686.25,37248.35,141.53
2023-12-15,32970.55,37305.16,141.8
2023-12-16,32970.55,37305.16,141.8
2023-12-17,32970.55,37305.16,141.8
2023-12-18,32758.98,37306.02,143.04
2023-12-19,33219.39,37557.92,143.62
2023-12-20,33675.94,37082,143.77
2023-12-21,33140.47,37404.35,142.16
2023-12-22,33169.05,37385.97,142.6
2023-12-23,33169.05,37385.97,142.6
2023-12-24,33169.05,37385.97,142.6
2023-12-25,33254.03,37385.97,142.6
2023-12-26,33305.85,37545.33,142.48
2023-12-27,33681.24,37656.52,142.05
2023-12-28,33539.62,37710.1,141.08
2023-12-29,33464.17,37689.54,140.92
2023-12-30,33464.17,37689.54,140.92
2023-12-31,33464.17,37689.54,140.92
2024-01-01,33464.17,37689.54,140.92
2024-01-02,33464.17,37715.04,141.89
2024-01-03,33464.17,37430.19,143.55
2024-01-04,33288.29,37440.34,144.59
2024-01-05,33377.42,37466.11,144.52
2024-01-06,33377.42,37466.11,144.52
2024-01-07,33377.42,37466.11,144.52
2024-01-08,33377.42,37683.01,143.89
2024-01-09,33763.18,37525.16,144.35
2024-01-10,34441.72,37695.73,145.68
2024-01-11,35049.86,37711.02,146.03
2024-01-12,35577.11,37592.98,144.86
2024-01-13,35577.11,37592.98,144.86
2024-01-14,35577.11,37592.98,144.86
2024-01-15,35901.79,37592.98,144.86
2024-01-16,35619.18,37361.12,147.01
2024-01-17,35477.75,37266.67,148.39
2024-01-18,35466.17,37468.61,148.15
2024-01-19,35963.27,37863.8,148.21
2024-01-20,35963.27,37863.8,148.21
2024-01-21,35963.27,37863.8,148.21
2024-01-22,36546.95,38001.81,147.95
2024-01-23,36517.57,37905.45,148.55
2024-01-24,36226.48,37806.39,147.31
2024-01-25,36236.47,38049.13,147.69
2024-01-26,35751.07,38109.43,147.94
2024-01-27,35751.07,38109.43,147.94
2024-01-28,35751.07,38109.43,147.94
2024-01-29,36026.94,38333.45,147.65
2024-01-30,36065.86,38467.31,147.71
2024-01-31,36286.71,38150.3,146.26
2024-02-01,36011.46,38519.84,146.18
2024-02-02,36158.02,38654.42,148.54
2024-02-03,36158.02,38654.42,148.54
2024-02-04,36158.02,38654.42,148.54
2024-02-05,36354.16,38380.12,148.79
2024-02-06,36160.66,38521.36,148.03
2024-02-07,36119.92,38677.36,148.04
2024-02-08,36863.28,38726.33,149.25
2024-02-09,36897.42,38671.69,149.38
2024-02-10,36897.42,38671.69,149.38
2024-02-11,36897.42,38671.69,149.38
2024-02-12,36897.42,38797.38,149.37
2024-02-13,37963.97,38272.75,150.72
2024-02-14,37703.32,38424.27,150.5
2024-02-15,38157.94,38773.12,150.19
2024-02-16,38487.24,38627.99,150.34
2024-02-17,38487.24,38627.99,150.34
2024-02-18,38487.24,38627.99,150.34
2024-02-19,38470.38,38627.99,150.34
2024-02-20,38363.61,38563.8,149.87
2024-02-21,38262.16,38612.24,150.29
2024-02-22,39098.68,39069.11,150.62
2024-02-23,39098.68,39131.53,150.36
2024-02-24,39098.68,39131.53,150.36
2024-02-25,39098.68,39131.53,150.36
2024-02-26,39233.71,39069.23,150.79
2024-02-27,39239.52,38972.41,150.46
2024-02-28,39208.03,38949.02,150.68
2024-02-29,39166.19,38996.39,149.9
2024-03-01,39910.82,39087.38,150.2
2024-03-02,39910.82,39087.38,150.2
2024-03-03,39910.82,39087.38,150.2
2024-03-04,40109.23,38989.83,150.44
2024-03-05,40097.63,38585.19,150.14
2024-03-06,40090.78,38661.05,149.17
2024-03-07,39598.71,38791.35,148.08
2024-03-08,39688.94,38722.69,147.17
2024-03-09,39688.94,38722.69,147.17
2024-03-10,39688.94,38722.69,147.17
2024-03-11,38820.49,38769.66,146.86
2024-03-12,38797.51,39005.49,147.69
2024-03-13,38695.97,39043.32,147.73
2024-03-14,38807.38,38905.66,148.19
2024-03-15,38707.64,38714.77,149.14
2024-03-16,38707.64,38714.77,149.14
2024-03-17,38707.64,38714.77,149.14
2024-03-18,39740.44,38790.43,149.13
2024-03-19,40003.6,39110.76,150.73
2024-03-20,40003.6,39512.13,151.66
2024-03-21,40815.66,39781.37,151.59
2024-03-22,40888.43,39475.9,151.35
2024-03-23,40888.43,39475.9,151.35
2024-03-24,40888.43,39475.9,151.35
2024-03-25,40414.12,39313.64,151.42
2024-03-26,40398.03,39282.33,151.58
2024-03-27,40762.73,39760.08,151.35
2024-03-28,40168.07,39807.37,151.35
2024-03-29,40369.44,39807.37,151.22
2024-03-30,40369.44,39807.37,151.22
2024-03-31,40369.44,39807.37,151.22
2024-04-01,39803.09,39566.85,151.72
2024-04-02,39838.91,39170.24,151.55
2024-04-03,39451.85,39127.14,151.67
2024-04-04,39773.14,38596.98,151.66
2024-04-05,38992.08,38904.04,151.59
2024-04-06,38992.08,38904.04,151.59
2024-04-07,38992.08,38904.04,151.59
2024-04-08,39347.04,38892.8,151.78
2024-04-09,39773.13,38883.67,151.73
2024-04-10,39581.81,38461.51,152.9
2024-04-11,39442.63,38459.08,153.19
2024-04-12,39523.55,37983.24,153.12
2024-04-13,39523.55,37983.24,153.12
2024-04-14,39523.55,37983.24,153.12
2024-04-15,39232.8,37735.11,154.25
2024-04-16,38471.2,37798.97,154.57
2024-04-17,37961.8,37753.31,154.61
2024-04-18,38079.7,37775.38,154.61
2024-04-19,37068.35,37986.4,154.55
2024-04-20,37068.35,37986.4,154.55
2024-04-21,37068.35,37986.4,154.55
2024-04-22,37438.61,38239.98,154.77
2024-04-23,37552.16,38503.69,154.81
2024-04-24,38460.08,38460.92,155.11
2024-04-25,37628.48,38085.8,155.52
2024-04-26,37934.76,38239.66,157.62
2024-04-27,37934.76,38239.66,157.62
2024-04-28,37934.76,38239.66,157.62
2024-04-29,37934.76,38386.09,156.71
2024-04-30,38405.66,37815.92,157.54
2024-05-01,38274.05,37903.29,157.65
2024-05-02,38236.07,38225.66,153.77
2024-05-03,38236.07,38675.68,152.85
2024-05-04,38236.07,38675.68,152.85
2024-05-05,38236.07,38675.68,152.85
2024-05-06,38236.07,38852.27,153.85
2024-05-07,38835.1,38884.26,154.59
2024-05-08,38202.37,39056.39,155.42
2024-05-09,38073.98,39387.76,155.68
2024-05-10,38229.11,39512.84,155.85
2024-05-11,38229.11,39512.84,155.85
2024-05-12,38229.11,39512.84,155.85
2024-05-13,38179.46,39431.51,156.17
2024-05-14,38356.06,39558.11,156.5
2024-05-15,38385.73,39908,155.02
2024-05-16,38920.26,39869.38,155.25
2024-05-17,38787.38,40003.59,155.57
2024-05-18,38787.38,40003.59,155.57
2024-05-19,38787.38,40003.59,155.57
2024-05-20,39069.68,39806.77,156.09
2024-05-21,38946.93,39872.99,156.08
2024-05-22,38617.1,39671.04,156.49
2024-05-23,39103.22,39065.26,157.05
2024-05-24,38646.11,39069.59,156.9
2024-05-25,38646.11,39069.59,156.9
2024-05-26,38646.11,39069.59,156.9
2024-05-27,38900.02,39069.59,156.9
2024-05-28,38855.37,38852.86,156.9
2024-05-29,38556.87,38441.54,157.62
2024-05-30,38054.13,38111.48,156.63
2024-05-31,38487.9,38686.32,157.19
2024-06-01,38487.9,38686.32,157.19
2024-06-02,38487.9,38686.32,157.19
2024-06-03,38923.03,38571.03,156.04
2024-06-04,38837.46,38711.29,154.87
2024-06-05,38490.17,38807.33,156.21
2024-06-06,38703.51,38886.17,155.98
2024-06-07,38683.93,38798.99,156.58
2024-06-08,38683.93,38798.99,156.58
2024-06-09,38683.93,38798.99,156.58
2024-06-10,39038.16,38868.04,156.93
2024-06-11,39134.79,38747.42,157.32
2024-06-12,38876.71,38712.21,155.88
2024-06-13,38720.47,38647.1,156.77
2024-06-14,38814.56,38589.16,157.28
2024-06-15,38814.56,38589.16,157.28
2024-06-16,38814.56,38589.16,157.28
2024-06-17,38102.44,38778.1,157.8
2024-06-18,38482.11,38834.86,157.81
2024-06-19,38570.76,38834.86,157.81
2024-06-20,38633.02,39134.76,158.77
2024-06-21,38596.47,39150.33,159.45
2024-06-22,38596.47,39150.33,159.45
2024-06-23,38596.47,39150.33,159.45
2024-06-24,38804.65,39411.21,159.71
2024-06-25,39173.15,39112.16,159.68
2024-06-26,39667.07,39127.8,160.68
2024-06-27,39341.54,39164.06,160.7
2024-06-28,39583.08,39118.86,160.88
2024-06-29,39583.08,39118.86,160.88
2024-06-30,39583.08,39118.86,160.88
2024-07-01,39631.06,39169.52,161.55
2024-07-02,40074.69,39331.85,161.53
2024-07-03,40580.76,39308,161.48
2024-07-04,40913.65,39308,161.48
2024-07-05,40912.37,39375.87,160.73
2024-07-06,40912.37,39375.87,160.73
2024-07-07,40912.37,39375.87,160.73
2024-07-08,40780.7,39344.79,160.77
2024-07-09,41580.17,39291.97,161.4
2024-07-10,41831.99,39721.36,161.73
2024-07-11,42224.02,39753.75,158.58
2024-07-12,41190.68,40000.9,157.88
2024-07-13,41190.68,40000.9,157.88
2024-07-14,41190.68,40000.9,157.88
2024-07-15,41190.68,40211.72,157.89
2024-07-16,41275.08,40954.48,158.57
2024-07-17,41097.69,41198.08,156.56
2024-07-18,40126.35,40665.02,156.97
2024-07-19,40063.79,40287.53,157.38
2024-07-20,40063.79,40287.53,157.38
2024-07-21,40063.79,40287.53,157.38
2024-07-22,39599,40415.44,157.08
2024-07-23,39594.39,40358.09,156.02
2024-07-24,39154.85,39853.87,153.39
2024-07-25,37869.51,39935.07,153.97
2024-07-26,37667.41,40589.34,153.86
2024-07-27,37667.41,40589.34,153.86
2024-07-28,37667.41,40589.34,153.86
2024-07-29,38468.63,40539.93,153.96
2024-07-30,38525.95,40743.33,153.72
2024-07-31,39101.82,40842.79,150.38
2024-08-01,38126.33,40347.97,150.06
2024-08-02,35909.7,39737.26,146.98
2024-08-03,35909.7,39737.26,146.98
2024-08-04,35909.7,39737.26,146.98
2024-08-05,31458.42,38703.27,143.95
2024-08-06,34675.46,38997.66,145.11
2024-08-07,35089.62,38763.45,147.42
2024-08-08,34831.15,39446.49,147.08
2024-08-09,35025,39497.54,146.49
2024-08-10,35025,39497.54,146.49
2024-08-11,35025,39497.54,146.49
2024-08-12,35025,39357.01,147.54
2024-08-13,36232.51,39765.64,146.97
2024-08-14,36442.43,40008.39,146.86
2024-08-15,36726.64,40563.06,148.91
2024-08-16,38062.67,40659.76,148.13
2024-08-17,38062.67,40659.76,148.13
2024-08-18,38062.67,40659.76,148.13
2024-08-19,37388.62,40896.53,146.42
2024-08-20,38062.92,40834.97,145.7
2024-08-21,37951.8,40890.49,145.19
2024-08-22,38211.01,40712.78,145.97
2024-08-23,38364.27,41175.08,144.86
2024-08-24,38364.27,41175.08,144.86
2024-08-25,38364.27,41175.08,144.86
2024-08-26,38110.22,41240.52,144.51
2024-08-27,38288.62,41250.5,144.26
2024-08-28,38371.76,41091.42,144.47
2024-08-29,38362.53,41335.05,144.98
2024-08-30,38647.75,41563.08,145.95
2024-08-31,38647.75,41563.08,145.95
2024-09-01,38647.75,41563.08,145.95
2024-09-02,38700.87,41563.08,145.95
2024-09-03,38686.31,40936.93,145.82
2024-09-04,37047.61,40974.97,144.31
2024-09-05,36657.09,40755.75,143.43
2024-09-06,36391.47,40345.41,142.13
2024-09-07,36391.47,40345.41,142.13
2024-09-08,36391.47,40345.41,142.13
2024-09-09,36215.75,40829.59,142.92
2024-09-10,36159.16,40736.96,142.28
2024-09-11,35619.77,40861.71,141.72
2024-09-12,36833.27,41096.77,142.24
2024-09-13,36581.76,41393.78,140.66
2024-09-14,36581.76,41393.78,140.66
2024-09-15,36581.76,41393.78,140.66
2024-09-16,36581.76,41622.08,140.79
2024-09-17,36203.22,41606.18,141.77
2024-09-18,36380.17,41503.1,141.93
2024-09-19,37155.33,42025.19,142.88
2024-09-20,37723.91,42063.36,143.9
2024-09-21,37723.91,42063.36,143.9
2024-09-22,37723.91,42063.36,143.9
2024-09-23,37723.91,42124.65,143.59
2024-09-24,37940.59,42208.22,143.77
2024-09-25,37870.26,41914.75,144.41
2024-09-26,38925.63,42175.11,144.68
2024-09-27,39829.56,42313,142.6
2024-09-28,39829.56,42313,142.6
2024-09-29,39829.56,42313,142.6
2024-09-30,37919.55,42330.15,143.25
2024-10-01,38651.97,42156.97,143.66
2024-10-02,37808.76,42196.52,146.05
2024-10-03,38552.06,42011.59,146.82
2024-10-04,38635.62,42352.75,148.69
2024-10-05,38635.62,42352.75,148.69
2024-10-06,38635.62,42352.75,148.69
2024-10-07,39332.74,41954.24,148.13
2024-10-08,38937.54,42080.37,148.22
2024-10-09,39277.96,42512,149.2
2024-10-10,39380.89,42454.12,148.56
2024-10-11,39605.8,42863.86,149.12
2024-10-12,39605.8,42863.86,149.12
2024-10-13,39605.8,42863.86,149.12
2024-10-14,39605.8,43065.22,149.12
2024-10-15,39910.55,42740.42,149.22
2024-10-16,39180.3,43077.7,149.71
2024-10-17,38911.19,43239.05,150.12
2024-10-18,38981.75,43275.91,149.58
2024-10-19,38981.75,43275.91,149.58
2024-10-20,38981.75,43275.91,149.58
2024-10-21,38954.6,42931.6,150.47
2024-10-22,38411.96,42924.89,151.11
2024-10-23,38104.86,42514.95,152.81
2024-10-24,38143.29,42374.36,151.87
2024-10-25,37913.92,42114.4,152.08
2024-10-26,37913.92,42114.4,152.08
2024-10-27,37913.92,42114.4,152.08
2024-10-28,38605.53,42387.57,153.21
2024-10-29,38903.68,42233.05,153.47
2024-10-30,39277.39,42141.54,153.15
2024-10-31,39081.25,41763.46,152.35
2024-11-01,38053.67,42052.19,152.94
2024-11-02,38053.67,42052.19,152.94
2024-11-03,38053.67,42052.19,152.94
2024-11-04,38053.67,41794.6,152.02
2024-11-05,38474.9,42221.88,151.96
2024-11-06,39480.67,43729.93,154.58
2024-11-07,39381.41,43729.34,153.13
2024-11-08,39500.37,43988.99,152.58
2024-11-09,39500.37,43988.99,152.58
2024-11-10,39500.37,43988.99,152.58
2024-11-11,39533.32,44293.13,152.58
2024-11-12,39376.09,43910.98,154.73
2024-11-13,38721.66,43958.19,155.28
2024-11-14,38535.7,43750.86,155.96
2024-11-15,38642.91,43444.99,154.59
2024-11-16,38642.91,43444.99,154.59
2024-11-17,38642.91,43444.99,154.59
2024-11-18,38220.85,43389.6,154.78
2024-11-19,38414.43,43268.94,154.34
2024-11-20,38352.34,43408.47,155.38
2024-11-21,38026.17,43870.35,154.66
2024-11-22,38283.85,44296.51,154.73
2024-11-23,38283.85,44296.51,154.73
2024-11-24,38283.85,44296.51,154.73
2024-11-25,38780.14,44736.57,154.29
2024-11-26,38442,44860.31,153.49
2024-11-27,38134.97,44722.06,150.69
2024-11-28,38349.06,44722.06,150.69
2024-11-29,38208.03,44910.65,150.41
2024-11-30,38208.03,44910.65,150.41
2024-12-01,38208.03,44910.65,150.41
2024-12-02,38513.02,44782,149.26
2024-12-03,39248.86,44705.53,149.12
2024-12-04,39276.39,45014.04,150.18
2024-12-05,39395.6,44765.71,150.19
2024-12-06,39091.17,44642.52,149.78
2024-12-07,39091.17,44642.52,149.78
2024-12-08,39091.17,44642.52,149.78
2024-12-09,39160.5,44401.93,151.24
2024-12-10,39367.58,44247.83,152.05
2024-12-11,39372.23,44148.56,152.34
2024-12-12,39849.14,43914.12,152.07
2024-12-13,39470.44,43828.06,153.74
2024-12-14,39470.44,43828.06,153.74
2024-12-15,39470.44,43828.06,153.74
2024-12-16,39457.49,43717.48,154.18
2024-12-17,39364.68,43449.9,153.41
2024-12-18,39081.71,42326.87,154
2024-12-19,38813.58,42342.24,157.73
2024-12-20,38701.9,42840.26,156.11
2024-12-21,38701.9,42840.26,156.11
2024-12-22,38701.9,42840.26,156.11
2024-12-23,39161.34,42906.95,157.04
2024-12-24,39036.85,43297.03,157.29
2024-12-25,39130.43,43297.03,157.29
2024-12-26,39568.06,43325.8,158.01
2024-12-27,40281.16,42992.21,157.73
2024-12-28,40281.16,42992.21,157.73
2024-12-29,40281.16,42992.21,157.73
2024-12-30,39894.54,42573.73,157.26
2024-12-31,39894.54,42544.22,157.37
2025-01-01,39894.54,42544.22,157.37
2025-01-02,39894.54,42392.27,157.65
2025-01-03,39894.54,42732.13,157.2
2025-01-04,39894.54,42732.13,157.2
2025-01-05,39894.54,42732.13,157.2
2025-01-06,39307.05,42706.56,157.54
2025-01-07,40083.3,42528.36,157.82
2025-01-08,39981.06,42635.2,158.31
2025-01-09,39605.09,42635.2,158.01
2025-01-10,39190.4,41938.45,157.68
2025-01-11,39190.4,41938.45,157.68
2025-01-12,39190.4,41938.45,157.68
2025-01-13,39190.4,42297.12,157.51
2025-01-14,38474.3,42518.28,157.95
2025-01-15,38444.58,43221.55,156.6
2025-01-16,38572.6,43153.13,155.44
2025-01-17,38451.46,43487.83,156.3
2025-01-18,38451.46,43487.83,156.3
2025-01-19,38451.46,43487.83,156.3
2025-01-20,38902.5,43487.83,156.3
2025-01-21,39027.98,44025.81,155.49
2025-01-22,39646.25,44156.73,156.62
2025-01-23,39958.87,44565.07,156
2025-01-24,39931.98,44424.25,155.58
2025-01-25,39931.98,44424.25,155.58
2025-01-26,39931.98,44424.25,155.58
2025-01-27,39565.8,44713.58,154.22
2025-01-28,39016.87,44850.35,155.65
2025-01-29,39414.78,44713.52,155.22
2025-01-30,39513.97,44882.13,154.42
2025-01-31,39572.49,44544.66,154.91
2025-02-01,39572.49,44544.66,154.91
2025-02-02,39572.49,44544.66,154.91
2025-02-03,38520.09,44421.91,154.68
2025-02-04,38798.37,44556.04,154.56
2025-02-05,38831.48,44873.28,152.33
2025-02-06,39066.53,44747.63,152.04
2025-02-07,38787.02,44303.4,151.3
2025-02-08,38787.02,44303.4,151.3
2025-02-09,38787.02,44303.4,151.3
2025-02-10,38801.17,44470.41,151.72
2025-02-11,38801.17,44593.65,152.37
2025-02-12,38963.7,44368.56,154.62
2025-02-13,39461.47,44711.43,153.18
2025-02-14,39149.43,44546.08,152.25
2025-02-15,39149.43,44546.08,152.25
2025-02-16,39149.43,44546.08,152.25
2025-02-17,39174.25,44546.08,152.25
2025-02-18,39270.4,44556.34,151.79
2025-02-19,39164.61,44627.59,151.67
2025-02-20,38678.04,44176.65,149.63
2025-02-21,38776.94,43428.02,149.49
2025-02-22,38776.94,43428.02,149.49
2025-02-23,38776.94,43428.02,149.49
2025-02-24,38776.94,43461.21,149.57
2025-02-25,38237.79,43621.16,149.09
2025-02-26,38142.37,43433.12,149.13
2025-02-27,38256.17,43239.5,149.8
2025-02-28,37155.5,43840.91,150.64
2025-03-01,37155.5,43840.91,150.64
2025-03-02,37155.5,43840.91,150.64
2025-03-03,37785.47,43191.24,150.16
2025-03-04,37331.18,42520.99,148.81
2025-03-05,37418.24,43006.59,148.82
2025-03-06,37704.93,42579.08,147.9
2025-03-07,36887.17,42801.72,147.13
2025-03-08,36887.17,42801.72,147.13
2025-03-09,36887.17,42801.72,147.13
2025-03-10,37028.27,41911.71,147.15
2025-03-11,36793.11,41433.48,147.48
2025-03-12,36819.09,41350.93,148.32
2025-03-13,36790.03,40813.57,147.71
2025-03-14,37053.1,41488.19,148.51
2025-03-15,37053.1,41488.19,148.51
2025-03-16,37053.1,41488.19,148.51
2025-03-17,37396.52,41841.63,148.56
2025-03-18,37845.42,41581.31,149.49
2025-03-19,37751.88,41964.63,150.02
2025-03-20,37751.88,41953.32,148.84
2025-03-21,37677.06,41985.35,148.98
2025-03-22,37677.06,41985.35,148.98
2025-03-23,37677.06,41985.35,148.98
2025-03-24,37608.49,42583.32,150.74
2025-03-25,37780.54,42587.5,149.77
2025-03-26,38027.29,42454.79,150.69
2025-03-27,37799.97,42299.7,150.97
2025-03-28,37120.33,41583.9,150.26
2025-03-29,37120.33,41583.9,150.26
2025-03-30,37120.33,41583.9,150.26
2025-03-31,35617.56,42001.76,149.9
2025-04-01,35624.48,41989.96,149.4
2025-04-02,35725.87,42225.32,149.98
2025-04-03,34735.93,40545.93,146.04
2025-04-04,33780.58,38314.86,145.93
2025-04-05,33780.58,38314.86,145.93
2025-04-06,33780.58,38314.86,145.93
2025-04-07,31136.58,37965.6,147.96
2025-04-08,33012.58,37645.59,147.02
2025-04-09,31714.03,40608.45,145.09
2025-04-10,34609,39593.66,144.34
2025-04-11,33585.58,40212.71,143.57
2025-04-12,33585.58,40212.71,143.57
2025-04-13,33585.58,40212.71,143.57
2025-04-14,33982.36,40524.79,142.96
2025-04-15,34267.54,40368.96,143.1
2025-04-16,33920.4,39669.39,142.56
2025-04-17,34377.6,39142.23,142.33
2025-04-18,34730.28,39142.23,142.22
2025-04-19,34730.28,39142.23,142.22
2025-04-20,34730.28,39142.23,142.22
2025-04-21,34279.92,38170.41,140.81
2025-04-22,34220.6,39186.98,140.87
2025-04-23,34868.63,39606.57,142.64
2025-04-24,35039.15,40093.4,142.64
2025-04-25,35705.74,40113.5,143.75
2025-04-26,35705.74,40113.5,143.75
2025-04-27,35705.74,40113.5,143.75
2025-04-28,35839.99,40227.59,142.7
2025-04-29,35839.99,40527.62,142.29
2025-04-30,36045.38,40669.36,142.63
2025-05-01,36452.3,40752.96,145.48
2025-05-02,36830.69,41317.43,144.52
2025-05-03,36830.69,41317.43,144.52
2025-05-04,36830.69,41317.43,144.52
2025-05-05,36830.69,41218.83,143.98
2025-05-06,36830.69,40829,142.76
2025-05-07,36779.66,41113.97,143.47
2025-05-08,36928.63,41368.45,145.46
2025-05-09,37503.33,41249.38,145.15
2025-05-10,37503.33,41249.38,145.15
2025-05-11,37503.33,41249.38,145.15
2025-05-12,37644.26,42410.1,148.09
2025-05-13,38183.26,42140.43,147.75
2025-05-14,38128.13,42051.06,146.54
2025-05-15,37755.51,42322.75,145.61
2025-05-16,37753.72,42654.74,146.02
2025-05-17,37753.72,42654.74,146.02
2025-05-18,37753.72,42654.74,146.02
2025-05-19,37498.63,42792.07,144.99
2025-05-20,37529.49,42677.24,144.72
2025-05-21,37298.98,41860.44,143.68
2025-05-22,36985.87,41859.09,143.89
2025-05-23,37160.47,41603.07,142.61
2025-05-24,37160.47,41603.07,142.61
2025-05-25,37160.47,41603.07,142.61
2025-05-26,37531.53,41603.07,142.61
2025-05-27,37724.11,42343.65,144.37
2025-05-28,37722.4,42098.7,145.04
2025-05-29,38432.98,42215.73,144.09
2025-05-30,37965.1,42270.07,144.18
2025-05-31,37965.1,42270.07,144.18
2025-06-01,37965.1,42270.07,144.18
2025-06-02,37470.67,42305.48,142.76
2025-06-03,37446.81,42519.64,143.93
2025-06-04,37747.45,42427.74,142.91
2025-06-05,37554.49,42319.74,143.87
2025-06-06,37741.61,42762.87,144.87
2025-06-07,37741.61,42762.87,144.87
2025-06-08,37741.61,42762.87,144.87
2025-06-09,38088.57,42761.76,144.37
2025-06-10,38211.51,42866.87,144.91
2025-06-11,38421.19,42865.77,144.48
2025-06-12,38173.09,42967.62,143.64
2025-06-13,37834.25,42197.79,144.04
2025-06-14,37834.25,42197.79,144.04
2025-06-15,37834.25,42197.79,144.04
2025-06-16,38311.33,42515.09,144.14
2025-06-17,38536.74,42215.8,145.04
2025-06-18,38885.15,42171.66,144.58
2025-06-19,38488.34,42171.66,144.58
2025-06-20,38403.23,42206.82,145.92
2025-06-21,38403.23,42206.82,145.92
2025-06-22,38403.23,42206.82,145.92
2025-06-23,38354.09,42581.78,146.47
2025-06-24,38790.56,43089.02,144.9
2025-06-25,38942.07,42982.43,145.59
2025-06-26,39584.58,43386.84,144.34
2025-06-27,40150.79,43819.27,144.74
2025-06-28,40150.79,43819.27,144.74
2025-06-29,40150.79,43819.27,144.74
2025-06-30,40487.39,44094.77,144.17
2025-07-01,39986.33,44494.94,143.58
2025-07-02,39762.48,44484.42,143.76
2025-07-03,39785.9,44828.53,144.96
2025-07-04,39810.88,44828.53,144.96
2025-07-05,39810.88,44828.53,144.96
2025-07-06,39810.88,44828.53,144.96
2025-07-07,39587.68,44406.36,145.86
2025-07-08,39688.81,44240.76,146.81
2025-07-09,39821.28,44458.3,146.53
2025-07-10,39646.36,44650.64,146.46
2025-07-11,39569.68,44371.51,147.29
2025-07-12,39569.68,44371.51,147.29
2025-07-13,39569.68,44371.51,147.29
2025-07-14,39459.62,44459.65,147.69
2025-07-15,39678.02,44023.29,148.75
2025-07-16,39663.4,44254.78,148.08
2025-07-17,39901.19,44484.49,148.55
2025-07-18,39819.11,44342.19,148.55
2025-07-19,39819.11,44342.19,148.55
2025-07-20,39819.11,44342.19,148.55
2025-07-21,39819.11,44323.07,147.27
2025-07-22,39774.92,44502.44,146.36
2025-07-23,41171.32,45010.29,146.55
2025-07-24,41826.34,44693.91,146.92
2025-07-25,41456.23,44901.92,147.77
2025-07-26,41456.23,44901.92,147.77
2025-07-27,41456.23,44901.92,147.77
2025-07-28,40998.27,44837.56,148.45
2025-07-29,40674.55,44632.99,148.57
2025-07-30,40654.7,44461.28,149.07
2025-07-31,41069.82,44130.98,150.6
2025-08-01,40799.6,43588.58,148.06
2025-08-02,40799.6,43588.58,148.06
2025-08-03,40799.6,43588.58,148.06
2025-08-04,40290.7,44173.64,147.09
2025-08-05,40549.54,44111.74,147.49
2025-08-06,40794.86,44193.12,147.25
2025-08-07,41059.15,43968.64,147.35
2025-08-08,41820.48,44175.61,147.7
2025-08-09,41820.48,44175.61,147.7
2025-08-10,41820.48,44175.61,147.7
2025-08-11,41820.48,43975.09,147.99
2025-08-12,42718.17,44458.61,147.8
2025-08-13,43274.67,44922.27,147.25
2025-08-14,42649.26,44911.26,147.69
2025-08-15,43378.31,44946.12,147
2025-08-16,43378.31,44946.12,147
2025-08-17,43378.31,44946.12,147
2025-08-18,43714.31,44911.82,147.76
2025-08-19,43546.29,44922.27,147.72
2025-08-20,42888.55,44938.31,147.19
2025-08-21,42610.17,44785.5,148.35
2025-08-22,42633.29,45631.74,146.82
2025-08-23,42633.29,45631.74,146.82
2025-08-24,42633.29,45631.74,146.82
2025-08-25,42807.82,45282.47,147.61
2025-08-26,42394.4,45418.07,147.3
2025-08-27,42520.27,45565.23,147.75
2025-08-28,42828.79,45636.9,146.98
2025-08-29,42718.47,45544.88,146.9
2025-08-30,42718.47,45544.88,146.9
2025-08-31,42718.47,45544.88,146.9
2025-09-01,42188.79,45544.88,146.9
2025-09-02,42310.49,45295.81,148.23
2025-09-03,41938.89,45271.23,147.97
2025-09-04,42580.27,45621.29,148.63
2025-09-05,43018.75,45400.86,146.84
2025-09-06,43018.75,45400.86,146.84
2025-09-07,43018.75,45400.86,146.84
2025-09-08,43643.81,45514.95,147.58
2025-09-09,43459.29,45711.34,147.23
2025-09-10,43837.67,45490.92,147.37
2025-09-11,44372.5,46108,147.17
2025-09-12,44768.12,45834.22,147.85
2025-09-13,44768.12,45834.22,147.85
2025-09-14,44768.12,45834.22,147.85
2025-09-15,44768.12,45883.45,147.27
2025-09-16,44902.27,45757.9,146.56
2025-09-17,44790.38,46018.32,146.36
2025-09-18,45303.43,46142.42,148.02
2025-09-19,45045.81,46315.27,147.83
2025-09-20,45045.81,46315.27,147.83
2025-09-21,45045.81,46315.27,147.83
2025-09-22,45493.66,46381.54,147.83
2025-09-23,45493.66,46292.78,147.83
2025-09-24,45630.31,46121.28,148.71
2025-09-25,45754.93,45947.32,149.78
2025-09-26,45354.99,46247.29,149.52
2025-09-27,45354.99,46247.29,149.52
2025-09-28,45354.99,46247.29,149.52
2025-09-29,45043.75,46316.07,148.57
2025-09-30,44932.63,46397.89,147.97
2025-10-01,44550.85,46441.1,147.16
2025-10-02,44936.73,46519.72,147.35
2025-10-03,45769.5,46758.28,147.33
2025-10-04,45769.5,46758.28,147.33
2025-10-05,45769.5,46758.28,147.33
2025-10-06,47944.76,46694.97,150.02
2025-10-07,47950.88,46602.98,151.17
2025-10-08,47734.99,46601.78,152.72
2025-10-09,48580.44,46358.42,153.05
2025-10-10,48088.8,45479.6,151.94
2025-10-11,48088.8,45479.6,151.94
2025-10-12,48088.8,45479.6,151.94
2025-10-13,48088.8,46067.58,151.94
2025-10-14,46847.32,46270.46,151.77
2025-10-15,47672.67,46253.31,151.21
2025-10-16,48277.74,45952.24,150.75
2025-10-17,47582.15,46190.61,150.33
2025-10-18,47582.15,46190.61,150.33
2025-10-19,47582.15,46190.61,150.33
2025-10-20,49185.5,46706.58,150.59
2025-10-21,49316.06,46924.74,151.72
2025-10-22,49307.79,46590.41,151.79
2025-10-23,48641.61,46734.61,152.72
2025-10-24,49299.65,47207.12,152.82
2025-10-25,49299.65,47207.12,152.82
2025-10-26,49299.65,47207.12,152.82
2025-10-27,50512.32,47544.59,153.09
2025-10-28,50219.18,47706.37,152.14
2025-10-29,51307.65,47632,151.91
2025-10-30,51325.61,47522.12,154.17
2025-10-31,52411.34,47562.87,154.05
2025-11-01,52411.34,47562.87,154.05
2025-11-02,52411.34,47562.87,154.05
2025-11-03,52411.34,47336.68,154.13
2025-11-04,51497.2,47085.24,153.55
2025-11-05,50212.27,47311,154.11
2025-11-06,50883.68,46912.3,152.97
2025-11-07,50276.37,46987.1,153.06
2025-11-08,50276.37,46987.1,153.06
2025-11-09,50276.37,46987.1,153.06
2025-11-10,50911.76,47368.63,153.99
2025-11-11,50842.93,47927.96,153.99
2025-11-12,51063.31,48254.82,154.64
2025-11-13,51281.83,47457.22,154.4
2025-11-14,50376.53,47147.48,154.64
2025-11-15,50376.53,47147.48,154.64
2025-11-16,50376.53,47147.48,154.64
2025-11-17,50323.91,46590.24,155.2
2025-11-18,48702.98,46091.74,155.44
2025-11-19,48537.7,46138.77,156.63
2025-11-20,49823.94,45752.26,157.41
2025-11-21,48625.88,46245.41,156.58
2025-11-22,48625.88,46245.41,156.58
2025-11-23,48625.88,46245.41,156.58
2025-11-24,48625.88,46448.27,156.94
2025-11-25,48659.52,47112.45,156.3
2025-11-26,49559.07,47427.12,156.38
2025-11-27,50167.1,47427.12,156.38
2025-11-28,50253.91,47716.42,156.17
2025-11-29,50253.91,47716.42,156.17
2025-11-30,50253.91,47716.42,156.17
2025-12-01,49303.28,47289.33,155.28
2025-12-02,49303.45,47474.46,155.92
2025-12-03,49864.68,47882.9,155.17
2025-12-04,51028.42,47850.94,154.9
2025-12-05,50491.87,47954.99,155.3
2025-12-06,50491.87,47954.99,155.3
2025-12-07,50491.87,47954.99,155.3
2025-12-08,50581.94,47739.32,155.89
2025-12-09,50655.1,47560.29,156.85
2025-12-10,50602.8,48057.75,156.33
2025-12-11,50148.82,48704.01,155.15
2025-12-12,50836.55,48458.05,155.81
2025-12-13,50836.55,48458.05,155.81
2025-12-14,50836.55,48458.05,155.81
2025-12-15,50168.11,48416.56,155.29
2025-12-16,49383.29,48114.26,154.8
2025-12-17,49512.28,47885.97,155.6
2025-12-18,49001.5,47951.85,155.53
2025-12-19,49507.21,48134.89,157.43
2025-12-20,49507.21,48134.89,157.43
2025-12-21,49507.21,48134.89,157.43
2025-12-22,50402.39,48362.68,156.93
2025-12-23,50412.87,48442.41,156.33
2025-12-24,50344.1,48731.16,155.83
2025-12-25,50407.79,48731.16,155.83
2025-12-26,50750.39,48710.97,156.63
2025-12-27,50750.39,48710.97,156.63
2025-12-28,50750.39,48710.97,156.63
2025-12-29,50526.92,48461.93,156.1
2025-12-30,50339.48,48367.06,156.26
2025-12-31,50339.48,48063.29,156.8
2026-01-01,50339.48,48063.29,156.8
2026-01-02,50339.48,48382.39,156.72
2026-01-03,50339.48,48382.39,156.72
2026-01-04,50339.48,48382.39,156.72
2026-01-05,51832.8,48977.18,156.32
2026-01-06,52518.08,49462.08,156.7
2026-01-07,51961.98,48996.08,156.73
2026-01-08,51117.26,49266.11,156.9
2026-01-09,51939.89,49504.07,158.07
2026-01-10,51939.89,49504.07,158.07
2026-01-11,51939.89,49504.07,158.07
2026-01-12,51939.89,49590.2,158.15
2026-01-13,53549.16,49191.99,159.06
2026-01-14,54341.23,49149.63,158.13
2026-01-15,54110.5,49442.44,158.5
2026-01-16,53936.17,49359.33,158.02
2026-01-17,53936.17,49359.33,158.02
2026-01-18,53936.17,49359.33,158.02
2026-01-19,53583.57,49359.33,158.02
2026-01-20,52991.1,48488.59,157.89
2026-01-21,52774.64,49077.23,158.16
2026-01-22,53688.89,49384.01,158.36
2026-01-23,53846.87,49098.71,157.57
2026-01-24,53846.87,49098.71,157.57
2026-01-25,53846.87,49098.71,157.57
2026-01-26,52885.25,49412.4,153.88
2026-01-27,53333.54,49003.41,153.03
2026-01-28,53358.71,49015.6,153.6
2026-01-29,53375.6,49071.56,152.88
2026-01-30,53322.85,48892.47,154.34
2026-01-31,53322.85,48892.47,154.34
2026-02-01,53322.85,48892.47,154.34
2026-02-02,52655.18,49407.66,155.5
2026-02-03,54720.66,49240.99,155.7
2026-02-04,54293.36,49501.3,156.61
2026-02-05,53818.04,48908.72,156.91
2026-02-06,54253.68,50115.67,157.1
2026-02-07,54253.68,50115.67,157.1
2026-02-08,54253.68,50115.67,157.1
2026-02-09,56363.94,50135.87,156.08
2026-02-10,57650.54,50188.14,154.28
2026-02-11,57650.54,50121.4,152.93
2026-02-12,57639.84,49451.98,152.64
2026-02-13,56941.97,49500.93,152.77
2026-02-14,56941.97,49500.93,152.77
2026-02-15,56941.97,49500.93,152.77
2026-02-16,56806.41,49500.93,152.77
2026-02-17,56566.49,49533.19,153.57
2026-02-18,57143.84,49662.66,154.45
2026-02-19,57467.83,49395.16,154.96
2026-02-20,56825.7,49625.97,154.99
2026-02-21,56825.7,49625.97,154.99
2026-02-22,56825.7,49625.97,154.99
2026-02-23,56825.7,48804.06,154.3
2026-02-24,57321.09,49174.5,155.66
2026-02-25,58583.12,49482.15,156.3
2026-02-26,58753.39,49499.2,156.13
2026-02-27,58850.27,48977.92,156.05
2026-02-28,58850.27,48977.92,156.05
2026-03-01,58850.27,48977.92,156.05
2026-03-02,58057.24,48904.78,157.48
2026-03-03,56279.05,48501.27,157.69
2026-03-04,54245.54,48739.41,156.93
2026-03-05,55278.06,47954.74,157.58
2026-03-06,55620.84,47501.55,157.64
2026-03-07,55620.84,47501.55,157.64
2026-03-08,55620.84,47501.55,157.64
2026-03-09,52728.72,47740.8,158.08
2026-03-10,54248.39,47706.51,157.6
2026-03-11,55025.37,47417.27,158.83
2026-03-12,54452.96,46677.85,159.21
2026-03-13,53819.61,46558.47,159.54
2026-03-14,53819.61,46558.47,159.54
2026-03-15,53819.61,46558.47,159.54
2026-03-16,53751.15,46946.41,159.3
2026-03-17,53700.39,46993.26,159.03
2026-03-18,55239.4,46225.15,159.48
2026-03-19,53372.53,46021.43,158.19
2026-03-20,53372.53,45577.47,159.26
2026-03-21,53372.53,45577.47,159.26
2026-03-22,53372.53,45577.47,159.26
2026-03-23,51515.49,46208.47,158.7
2026-03-24,52252.28,46124.06,158.9
2026-03-25,53749.62,46429.49,159.2
2026-03-26,53603.65,45960.11,159.65
2026-03-27,53373.07,45166.64,160.16
2026-03-28,53373.07,45166.64,160.16
2026-03-29,53373.07,45166.64,160.16
2026-03-30,51885.85,45216.14,159.49
2026-03-31,51063.72,46341.51,159.08
2026-04-01,53739.68,46565.74,158.63
2026-04-02,52463.27,46504.67,159.34
2026-04-03,53123.49,46504.67,159.64
2026-04-04,53123.49,46504.67,159.64
2026-04-05,53123.49,46504.67,159.64
2026-04-06,53413.68,46669.88,159.71
2026-04-07,53429.56,46584.46,159.9
2026-04-08,56308.42,47909.92,158.39
2026-04-09,55895.32,48185.8,158.87
2026-04-10,56924.11,47916.57,159.22
2026-04-11,56924.11,47916.57,159.22
2026-04-12,56924.11,47916.57,159.22
2026-04-13,56502.77,48218.25,159.74
2026-04-14,57877.39,48535.99,158.91
2026-04-15,58134.24,48463.72,159.02
2026-04-16,59518.34,48578.72,159.07
2026-04-17,58475.9,49447.43,158.1
2026-04-18,58475.9,49447.43,158.1
2026-04-19,58475.9,49447.43,158.1
2026-04-20,58824.89,49442.56,158.66
2026-04-21,59349.17,49149.38,159.39
2026-04-22,59585.86,49490.03,159.49
2026-04-23,59140.23,49310.32,159.44
2026-04-24,59716.18,49230.71,159.35
2026-04-25,59716.18,49230.71,159.35
2026-04-26,59716.18,49230.71,159.35
2026-04-27,60537.36,49167.79,159.29
2026-04-28,59917.46,49141.93,159.53
2026-04-29,59917.46,48861.81,160.23
2026-04-30,59284.92,49652.14,156.66
2026-05-01,59513.12,49499.27,156.76
2026-05-02,59513.12,49499.27,156.76
2026-05-03,59513.12,49499.27,156.76
2026-05-04,59513.12,48941.9,157.21
2026-05-05,59513.12,49298.25,157.68
2026-05-06,59513.12,49910.59,156.44
2026-05-07,62833.84,49596.97,156.48
2026-05-08,62713.65,49609.16,156.64
2026-05-09,62713.65,49609.16,156.64
2026-05-10,62713.65,49609.16,156.64
2026-05-11,62417.88,49704.47,157.04
2026-05-12,62742.57,49760.56,157.71
2026-05-13,63272.11,49693.2,157.84
2026-05-14,62654.05,50063.46,158.08
2026-05-15,61409.29,49526.17,158.69
2026-05-16,61409.29,49526.17,158.69
2026-05-17,61409.29,49526.17,158.69
2026-05-18,60815.95,49686.12,158.83
2026-05-19,60550.59,49363.88,159.11
2026-05-20,59804.41,50009.35,158.84
2026-05-21,61684.14,50285.66,159.16
2026-05-22,63339.07,50579.7,159.2
2026-05-23,63339.07,50579.7,159.2
2026-05-24,63339.07,50579.7,159.2
2026-05-25,65158.19,50579.7,159.2
2026-05-26,64996.09,50461.68,159.2
2026-05-27,64999.41,50644.28,159.2
2026-05-28,64693.12,50668.97,159.2
2026-05-29,66329.5,50668.97,159.2
